merchant_id,category,city,years_active,credit_tier,monthly_revenue,revenue_growth_rate,revenue_consistency,refund_rate,chargeback_rate,settlement_velocity_days,customer_repeat_rate,payment_diversity_score,peak_season_ratio,failed_payment_rate,avg_transaction_value,transaction_volume_monthly,dispute_resolution_rate,late_settlement_frequency,revenue_concentration_risk,credit_score,score_trajectory,projected_score_3months,recommendation_eligible,recommendation_max_amount,recommendation_interest_rate,recommendation_tenure_months,recommendation_tier
MID_0001,Freelancer,Delhi,0.7,good,158924.44,0.1157,0.8283,0.0746,0.0059,1.8438,0.306,0.5937,1.3527,0.0519,997.0941,554.9191,0.7981,0.0576,0.3179,758,"[703, 701, 692, 716, 714, 758]",774,True,1000000,15.0,18.0,Standard
MID_0002,Pharmacy,Pune,5.0,poor,43012.87,-0.0303,0.5738,0.1692,0.0366,5.4882,0.1542,0.3896,1.0443,0.2786,132.0771,38.9293,0.4166,0.2144,0.5512,620,"[561, 561, 555, 550, 573, 620]",640,True,400000,18.5,12.0,Basic
MID_0003,EdTech,Hyderabad,1.7,good,390023.9,0.1032,0.8091,0.0642,0.0134,2.552,0.3458,0.5564,1.2577,0.0687,1027.4571,760.0368,0.8577,0.0652,0.3311,777,"[725, 720, 727, 723, 731, 777]",812,True,1000000,15.0,18.0,Standard
MID_0004,Pharmacy,Hyderabad,8.0,excellent,499769.73,0.2012,0.9619,0.0146,0.0021,1.6805,0.5991,0.7962,1.7171,0.0387,1855.9393,1195.8066,0.9725,0.0372,0.1172,851,"[783, 780, 772, 757, 771, 851]",893,True,2000000,12.5,24.0,Premium
MID_0005,Healthcare,Bangalore,4.3,excellent,533248.25,0.2183,0.916,0.016,0.0036,1.1615,0.6884,0.9306,1.9429,0.044,2852.144,401.3619,0.8972,0.0494,0.221,839,"[773, 787, 805, 829, 835, 839]",879,True,2000000,12.5,24.0,Premium
MID_0006,EdTech,Bangalore,2.5,poor,28660.07,-0.0725,0.474,0.2149,0.026,3.9351,0.1994,0.343,1.0095,0.2525,184.7029,38.5932,0.4278,0.3059,0.5506,613,"[549, 571, 590, 578, 572, 613]",636,True,400000,18.5,12.0,Basic
MID_0007,EdTech,Bangalore,5.9,poor,35589.67,-0.0684,0.4588,0.1729,0.0228,4.9769,0.1225,0.2904,1.116,0.1876,557.4188,82.8489,0.3639,0.3311,0.6761,605,"[543, 536, 539, 559, 547, 605]",650,True,400000,18.5,12.0,Basic
MID_0008,Retail,Mumbai,5.4,average,32942.68,-0.0107,0.7007,0.0789,0.0161,2.9627,0.327,0.5785,1.0494,0.1002,707.5483,280.8947,0.6835,0.1342,0.4893,730,"[675, 667, 661, 648, 663, 730]",760,True,1000000,15.0,18.0,Standard
MID_0009,Restaurant,Mumbai,4.9,average,132808.75,-0.0043,0.7422,0.0664,0.0128,3.1901,0.2948,0.4317,1.036,0.189,520.08,194.575,0.6553,0.1503,0.4667,725,"[706, 701, 702, 714, 711, 725]",739,True,1000000,15.0,18.0,Standard
MID_0010,Restaurant,Ahmedabad,5.2,average,42364.66,0.0338,0.6512,0.0706,0.0152,2.1376,0.2215,0.4427,1.1315,0.1543,593.2723,295.8019,0.6872,0.1635,0.4836,723,"[717, 712, 733, 748, 739, 723]",746,True,1000000,15.0,18.0,Standard
MID_0011,Travel,Pune,2.0,average,57486.37,0.0289,0.7311,0.1277,0.0114,2.8472,0.227,0.3808,1.2313,0.1637,540.5418,232.72,0.6438,0.1513,0.3519,722,"[655, 673, 681, 672, 662, 722]",734,True,1000000,15.0,18.0,Standard
MID_0012,Auto Parts,Pune,2.1,good,118353.24,0.1214,0.8615,0.0503,0.0112,1.3091,0.486,0.7229,1.5881,0.1068,2703.5405,117.3505,0.8326,0.0666,0.3862,801,"[728, 745, 734, 754, 773, 801]",840,True,2000000,12.5,24.0,Premium
MID_0013,Pharmacy,Chennai,6.7,poor,21107.82,-0.0142,0.4416,0.1562,0.0221,5.32,0.1221,0.3121,1.0699,0.2981,331.8049,17.8981,0.5517,0.247,0.6277,613,"[556, 572, 575, 599, 589, 613]",635,True,400000,18.5,12.0,Basic
MID_0014,Grocery,Mumbai,5.8,excellent,739886.55,0.1577,0.9435,0.0323,0.0057,1.3642,0.4675,0.8661,1.5311,0.0326,4361.6642,1495.5577,0.889,0.0224,0.1613,820,"[794, 817, 829, 850, 860, 820]",865,True,2000000,12.5,24.0,Premium
MID_0015,Food Delivery,Mumbai,2.8,good,317382.68,0.0989,0.7716,0.0521,0.0118,2.0223,0.4587,0.742,1.468,0.0961,1209.466,564.6977,0.8115,0.0475,0.3904,770,"[693, 679, 704, 713, 729, 770]",792,True,1000000,15.0,18.0,Standard
MID_0016,Travel,Kolkata,4.2,good,312571.98,0.0207,0.8402,0.0685,0.0061,1.8503,0.3352,0.7416,1.359,0.0535,1122.9957,693.8354,0.7822,0.1041,0.3335,774,"[718, 727, 741, 746, 764, 774]",794,True,1000000,15.0,18.0,Standard
MID_0017,Travel,Ahmedabad,3.9,poor,50969.03,-0.0639,0.5289,0.183,0.0272,4.3196,0.1656,0.2516,0.984,0.305,156.4044,30.8372,0.4381,0.2275,0.5471,620,"[560, 578, 578, 594, 617, 620]",654,True,400000,18.5,12.0,Basic
MID_0018,Gym,Mumbai,7.6,good,218542.98,0.1359,0.8537,0.0569,0.0123,2.5997,0.4796,0.6476,1.2365,0.084,1472.143,568.2115,0.8437,0.0979,0.3681,795,"[764, 773, 784, 773, 775, 795]",816,True,1000000,15.0,18.0,Standard
MID_0019,Restaurant,Chennai,3.3,good,197869.72,0.119,0.7807,0.0676,0.0133,1.5045,0.3164,0.5539,1.3697,0.12,1374.9009,555.1009,0.8406,0.0921,0.3508,751,"[721, 711, 723, 730, 724, 751]",784,True,1000000,15.0,18.0,Standard
MID_0020,Electronics,Surat,5.1,poor,14737.88,0.0065,0.5719,0.1341,0.0208,3.9359,0.1613,0.4108,0.9992,0.2801,153.1975,87.5145,0.4943,0.2183,0.6699,656,"[653, 669, 668, 670, 670, 656]",687,True,400000,18.5,12.0,Basic
MID_0021,Restaurant,Kolkata,6.7,excellent,815496.74,0.1771,0.9577,0.0312,0.004,1.7338,0.6914,0.7675,1.8657,0.0415,2830.6895,984.0341,0.945,0.0207,0.2278,826,"[748, 751, 761, 761, 747, 826]",847,True,2000000,12.5,24.0,Premium
MID_0022,Gym,Hyderabad,3.2,good,166898.22,0.0975,0.8608,0.0578,0.0102,1.3821,0.3483,0.6313,1.3776,0.0668,1690.2328,598.2897,0.7807,0.0414,0.2588,771,"[711, 718, 717, 742, 749, 771]",810,True,1000000,15.0,18.0,Standard
MID_0023,Grocery,Chennai,2.4,excellent,253788.34,0.0739,0.9197,0.0329,0.0023,1.2164,0.571,0.8811,1.9836,0.041,1988.5946,380.947,0.8752,0.0191,0.1269,828,"[816, 823, 836, 826, 845, 828]",838,True,2000000,12.5,24.0,Premium
MID_0024,SaaS,Chennai,4.0,average,53010.31,-0.0149,0.7382,0.0982,0.0223,2.8014,0.1926,0.5185,1.0161,0.1149,931.6915,118.9972,0.719,0.1142,0.5029,718,"[690, 693, 696, 715, 740, 718]",731,True,1000000,15.0,18.0,Standard
MID_0025,SaaS,Delhi,7.6,good,154322.1,0.1059,0.7451,0.0387,0.0058,1.0054,0.3901,0.6688,1.2456,0.0662,2267.3896,592.0913,0.7817,0.095,0.3848,779,"[742, 744, 750, 761, 783, 779]",793,True,1000000,15.0,18.0,Standard
MID_0026,Restaurant,Bangalore,6.4,average,132503.81,0.0721,0.6378,0.0975,0.0146,2.805,0.2263,0.4988,1.1313,0.1598,1356.2498,230.9788,0.6526,0.1031,0.3958,724,"[655, 670, 688, 696, 712, 724]",767,True,1000000,15.0,18.0,Standard
MID_0027,Freelancer,Ahmedabad,7.4,good,259372.59,0.1025,0.7987,0.0346,0.0085,1.6666,0.434,0.7215,1.2649,0.0986,1220.5445,761.6355,0.8464,0.084,0.291,779,"[702, 708, 732, 743, 750, 779]",801,True,1000000,15.0,18.0,Standard
MID_0028,EdTech,Pune,5.2,average,87581.24,-0.0148,0.6034,0.0705,0.0143,3.7617,0.2624,0.3864,1.189,0.1799,1122.7177,120.795,0.5523,0.149,0.3949,677,"[611, 602, 625, 621, 634, 677]",717,True,400000,18.5,12.0,Basic
MID_0029,Gym,Hyderabad,3.9,excellent,289903.73,0.1699,0.947,0.0141,0.0015,1.7727,0.6636,0.785,1.8514,0.0307,810.7741,1506.8918,0.9589,0.0332,0.199,839,"[788, 804, 804, 826, 846, 839]",864,True,2000000,12.5,24.0,Premium
MID_0030,SaaS,Kolkata,2.3,poor,10312.3,-0.0032,0.5122,0.2255,0.0316,4.9911,0.1785,0.4158,1.0238,0.1852,451.6038,76.9689,0.55,0.3574,0.5969,634,"[572, 583, 574, 578, 602, 634]",669,True,400000,18.5,12.0,Basic
MID_0031,Freelancer,Delhi,6.9,poor,55826.53,-0.0506,0.4228,0.2134,0.0428,5.6171,0.0843,0.2151,1.0578,0.3089,798.1981,93.4105,0.4498,0.2177,0.6394,587,"[546, 533, 550, 547, 547, 587]",630,True,100000,24.0,6.0,Micro
MID_0032,Salon,Surat,5.6,good,145712.1,0.0992,0.7812,0.0642,0.01,2.1663,0.3464,0.6776,1.3298,0.0967,2747.2713,425.6773,0.7518,0.0837,0.2148,782,"[768, 780, 783, 781, 805, 782]",798,True,1000000,15.0,18.0,Standard
MID_0033,Clothing,Kolkata,4.8,average,145599.47,0.0095,0.7456,0.1127,0.0141,3.1319,0.2966,0.5438,1.0147,0.1606,845.7455,275.0804,0.5987,0.1959,0.4714,716,"[671, 685, 696, 715, 725, 716]",728,True,1000000,15.0,18.0,Standard
MID_0034,Grocery,Ahmedabad,0.8,good,129285.0,0.1383,0.7723,0.0508,0.007,2.573,0.4753,0.6232,1.3509,0.0691,911.3611,739.8343,0.87,0.1174,0.259,791,"[731, 746, 740, 752, 764, 791]",836,True,1000000,15.0,18.0,Standard
MID_0035,Pharmacy,Delhi,6.4,excellent,524616.8,0.141,0.9375,0.0302,0.0051,1.8224,0.6851,0.7271,1.4637,0.021,4513.7863,1210.5333,0.969,0.0189,0.1095,849,"[812, 803, 826, 823, 828, 849]",893,True,2000000,12.5,24.0,Premium
MID_0036,Electronics,Kolkata,3.9,average,111537.19,0.0746,0.6338,0.1194,0.0123,2.8298,0.1968,0.4877,1.1224,0.1952,242.5312,136.3378,0.6254,0.2141,0.5211,705,"[676, 676, 677, 669, 659, 705]",744,True,1000000,15.0,18.0,Standard
MID_0037,Retail,Hyderabad,5.3,average,30711.7,0.0587,0.5987,0.0701,0.0185,2.1372,0.3101,0.4256,1.0648,0.187,627.1274,78.3641,0.7031,0.1003,0.5217,699,"[656, 667, 653, 639, 656, 699]",729,True,400000,18.5,12.0,Basic
MID_0038,Restaurant,Bangalore,2.5,excellent,457418.52,0.0727,0.8583,0.0234,0.0035,1.5937,0.563,0.7554,1.7306,0.0491,4616.7571,1386.0255,0.8892,0.0357,0.1047,824,"[768, 781, 784, 805, 803, 824]",842,True,2000000,12.5,24.0,Premium
MID_0039,Grocery,Surat,5.2,average,68508.72,0.0795,0.6561,0.0963,0.0191,2.1984,0.2993,0.5676,1.1953,0.1769,1137.0919,95.906,0.6268,0.1274,0.4178,716,"[692, 704, 704, 695, 717, 716]",731,True,1000000,15.0,18.0,Standard
MID_0040,Retail,Kolkata,1.2,poor,47904.17,-0.0277,0.4849,0.193,0.0299,3.3667,0.1224,0.3464,1.0876,0.3015,604.7425,116.6819,0.4881,0.2633,0.6271,632,"[588, 607, 606, 622, 630, 632]",677,True,400000,18.5,12.0,Basic
MID_0041,Healthcare,Surat,5.1,average,34455.85,0.0729,0.7159,0.0814,0.0127,3.4054,0.2325,0.4548,1.0018,0.187,936.2174,144.2039,0.5741,0.176,0.3561,702,"[655, 655, 669, 685, 693, 702]",715,True,1000000,15.0,18.0,Standard
MID_0042,Electronics,Bangalore,6.2,excellent,188565.32,0.1386,0.9051,0.0282,0.0039,1.2156,0.5781,0.7863,1.3776,0.0471,3291.1639,1148.4814,0.8901,0.0188,0.2477,815,"[754, 770, 766, 756, 761, 815]",833,True,2000000,12.5,24.0,Premium
MID_0043,Salon,Jaipur,5.8,average,136270.13,0.0606,0.5644,0.1289,0.0106,2.0375,0.3366,0.5697,1.1727,0.1573,1122.3487,148.6004,0.5696,0.1025,0.415,719,"[671, 659, 678, 673, 681, 719]",754,True,1000000,15.0,18.0,Standard
MID_0044,Food Delivery,Chennai,6.1,good,306942.73,0.0299,0.8213,0.0565,0.0069,2.5525,0.3702,0.7416,1.4227,0.0603,757.0113,279.1778,0.7312,0.0522,0.3518,781,"[727, 734, 743, 755, 775, 781]",811,True,1000000,15.0,18.0,Standard
MID_0045,Food Delivery,Pune,1.6,excellent,441236.82,0.1106,0.8857,0.0117,0.0046,1.3104,0.563,0.7142,1.8822,0.0231,4429.8501,1739.5281,0.93,0.0303,0.1694,829,"[758, 776, 787, 785, 789, 829]",842,True,2000000,12.5,24.0,Premium
MID_0046,Gym,Delhi,6.6,poor,57520.92,-0.089,0.4986,0.1251,0.0412,5.973,0.1429,0.3342,0.991,0.3085,371.1916,96.3188,0.5061,0.2094,0.6388,605,"[552, 547, 566, 590, 599, 605]",620,True,400000,18.5,12.0,Basic
MID_0047,SaaS,Bangalore,7.4,good,290331.29,0.1061,0.7406,0.0654,0.0058,2.1178,0.4287,0.6157,1.1639,0.0992,2867.7716,798.0149,0.8642,0.0475,0.3341,759,"[744, 742, 758, 751, 776, 759]",787,True,1000000,15.0,18.0,Standard
MID_0048,Food Delivery,Delhi,4.3,average,127550.99,0.0327,0.6824,0.1301,0.0193,3.1945,0.2062,0.4198,1.2079,0.1625,1373.4528,227.5076,0.5574,0.1437,0.4939,694,"[645, 640, 634, 658, 674, 694]",716,True,400000,18.5,12.0,Basic
MID_0049,Pharmacy,Surat,7.9,average,66499.04,0.0182,0.6555,0.1373,0.0223,3.6025,0.2035,0.435,1.1924,0.1874,920.903,66.6733,0.6938,0.2021,0.407,683,"[600, 602, 625, 619, 622, 683]",694,True,400000,18.5,12.0,Basic
MID_0050,Salon,Mumbai,3.5,good,216792.63,0.0306,0.7559,0.0459,0.006,2.4294,0.3671,0.5792,1.1192,0.1142,1681.1373,681.7773,0.8366,0.0775,0.3231,745,"[703, 726, 735, 737, 753, 745]",762,True,1000000,15.0,18.0,Standard
MID_0051,Restaurant,Hyderabad,3.6,poor,29572.34,-0.0856,0.5582,0.1976,0.0205,4.5461,0.109,0.2316,1.0073,0.2661,268.395,58.7396,0.5028,0.2154,0.7144,626,"[600, 607, 608, 612, 622, 626]",652,True,400000,18.5,12.0,Basic
MID_0052,Travel,Mumbai,3.2,excellent,317334.71,0.1814,0.8635,0.0275,0.0063,1.1334,0.5381,0.7846,1.75,0.0532,3675.6668,1965.4745,0.9122,0.0173,0.1202,838,"[809, 825, 846, 844, 841, 838]",882,True,2000000,12.5,24.0,Premium
MID_0053,Gym,Chennai,0.8,average,61932.09,0.0662,0.5596,0.1125,0.0141,3.5987,0.2543,0.468,1.1319,0.1956,640.7476,88.5725,0.6677,0.1441,0.5095,683,"[640, 665, 657, 654, 643, 683]",711,True,400000,18.5,12.0,Basic
MID_0054,Grocery,Ahmedabad,5.0,average,106326.27,0.0152,0.5585,0.1296,0.0153,3.9963,0.2267,0.5956,1.2844,0.1075,1028.7663,134.4609,0.6862,0.1815,0.5406,699,"[619, 606, 622, 622, 622, 699]",718,True,400000,18.5,12.0,Basic
MID_0055,Freelancer,Ahmedabad,7.6,good,313064.92,0.0946,0.8047,0.0499,0.0115,1.4992,0.3227,0.6971,1.3495,0.0771,1904.1818,283.2437,0.7469,0.0757,0.3993,779,"[719, 739, 742, 763, 765, 779]",809,True,1000000,15.0,18.0,Standard
MID_0056,Freelancer,Pune,5.8,average,69854.7,0.01,0.5815,0.1168,0.0205,2.3482,0.2415,0.4293,1.2955,0.1792,507.757,168.4457,0.6114,0.1687,0.4435,679,"[594, 595, 608, 612, 614, 679]",693,True,400000,18.5,12.0,Basic
MID_0057,Electronics,Pune,5.3,average,108863.34,0.0145,0.7256,0.1224,0.0196,2.3639,0.3443,0.4752,1.2732,0.1055,361.4095,79.784,0.578,0.1387,0.4919,726,"[671, 666, 677, 684, 674, 726]",770,True,1000000,15.0,18.0,Standard
MID_0058,Retail,Jaipur,5.3,average,92186.39,-0.0029,0.6749,0.1322,0.0151,3.8479,0.187,0.57,1.0244,0.1949,1202.3291,108.8105,0.5858,0.1687,0.4736,704,"[662, 659, 654, 671, 672, 704]",717,True,1000000,15.0,18.0,Standard
MID_0059,Electronics,Ahmedabad,3.6,average,75870.07,-0.0056,0.7223,0.0855,0.0248,2.6907,0.2478,0.5473,1.1545,0.1106,514.2592,71.8557,0.6264,0.1169,0.3601,723,"[701, 723, 740, 762, 776, 723]",743,True,1000000,15.0,18.0,Standard
MID_0060,Gym,Jaipur,4.0,poor,32587.14,-0.0883,0.4404,0.1794,0.0272,4.75,0.0858,0.2619,1.0494,0.298,570.7644,45.0036,0.3519,0.2193,0.5295,602,"[545, 532, 539, 539, 535, 602]",640,True,400000,18.5,12.0,Basic
MID_0061,Healthcare,Jaipur,2.6,bad,17527.71,-0.2227,0.3938,0.2985,0.0877,6.0345,0.0951,0.2083,0.7597,0.392,225.0273,7.0387,0.1815,0.4499,0.7684,502,"[449, 459, 450, 475, 489, 502]",533,True,100000,24.0,6.0,Micro
MID_0062,EdTech,Jaipur,4.5,poor,24424.73,0.006,0.4347,0.2076,0.0494,4.7511,0.1756,0.3596,1.072,0.1837,432.2131,116.5424,0.5301,0.3397,0.6271,617,"[597, 607, 625, 616, 629, 617]",634,True,400000,18.5,12.0,Basic
MID_0063,Clothing,Mumbai,3.8,average,79976.88,0.0004,0.6504,0.1089,0.0171,3.6968,0.3037,0.5353,1.1556,0.1561,1497.5597,164.3765,0.6141,0.2148,0.4419,702,"[661, 673, 691, 686, 690, 702]",729,True,1000000,15.0,18.0,Standard
MID_0064,EdTech,Chennai,2.2,bad,9276.23,-0.1835,0.2018,0.3762,0.059,6.0928,0.0947,0.2152,0.782,0.3068,286.8178,22.0862,0.3754,0.5955,0.8887,502,"[478, 477, 480, 475, 479, 502]",546,True,100000,24.0,6.0,Micro
MID_0065,Grocery,Jaipur,5.7,excellent,588486.13,0.1674,0.8815,0.0301,0.0047,1.6379,0.4631,0.8033,1.8022,0.024,4037.2174,209.3266,0.9215,0.0472,0.161,831,"[775, 799, 797, 808, 829, 831]",855,True,2000000,12.5,24.0,Premium
MID_0066,EdTech,Mumbai,7.3,good,390671.95,0.0429,0.8671,0.0799,0.009,1.9908,0.4873,0.7424,1.563,0.1114,523.1679,497.5733,0.7193,0.1186,0.2569,778,"[751, 770, 774, 766, 756, 778]",817,True,1000000,15.0,18.0,Standard
MID_0067,Freelancer,Chennai,5.9,excellent,362246.86,0.109,0.9377,0.0158,0.0053,1.6387,0.5514,0.8069,1.5295,0.036,1200.6174,1967.0333,0.9121,0.0474,0.101,824,"[786, 794, 802, 798, 797, 824]",841,True,2000000,12.5,24.0,Premium
MID_0068,Gym,Chennai,1.7,average,146569.19,0.0688,0.704,0.1152,0.0196,3.8813,0.2425,0.4286,1.2872,0.1478,791.4723,297.0979,0.6135,0.1842,0.5326,706,"[652, 664, 673, 689, 695, 706]",739,True,1000000,15.0,18.0,Standard
MID_0069,Retail,Surat,1.3,poor,55467.13,-0.0737,0.4734,0.1414,0.0456,4.3255,0.1616,0.3577,1.0222,0.3058,411.8379,20.8418,0.3803,0.2748,0.6241,611,"[558, 554, 539, 532, 520, 611]",625,True,400000,18.5,12.0,Basic
MID_0070,EdTech,Mumbai,7.5,excellent,761713.88,0.0563,0.9032,0.0331,0.0064,1.9783,0.6115,0.8051,1.995,0.0353,4452.4052,1832.1812,0.8988,0.0373,0.1993,820,"[771, 778, 784, 798, 792, 820]",831,True,2000000,12.5,24.0,Premium
MID_0071,Grocery,Ahmedabad,5.6,average,86829.56,0.0623,0.5995,0.0877,0.0141,3.8748,0.3033,0.4048,1.2428,0.1419,1195.8695,269.7767,0.5527,0.1247,0.3702,704,"[629, 643, 644, 639, 633, 704]",717,True,1000000,15.0,18.0,Standard
MID_0072,Electronics,Jaipur,8.0,good,383921.92,0.0949,0.8124,0.0686,0.0132,1.4738,0.4753,0.7471,1.3606,0.0789,1187.8848,489.7027,0.8065,0.0988,0.235,786,"[762, 773, 773, 779, 792, 786]",815,True,1000000,15.0,18.0,Standard
MID_0073,Salon,Bangalore,6.2,average,136661.3,0.0101,0.6915,0.1245,0.0237,3.1248,0.3445,0.5026,1.0402,0.1243,464.3378,208.1435,0.7068,0.2017,0.3685,702,"[678, 687, 707, 699, 715, 702]",747,True,1000000,15.0,18.0,Standard
MID_0074,Clothing,Ahmedabad,2.1,bad,9186.85,-0.0409,0.203,0.2475,0.0845,8.4813,0.0803,0.2355,0.9087,0.4348,188.8212,15.7699,0.224,0.4349,0.7666,489,"[468, 471, 488, 502, 518, 489]",512,False,0,,,Ineligible
MID_0075,Pharmacy,Pune,3.6,average,60774.07,-0.0054,0.6022,0.1348,0.0187,2.8352,0.2059,0.4526,1.114,0.1833,849.0919,210.1981,0.6664,0.1309,0.5143,693,"[635, 652, 644, 658, 662, 693]",737,True,400000,18.5,12.0,Basic
MID_0076,Freelancer,Mumbai,4.4,poor,10945.83,0.0063,0.3612,0.1208,0.0241,4.8921,0.0882,0.2332,0.9547,0.2438,142.3151,81.9615,0.5648,0.3643,0.645,619,"[560, 574, 580, 577, 582, 619]",656,True,400000,18.5,12.0,Basic
MID_0077,Healthcare,Bangalore,1.3,excellent,257033.2,0.0884,0.9184,0.0345,0.0029,1.3969,0.5433,0.8015,1.6955,0.0596,1748.6005,1431.2749,0.9602,0.0361,0.2287,809,"[773, 761, 746, 738, 743, 809]",840,True,2000000,12.5,24.0,Premium
MID_0078,SaaS,Delhi,7.2,bad,7658.41,-0.0427,0.3231,0.3417,0.0563,9.545,0.0748,0.1277,0.8629,0.4248,112.7741,43.2692,0.1536,0.4121,0.686,518,"[439, 447, 454, 473, 486, 518]",552,True,100000,24.0,6.0,Micro
MID_0079,Healthcare,Bangalore,6.4,average,39745.77,0.0545,0.6192,0.0678,0.0135,2.152,0.2829,0.5151,1.1787,0.1969,624.2896,204.872,0.6832,0.1541,0.3956,714,"[691, 691, 707, 704, 699, 714]",741,True,1000000,15.0,18.0,Standard
MID_0080,Electronics,Kolkata,5.8,average,120621.6,0.0117,0.5713,0.0604,0.0146,2.7198,0.2259,0.4092,1.0562,0.1449,921.162,146.0915,0.5545,0.1425,0.3686,691,"[645, 645, 633, 655, 676, 691]",734,True,400000,18.5,12.0,Basic
MID_0081,Electronics,Kolkata,1.8,good,174957.42,0.039,0.7468,0.0438,0.008,2.5653,0.3722,0.7388,1.4604,0.0847,2041.672,420.5031,0.7244,0.0405,0.2791,760,"[691, 693, 711, 722, 731, 760]",782,True,1000000,15.0,18.0,Standard
MID_0082,Gym,Pune,1.8,good,188745.02,0.1155,0.8213,0.0784,0.0128,1.6518,0.3561,0.7072,1.2825,0.1152,999.5001,798.0854,0.7324,0.1014,0.2054,784,"[768, 787, 774, 793, 810, 784]",802,True,1000000,15.0,18.0,Standard
MID_0083,Freelancer,Chennai,2.3,average,108137.03,0.0589,0.5648,0.1393,0.0172,2.8016,0.2661,0.5825,1.2075,0.1544,1227.9372,133.4777,0.7022,0.1644,0.4776,714,"[654, 665, 651, 676, 688, 714]",745,True,1000000,15.0,18.0,Standard
MID_0084,Healthcare,Kolkata,1.3,excellent,309901.83,0.1994,0.9225,0.0306,0.0025,1.3741,0.5658,0.8699,1.7833,0.026,4990.3514,1068.988,0.8884,0.0468,0.1129,845,"[803, 819, 825, 824, 813, 845]",883,True,2000000,12.5,24.0,Premium
MID_0085,Pharmacy,Delhi,2.8,poor,13832.58,0.0104,0.499,0.208,0.0249,5.9517,0.1093,0.2384,0.94,0.2584,770.9238,39.3448,0.4432,0.2332,0.6409,604,"[540, 549, 549, 562, 556, 604]",618,True,400000,18.5,12.0,Basic
MID_0086,SaaS,Delhi,6.5,average,78845.34,-0.0003,0.5728,0.1137,0.0173,3.9318,0.2333,0.4655,1.1178,0.1114,657.5804,159.0438,0.5793,0.1808,0.5101,687,"[624, 619, 608, 608, 599, 687]",705,True,400000,18.5,12.0,Basic
MID_0087,SaaS,Kolkata,3.7,average,96799.57,0.0719,0.7361,0.0739,0.0125,2.5777,0.2118,0.5652,1.1858,0.1866,1437.3945,165.9983,0.5832,0.1461,0.4623,716,"[680, 683, 674, 682, 699, 716]",728,True,1000000,15.0,18.0,Standard
MID_0088,Grocery,Hyderabad,4.5,good,238296.31,0.1165,0.8425,0.0575,0.0061,1.2284,0.455,0.7147,1.2834,0.1076,604.0263,603.2862,0.7983,0.1192,0.2205,798,"[785, 788, 787, 805, 807, 798]",823,True,1000000,15.0,18.0,Standard
MID_0089,Clothing,Surat,5.7,poor,42277.55,-0.0443,0.4917,0.222,0.0444,5.4163,0.1484,0.3171,1.0492,0.2036,785.3001,45.7266,0.4817,0.3714,0.6132,616,"[603, 604, 592, 588, 599, 616]",634,True,400000,18.5,12.0,Basic
MID_0090,Clothing,Bangalore,5.8,poor,46281.35,-0.0121,0.4626,0.1951,0.0281,4.2427,0.1342,0.3394,1.12,0.193,460.9294,44.2137,0.5654,0.2664,0.7091,617,"[565, 579, 582, 594, 593, 617]",661,True,400000,18.5,12.0,Basic
MID_0091,Salon,Hyderabad,7.8,poor,33490.55,-0.058,0.4152,0.1912,0.0239,5.5573,0.1746,0.3967,1.0906,0.1864,538.3257,102.8537,0.3537,0.3673,0.5348,632,"[611, 633, 653, 650, 670, 632]",647,True,400000,18.5,12.0,Basic
MID_0092,Freelancer,Pune,2.4,good,387949.17,0.0415,0.7834,0.0453,0.012,1.4683,0.4311,0.6907,1.1005,0.0834,831.7495,258.3336,0.8224,0.0407,0.3391,788,"[733, 721, 721, 735, 724, 788]",817,True,1000000,15.0,18.0,Standard
MID_0093,Electronics,Kolkata,6.3,poor,15526.39,0.0291,0.3829,0.189,0.0203,4.9501,0.1328,0.3589,1.057,0.2012,388.1969,87.0894,0.5478,0.2156,0.5221,642,"[622, 620, 611, 607, 595, 642]",670,True,400000,18.5,12.0,Basic
MID_0094,Healthcare,Mumbai,6.9,average,70793.9,0.0318,0.6519,0.1198,0.0144,2.1091,0.3326,0.59,1.1485,0.1113,849.4573,194.4217,0.6398,0.2173,0.5474,706,"[642, 642, 654, 670, 693, 706]",717,True,1000000,15.0,18.0,Standard
MID_0095,SaaS,Delhi,0.6,good,354535.57,0.1433,0.7837,0.0443,0.0121,2.5342,0.3847,0.6305,1.4203,0.0876,881.7011,158.518,0.7142,0.1137,0.3949,756,"[716, 727, 738, 735, 738, 756]",781,True,1000000,15.0,18.0,Standard
MID_0096,Restaurant,Hyderabad,1.1,average,88201.13,0.0409,0.6119,0.1193,0.0211,2.2389,0.3003,0.5343,1.0491,0.1953,879.907,243.5766,0.6725,0.12,0.3754,703,"[646, 632, 649, 645, 633, 703]",717,True,1000000,15.0,18.0,Standard
MID_0097,Gym,Ahmedabad,4.3,excellent,760774.42,0.0834,0.8705,0.0332,0.0073,1.6741,0.4788,0.8852,1.3018,0.0543,851.6099,282.7668,0.8973,0.0468,0.1268,798,"[743, 755, 749, 744, 765, 798]",812,True,1000000,15.0,18.0,Standard
MID_0098,SaaS,Pune,1.4,average,34824.73,0.0023,0.6532,0.0637,0.016,3.754,0.3272,0.5502,1.0932,0.1086,793.77,135.919,0.5996,0.1941,0.4979,703,"[650, 666, 680, 687, 704, 703]",739,True,1000000,15.0,18.0,Standard
MID_0099,Restaurant,Hyderabad,4.6,average,108351.07,-0.019,0.617,0.1207,0.0156,3.4762,0.2323,0.4251,1.2949,0.142,1449.5406,292.8654,0.5742,0.1336,0.3588,702,"[678, 681, 696, 705, 710, 702]",737,True,1000000,15.0,18.0,Standard
MID_0100,Retail,Surat,4.8,average,144914.84,0.0037,0.6022,0.0852,0.022,3.4015,0.305,0.45,1.0816,0.1075,463.5264,242.7836,0.6494,0.1186,0.3829,699,"[670, 664, 661, 657, 646, 699]",728,True,400000,18.5,12.0,Basic
MID_0101,Food Delivery,Surat,0.8,poor,23601.83,-0.0881,0.4071,0.1662,0.0354,5.0316,0.1112,0.4179,0.9078,0.2366,416.5408,93.5482,0.4075,0.2832,0.6769,591,"[545, 536, 554, 554, 564, 591]",617,True,100000,24.0,6.0,Micro
MID_0102,Auto Parts,Delhi,0.7,excellent,702999.01,0.1387,0.8667,0.0372,0.0068,1.3315,0.4607,0.8152,1.4176,0.043,4251.0787,910.9976,0.8538,0.0373,0.1259,803,"[787, 773, 783, 778, 774, 803]",848,True,2000000,12.5,24.0,Premium
MID_0103,Gym,Mumbai,1.2,good,197915.77,0.1035,0.8476,0.0425,0.0149,2.0873,0.3039,0.6265,1.4567,0.0836,2453.5878,340.8239,0.8018,0.0657,0.2541,772,"[768, 764, 781, 785, 784, 772]",796,True,1000000,15.0,18.0,Standard
MID_0104,Electronics,Delhi,2.4,good,254454.6,0.1229,0.8379,0.0682,0.0145,2.1514,0.4965,0.6277,1.5676,0.1194,934.2801,265.5858,0.7572,0.099,0.2718,780,"[747, 737, 760, 779, 796, 780]",824,True,1000000,15.0,18.0,Standard
MID_0105,Grocery,Bangalore,4.2,excellent,317903.08,0.0938,0.9184,0.01,0.0074,1.2015,0.4826,0.8792,1.9431,0.0538,2159.073,239.4432,0.9263,0.0467,0.2162,830,"[752, 775, 776, 765, 762, 830]",850,True,2000000,12.5,24.0,Premium
MID_0106,Travel,Kolkata,6.4,bad,16637.5,-0.2099,0.3922,0.3734,0.0957,8.722,0.0379,0.1801,0.7526,0.3475,290.9745,10.7307,0.3176,0.6346,0.8872,485,"[393, 402, 424, 448, 442, 485]",526,False,0,,,Ineligible
MID_0107,Electronics,Pune,6.1,good,409037.07,0.0418,0.8617,0.0344,0.0121,2.2782,0.4773,0.6393,1.2326,0.0675,669.487,279.6606,0.7194,0.0401,0.2772,789,"[721, 721, 728, 717, 721, 789]",813,True,1000000,15.0,18.0,Standard
MID_0108,Electronics,Ahmedabad,1.1,poor,22084.47,-0.0586,0.5689,0.1296,0.0251,4.1264,0.1678,0.3204,1.1245,0.193,515.8214,79.4327,0.461,0.2056,0.7073,654,"[614, 607, 599, 612, 626, 654]",680,True,400000,18.5,12.0,Basic
MID_0109,Freelancer,Chennai,2.7,excellent,423864.06,0.1599,0.9138,0.0116,0.001,1.0876,0.656,0.8563,1.6362,0.0239,1669.2025,1348.7432,0.977,0.0289,0.1173,847,"[769, 780, 780, 780, 780, 847]",859,True,2000000,12.5,24.0,Premium
MID_0110,Grocery,Ahmedabad,4.0,good,165271.42,0.028,0.8404,0.0634,0.0059,1.6876,0.4083,0.7441,1.3949,0.0888,2601.9929,672.8837,0.7754,0.0828,0.3734,786,"[726, 747, 760, 765, 786, 786]",805,True,1000000,15.0,18.0,Standard
MID_0111,Retail,Ahmedabad,1.8,bad,23682.11,-0.0641,0.1815,0.3058,0.0993,6.6124,0.0998,0.1866,0.9502,0.3367,368.7816,46.1378,0.1654,0.4664,0.7493,478,"[450, 467, 477, 483, 485, 478]",497,False,0,,,Ineligible
MID_0112,SaaS,Surat,4.9,bad,4237.0,-0.2257,0.3449,0.3964,0.092,9.2808,0.0902,0.1249,0.8964,0.4058,215.5663,12.749,0.2427,0.5355,0.8202,460,"[400, 387, 391, 387, 387, 460]",489,False,0,,,Ineligible
MID_0113,Grocery,Chennai,6.8,poor,42732.45,0.0264,0.4024,0.1591,0.0423,5.3221,0.1185,0.3603,1.0512,0.1925,409.2016,110.9104,0.4436,0.2872,0.6136,600,"[520, 534, 535, 551, 557, 600]",621,True,400000,18.5,12.0,Basic
MID_0114,Clothing,Hyderabad,6.8,good,213892.8,0.1393,0.8327,0.0437,0.0132,2.0103,0.4271,0.5748,1.1153,0.0761,1985.109,224.3086,0.8567,0.087,0.27,792,"[740, 736, 736, 728, 736, 792]",816,True,1000000,15.0,18.0,Standard
MID_0115,Freelancer,Hyderabad,5.6,good,206871.28,0.0226,0.8448,0.0684,0.0051,2.823,0.4295,0.6702,1.1042,0.0677,2512.7139,313.8218,0.8741,0.0914,0.2848,772,"[741, 753, 771, 771, 761, 772]",805,True,1000000,15.0,18.0,Standard
MID_0116,EdTech,Surat,5.1,good,117536.77,0.0283,0.8781,0.062,0.0136,1.5223,0.4422,0.7285,1.2494,0.0605,2413.686,729.7809,0.845,0.1042,0.32,786,"[734, 759, 754, 756, 756, 786]",808,True,1000000,15.0,18.0,Standard
MID_0117,Pharmacy,Hyderabad,5.6,average,89240.13,0.0741,0.6217,0.084,0.0125,3.3152,0.2749,0.4446,1.1412,0.1741,1142.7426,185.3482,0.7051,0.2136,0.5299,698,"[684, 686, 707, 707, 715, 698]",715,True,400000,18.5,12.0,Basic
MID_0118,Gym,Mumbai,7.0,average,139105.68,-0.0129,0.7279,0.1,0.023,2.7633,0.2307,0.3919,1.2563,0.1137,460.3856,146.3899,0.6468,0.2088,0.4415,705,"[643, 653, 645, 655, 641, 705]",725,True,1000000,15.0,18.0,Standard
MID_0119,SaaS,Bangalore,4.2,poor,12072.66,-0.0201,0.4957,0.1724,0.049,4.1499,0.0845,0.2439,0.9933,0.182,325.5492,102.489,0.3938,0.3218,0.6379,610,"[559, 560, 568, 560, 578, 610]",638,True,400000,18.5,12.0,Basic
MID_0120,Gym,Jaipur,5.0,good,356378.74,0.1494,0.7748,0.0751,0.0086,1.3769,0.4896,0.7336,1.3017,0.066,2317.9221,191.844,0.8321,0.0872,0.2338,796,"[794, 789, 795, 782, 807, 796]",807,True,1000000,15.0,18.0,Standard
MID_0121,Restaurant,Delhi,3.6,good,239374.02,0.0817,0.7445,0.0648,0.0113,1.6022,0.4323,0.6825,1.235,0.0924,842.9088,681.4569,0.7189,0.0975,0.2235,756,"[717, 713, 719, 712, 725, 756]",768,True,1000000,15.0,18.0,Standard
MID_0122,EdTech,Ahmedabad,7.3,average,84370.64,0.0035,0.5525,0.0671,0.0117,3.1483,0.264,0.5889,1.2339,0.1075,1140.6491,275.2426,0.6595,0.1548,0.5455,693,"[644, 663, 663, 675, 677, 693]",705,True,400000,18.5,12.0,Basic
MID_0123,Restaurant,Bangalore,5.5,good,182372.74,0.0769,0.8195,0.0739,0.0059,2.6299,0.3366,0.6302,1.5812,0.069,1464.2887,695.4701,0.844,0.0919,0.3594,774,"[773, 765, 766, 775, 792, 774]",795,True,1000000,15.0,18.0,Standard
MID_0124,SaaS,Kolkata,6.3,average,127613.01,0.068,0.6955,0.1313,0.0172,2.9762,0.3309,0.477,1.019,0.1655,216.0683,265.7664,0.6392,0.1892,0.4948,724,"[657, 670, 680, 682, 696, 724]",758,True,1000000,15.0,18.0,Standard
MID_0125,Electronics,Jaipur,7.2,average,31117.01,0.0734,0.6511,0.0975,0.0174,2.3308,0.3077,0.4505,1.0993,0.1278,859.0081,183.1288,0.6144,0.1981,0.3658,716,"[696, 693, 718, 732, 718, 716]",728,True,1000000,15.0,18.0,Standard
MID_0126,EdTech,Jaipur,0.5,excellent,561481.44,0.1738,0.8896,0.0253,0.0024,1.6715,0.6876,0.7908,1.338,0.0289,2708.7319,1208.2715,0.9306,0.0289,0.1986,824,"[752, 751, 769, 793, 789, 824]",840,True,2000000,12.5,24.0,Premium
MID_0127,Restaurant,Bangalore,4.2,poor,49532.15,-0.0468,0.4085,0.1455,0.0236,5.5566,0.1059,0.3814,0.9476,0.2273,630.0045,19.8825,0.4956,0.321,0.5271,622,"[572, 595, 581, 595, 602, 622]",662,True,400000,18.5,12.0,Basic
MID_0128,Auto Parts,Jaipur,6.4,bad,18785.32,-0.2101,0.3538,0.2259,0.0795,7.637,0.0457,0.2298,0.8256,0.414,292.3804,16.1707,0.2415,0.4529,0.7235,490,"[454, 460, 479, 485, 483, 490]",535,False,0,,,Ineligible
MID_0129,Freelancer,Hyderabad,2.0,average,67442.2,0.0145,0.6845,0.1385,0.0198,3.9167,0.2657,0.5327,1.0967,0.1115,657.9091,164.8962,0.647,0.1801,0.4335,713,"[695, 712, 718, 704, 695, 713]",735,True,1000000,15.0,18.0,Standard
MID_0130,Grocery,Bangalore,7.9,average,49064.22,-0.0138,0.7069,0.0763,0.0181,2.7174,0.2569,0.5155,1.2027,0.1562,491.5996,208.2511,0.6161,0.1613,0.5094,711,"[688, 690, 707, 719, 743, 711]",737,True,1000000,15.0,18.0,Standard
MID_0131,Clothing,Surat,7.0,poor,29148.92,-0.0707,0.4958,0.2122,0.031,4.7652,0.1686,0.2432,1.0812,0.2071,414.1704,118.2626,0.3671,0.3732,0.6617,594,"[553, 544, 563, 548, 552, 594]",606,True,100000,24.0,6.0,Micro
MID_0132,Electronics,Pune,5.0,poor,43004.65,0.0096,0.4193,0.2227,0.0365,3.2186,0.1649,0.3156,1.1392,0.2529,650.3808,31.7339,0.4749,0.2726,0.5769,628,"[585, 608, 618, 622, 629, 628]",638,True,400000,18.5,12.0,Basic
MID_0133,Retail,Pune,3.8,bad,14938.98,-0.1071,0.3897,0.3706,0.0593,9.4956,0.0956,0.1456,0.8621,0.3422,368.9676,41.9949,0.2362,0.5908,0.7614,519,"[493, 516, 508, 531, 537, 519]",533,True,100000,24.0,6.0,Micro
MID_0134,Clothing,Hyderabad,7.0,average,42980.62,0.0338,0.6905,0.1381,0.0216,3.2931,0.3398,0.5443,1.0461,0.1459,631.23,62.7554,0.5592,0.1953,0.4616,695,"[660, 670, 673, 658, 670, 695]",709,True,400000,18.5,12.0,Basic
MID_0135,Healthcare,Surat,0.8,poor,25727.82,-0.0346,0.4167,0.2092,0.0382,3.8446,0.1912,0.2839,1.1055,0.1843,209.4264,38.0859,0.5218,0.3434,0.6869,621,"[604, 627, 647, 658, 681, 621]",666,True,400000,18.5,12.0,Basic
MID_0136,Electronics,Delhi,0.8,average,78121.97,0.0348,0.567,0.0768,0.0211,3.4519,0.216,0.5792,1.2554,0.1142,439.1905,200.3901,0.593,0.1138,0.4842,684,"[644, 650, 661, 649, 661, 684]",706,True,400000,18.5,12.0,Basic
MID_0137,Travel,Surat,4.2,good,116113.63,0.1052,0.736,0.061,0.014,1.6356,0.3901,0.6733,1.2528,0.0909,1913.88,355.1454,0.7569,0.0743,0.201,759,"[697, 716, 706, 720, 740, 759]",791,True,1000000,15.0,18.0,Standard
MID_0138,Healthcare,Chennai,4.2,excellent,543430.31,0.0664,0.8865,0.0348,0.0072,1.1964,0.6334,0.8567,1.8092,0.0557,4368.2665,1336.9277,0.9556,0.0332,0.2154,809,"[794, 801, 812, 803, 804, 809]",837,True,2000000,12.5,24.0,Premium
MID_0139,Electronics,Ahmedabad,4.3,excellent,358091.25,0.0521,0.8811,0.0389,0.0079,1.6842,0.6393,0.7351,1.4115,0.0427,3176.4126,1769.9513,0.869,0.0393,0.2409,816,"[778, 772, 784, 789, 806, 816]",855,True,2000000,12.5,24.0,Premium
MID_0140,Auto Parts,Mumbai,0.8,average,41748.43,0.0768,0.6767,0.0819,0.0211,3.1573,0.2769,0.4629,1.1136,0.1588,1367.6946,60.2377,0.5928,0.2167,0.3946,715,"[691, 711, 697, 717, 720, 715]",757,True,1000000,15.0,18.0,Standard
MID_0141,Freelancer,Chennai,2.1,good,199971.89,0.1132,0.7389,0.0415,0.0131,2.4405,0.3963,0.6458,1.2054,0.0613,2583.4125,115.7122,0.7078,0.0859,0.2322,750,"[683, 678, 670, 694, 703, 750]",761,True,1000000,15.0,18.0,Standard
MID_0142,Auto Parts,Chennai,7.6,good,268747.35,0.0813,0.7971,0.041,0.0091,1.2854,0.4165,0.7035,1.4116,0.0858,919.3043,579.9138,0.866,0.0877,0.2138,774,"[759, 780, 793, 811, 820, 774]",786,True,1000000,15.0,18.0,Standard
MID_0143,Auto Parts,Jaipur,4.3,excellent,470059.8,0.0761,0.9285,0.0348,0.0073,1.7749,0.6123,0.8305,1.5593,0.0217,3025.2294,613.0753,0.9543,0.0416,0.1572,833,"[780, 769, 759, 764, 758, 833]",861,True,2000000,12.5,24.0,Premium
MID_0144,SaaS,Jaipur,3.6,good,295905.76,0.1226,0.8125,0.0359,0.0051,2.3091,0.4376,0.6132,1.2811,0.0608,2128.9398,277.5429,0.8539,0.0739,0.2731,791,"[727, 744, 748, 748, 755, 791]",820,True,1000000,15.0,18.0,Standard
MID_0145,SaaS,Pune,6.3,good,130229.47,0.1323,0.7391,0.0415,0.0128,2.8985,0.3201,0.6517,1.493,0.1061,2035.0634,579.1951,0.7094,0.0711,0.3272,764,"[725, 713, 709, 709, 718, 764]",799,True,1000000,15.0,18.0,Standard
MID_0146,SaaS,Jaipur,2.6,bad,3404.04,-0.0721,0.1938,0.3236,0.0406,9.1034,0.0945,0.1681,0.7584,0.4525,228.6917,36.4302,0.2915,0.5522,0.7399,527,"[498, 499, 511, 512, 505, 527]",541,True,100000,24.0,6.0,Micro
MID_0147,Auto Parts,Delhi,4.6,poor,37152.74,-0.0242,0.4299,0.226,0.0268,5.8892,0.1346,0.2889,0.9012,0.2045,454.3667,73.6562,0.4657,0.2612,0.5257,610,"[574, 569, 572, 572, 577, 610]",641,True,400000,18.5,12.0,Basic
MID_0148,Healthcare,Ahmedabad,5.6,poor,54927.98,-0.0373,0.4093,0.1697,0.0437,3.6611,0.1641,0.376,1.0031,0.2294,474.9563,88.5859,0.4106,0.2517,0.5878,611,"[550, 547, 541, 549, 541, 611]",633,True,400000,18.5,12.0,Basic
MID_0149,Gym,Hyderabad,2.3,good,160058.8,0.0498,0.8536,0.0718,0.0086,2.5579,0.324,0.5657,1.5779,0.0845,516.5592,699.9625,0.8724,0.1078,0.2742,777,"[712, 708, 700, 716, 721, 777]",795,True,1000000,15.0,18.0,Standard
MID_0150,Restaurant,Jaipur,6.5,average,95629.48,0.0302,0.6287,0.1149,0.0126,3.953,0.2987,0.4812,1.2068,0.1012,473.9781,191.0621,0.6053,0.1735,0.4019,698,"[659, 659, 664, 657, 670, 698]",733,True,400000,18.5,12.0,Basic
MID_0151,Grocery,Ahmedabad,1.8,excellent,525757.04,0.0957,0.863,0.0181,0.0027,1.4322,0.5452,0.7365,1.9714,0.026,4183.8071,517.8931,0.9149,0.0498,0.2274,821,"[751, 758, 766, 767, 780, 821]",847,True,2000000,12.5,24.0,Premium
MID_0152,Gym,Delhi,3.9,good,195116.64,0.0928,0.8691,0.0429,0.0052,1.2425,0.4735,0.7426,1.1995,0.0903,2122.8274,222.1772,0.8405,0.0684,0.3346,803,"[730, 726, 737, 727, 719, 803]",834,True,2000000,12.5,24.0,Premium
MID_0153,Salon,Surat,4.8,poor,10816.38,-0.0789,0.4025,0.1612,0.0287,3.8024,0.1574,0.2597,1.0112,0.3008,354.2154,76.6266,0.5721,0.2745,0.5405,629,"[592, 605, 593, 585, 574, 629]",669,True,400000,18.5,12.0,Basic
MID_0154,EdTech,Mumbai,0.7,good,315714.93,0.0308,0.762,0.0378,0.0115,2.7709,0.3619,0.5995,1.2421,0.0939,828.1928,686.9624,0.7051,0.0931,0.3721,746,"[674, 670, 673, 697, 710, 746]",785,True,1000000,15.0,18.0,Standard
MID_0155,Freelancer,Surat,3.8,average,93932.68,0.0709,0.6463,0.0782,0.0113,2.6157,0.2501,0.4143,1.0032,0.1523,1185.7815,75.4381,0.5987,0.1642,0.4876,716,"[694, 711, 719, 736, 743, 716]",761,True,1000000,15.0,18.0,Standard
MID_0156,Salon,Kolkata,2.4,poor,39173.38,0.0077,0.4007,0.1303,0.0388,4.5498,0.176,0.3349,1.0735,0.2181,553.9199,70.8541,0.4118,0.2338,0.5151,612,"[568, 581, 585, 583, 574, 612]",623,True,400000,18.5,12.0,Basic
MID_0157,Electronics,Delhi,2.6,excellent,427483.87,0.0516,0.8617,0.0104,0.0025,1.4202,0.6464,0.8246,1.56,0.0479,933.2959,344.4016,0.9476,0.0158,0.14,827,"[817, 812, 812, 798, 822, 827]",861,True,2000000,12.5,24.0,Premium
MID_0158,Healthcare,Ahmedabad,2.4,bad,6434.17,-0.0809,0.1735,0.3665,0.0525,6.3347,0.0969,0.2392,0.7476,0.4402,310.6536,29.7311,0.1781,0.4944,0.7247,498,"[462, 456, 459, 444, 461, 498]",533,False,0,,,Ineligible
MID_0159,Healthcare,Hyderabad,0.6,excellent,619790.65,0.1451,0.9275,0.0211,0.0016,1.1577,0.4729,0.8547,1.9516,0.0599,3425.5558,307.5952,0.9338,0.0381,0.2187,819,"[757, 772, 789, 792, 784, 819]",851,True,2000000,12.5,24.0,Premium
MID_0160,Travel,Bangalore,2.4,excellent,613363.01,0.1618,0.9206,0.0247,0.005,1.5436,0.5309,0.8171,1.9074,0.0439,4414.3556,488.6181,0.919,0.028,0.2229,824,"[763, 777, 797, 807, 807, 824]",854,True,2000000,12.5,24.0,Premium
MID_0161,Travel,Delhi,5.4,average,71587.72,0.0324,0.6495,0.1041,0.0192,2.6452,0.289,0.4043,1.157,0.1067,1285.7514,73.7413,0.6985,0.1242,0.4471,712,"[653, 659, 672, 667, 667, 712]",726,True,1000000,15.0,18.0,Standard
MID_0162,Restaurant,Hyderabad,5.4,bad,21203.69,-0.1423,0.3097,0.2902,0.0846,9.3426,0.0858,0.215,0.7175,0.4157,235.1573,38.0435,0.3419,0.3734,0.704,486,"[453, 445, 457, 464, 487, 486]",531,False,0,,,Ineligible
MID_0163,Salon,Delhi,6.2,average,109383.18,0.0503,0.6354,0.0683,0.0219,3.0999,0.2658,0.5247,1.1602,0.16,1413.576,274.6461,0.6435,0.2196,0.519,705,"[633, 628, 635, 635, 642, 705]",738,True,1000000,15.0,18.0,Standard
MID_0164,Gym,Ahmedabad,7.7,excellent,174507.73,0.1069,0.8521,0.0141,0.0072,1.0066,0.6961,0.7537,1.5204,0.0509,4762.0612,1680.2074,0.9695,0.0305,0.1856,815,"[759, 754, 775, 770, 765, 815]",850,True,2000000,12.5,24.0,Premium
MID_0165,SaaS,Hyderabad,6.0,poor,48573.46,-0.0775,0.5399,0.2096,0.0373,5.723,0.1514,0.2661,1.0827,0.2607,154.9342,20.8719,0.5273,0.2626,0.6798,622,"[544, 555, 564, 550, 566, 622]",651,True,400000,18.5,12.0,Basic
MID_0166,EdTech,Mumbai,2.9,average,69753.09,0.0498,0.5806,0.1139,0.025,3.9421,0.308,0.5066,1.027,0.1432,1222.2788,78.4832,0.6071,0.1571,0.4991,684,"[642, 655, 671, 675, 668, 684]",706,True,400000,18.5,12.0,Basic
MID_0167,EdTech,Surat,8.0,average,61939.98,0.0066,0.636,0.1148,0.0186,2.2251,0.2503,0.4604,1.0571,0.1345,1052.0328,240.1171,0.5788,0.142,0.5143,701,"[677, 671, 683, 675, 689, 701]",714,True,1000000,15.0,18.0,Standard
MID_0168,Clothing,Surat,7.5,poor,46744.22,-0.0982,0.5096,0.1345,0.0335,3.0682,0.1051,0.3184,0.951,0.2533,281.0606,65.7178,0.5179,0.2254,0.6537,631,"[558, 550, 546, 563, 572, 631]",641,True,400000,18.5,12.0,Basic
MID_0169,Retail,Kolkata,5.5,average,140899.23,0.016,0.5716,0.0834,0.0233,2.773,0.3466,0.4919,1.2129,0.1904,830.0608,195.2477,0.565,0.1239,0.5434,699,"[699, 696, 700, 715, 701, 699]",731,True,400000,18.5,12.0,Basic
MID_0170,Freelancer,Chennai,2.3,bad,13772.19,-0.0633,0.3064,0.4197,0.0934,8.8892,0.0224,0.1743,0.7841,0.3134,364.0114,34.5619,0.1702,0.4647,0.8902,477,"[438, 429, 453, 474, 472, 477]",500,False,0,,,Ineligible
MID_0171,Freelancer,Bangalore,4.9,average,57225.76,-0.0062,0.6877,0.1319,0.0236,2.8601,0.3345,0.5494,1.1969,0.1565,405.4623,57.6317,0.6406,0.1863,0.3868,696,"[672, 696, 719, 716, 731, 696]",723,True,400000,18.5,12.0,Basic
MID_0172,Electronics,Hyderabad,1.3,good,323539.76,0.0996,0.7627,0.0584,0.0073,1.4644,0.4375,0.6219,1.4441,0.0834,1755.8115,523.2982,0.8282,0.0699,0.3704,764,"[719, 734, 720, 716, 717, 764]",786,True,1000000,15.0,18.0,Standard
MID_0173,Healthcare,Hyderabad,1.0,bad,26152.69,-0.0506,0.2725,0.2812,0.0675,5.4807,0.0524,0.0871,0.9206,0.3637,159.5141,32.5177,0.3208,0.5281,0.7813,529,"[481, 499, 486, 510, 516, 529]",541,True,100000,24.0,6.0,Micro
MID_0174,EdTech,Kolkata,4.4,average,37517.17,0.0091,0.6296,0.0844,0.0224,2.9227,0.2518,0.5149,1.0164,0.1517,384.9115,255.7723,0.6268,0.1867,0.3726,714,"[643, 644, 647, 639, 648, 714]",736,True,1000000,15.0,18.0,Standard
MID_0175,Auto Parts,Ahmedabad,1.2,good,272402.83,0.1125,0.7462,0.0667,0.0059,2.4125,0.4268,0.5671,1.4536,0.1009,2937.9786,528.4508,0.7288,0.084,0.2088,761,"[708, 700, 690, 706, 693, 761]",799,True,1000000,15.0,18.0,Standard
MID_0176,Grocery,Bangalore,1.4,excellent,283988.55,0.1745,0.8829,0.0238,0.007,1.5435,0.4514,0.9207,1.4665,0.0436,2797.9904,938.2725,0.8603,0.034,0.1367,825,"[790, 777, 767, 779, 765, 825]",854,True,2000000,12.5,24.0,Premium
MID_0177,Pharmacy,Delhi,0.9,average,50792.24,0.0472,0.6722,0.1153,0.0189,3.5746,0.2102,0.4802,1.1737,0.1931,321.0642,117.8166,0.6127,0.1455,0.3635,701,"[654, 667, 663, 669, 675, 701]",714,True,1000000,15.0,18.0,Standard
MID_0178,Retail,Surat,6.0,average,148284.66,0.0284,0.6877,0.1347,0.0248,2.5744,0.2835,0.4496,1.1576,0.1995,660.0093,73.7254,0.6456,0.1624,0.4764,688,"[645, 669, 654, 640, 650, 688]",711,True,400000,18.5,12.0,Basic
MID_0179,Healthcare,Surat,8.0,average,64777.04,0.036,0.6775,0.0609,0.013,2.5633,0.3143,0.4477,1.152,0.1324,207.9706,218.3173,0.608,0.1869,0.4732,705,"[664, 676, 697, 714, 725, 705]",744,True,1000000,15.0,18.0,Standard
MID_0180,Auto Parts,Jaipur,7.2,average,124413.56,0.0728,0.5612,0.1017,0.0185,3.3564,0.2744,0.3841,1.1732,0.1332,1391.0424,246.9035,0.5613,0.1179,0.5181,687,"[627, 636, 628, 618, 634, 687]",717,True,400000,18.5,12.0,Basic
MID_0181,Travel,Mumbai,2.5,excellent,718177.43,0.1243,0.9578,0.0191,0.0047,1.175,0.5436,0.7093,1.4415,0.0237,2925.1777,1638.2455,0.9676,0.0162,0.151,841,"[800, 816, 805, 829, 835, 841]",864,True,2000000,12.5,24.0,Premium
MID_0182,Travel,Mumbai,3.9,poor,33432.22,-0.0995,0.5644,0.2093,0.0378,3.2612,0.136,0.2102,1.0301,0.2723,318.7366,75.6438,0.4218,0.3606,0.5706,605,"[568, 558, 549, 545, 531, 605]",647,True,400000,18.5,12.0,Basic
MID_0183,Retail,Hyderabad,4.6,average,64573.89,0.0743,0.7108,0.1059,0.0126,2.6228,0.3317,0.4989,1.0152,0.1029,1374.2801,53.1186,0.6152,0.1103,0.4284,739,"[694, 697, 696, 694, 687, 739]",783,True,1000000,15.0,18.0,Standard
MID_0184,Retail,Ahmedabad,4.8,excellent,710292.88,0.1897,0.8626,0.0193,0.0055,1.7665,0.5676,0.9369,1.4006,0.0558,1883.8216,854.2088,0.8738,0.0467,0.1495,823,"[761, 751, 755, 774, 770, 823]",841,True,2000000,12.5,24.0,Premium
MID_0185,EdTech,Delhi,3.5,poor,13708.88,-0.0277,0.3663,0.1593,0.0338,4.7716,0.1086,0.2536,0.9398,0.2475,146.242,36.865,0.5096,0.2776,0.7156,602,"[532, 544, 559, 572, 591, 602]",641,True,400000,18.5,12.0,Basic
MID_0186,Pharmacy,Jaipur,1.2,average,68688.02,0.0206,0.6697,0.1148,0.0189,3.6397,0.2357,0.5219,1.0184,0.1218,380.5918,190.9997,0.6783,0.1972,0.5014,700,"[672, 675, 668, 688, 685, 700]",729,True,1000000,15.0,18.0,Standard
MID_0187,Auto Parts,Kolkata,5.9,bad,24505.96,-0.116,0.3029,0.3276,0.0909,9.115,0.025,0.2332,0.9904,0.2802,246.0106,49.0413,0.1752,0.4347,0.6578,492,"[448, 449, 452, 445, 437, 492]",537,False,0,,,Ineligible
MID_0188,Salon,Pune,6.8,good,394440.68,0.1071,0.7415,0.0336,0.0052,2.4427,0.3973,0.6373,1.5951,0.0559,2105.6072,391.0988,0.7821,0.1031,0.3209,761,"[718, 721, 720, 712, 721, 761]",786,True,1000000,15.0,18.0,Standard
MID_0189,Travel,Jaipur,2.5,bad,15524.78,-0.2423,0.1595,0.3208,0.0621,7.4816,0.0969,0.0936,0.9191,0.3958,350.7727,38.7762,0.2143,0.5051,0.7808,475,"[429, 440, 453, 459, 468, 475]",506,False,0,,,Ineligible
MID_0190,EdTech,Mumbai,4.0,average,93079.46,0.0534,0.6342,0.1368,0.022,2.5784,0.186,0.583,1.2248,0.1727,932.8182,55.9686,0.6304,0.1203,0.3603,713,"[652, 640, 646, 665, 661, 713]",740,True,1000000,15.0,18.0,Standard
MID_0191,Grocery,Chennai,0.6,excellent,263328.18,0.1684,0.8696,0.0234,0.0067,1.2613,0.6252,0.8212,1.8596,0.0545,2239.9616,351.9226,0.8689,0.0474,0.1231,842,"[770, 773, 783, 777, 791, 842]",868,True,2000000,12.5,24.0,Premium
MID_0192,Healthcare,Delhi,0.9,average,93504.34,0.0276,0.7397,0.1338,0.0135,3.367,0.2463,0.4378,1.1591,0.1435,575.4299,247.3004,0.6149,0.1379,0.4561,695,"[642, 661, 670, 682, 677, 695]",711,True,400000,18.5,12.0,Basic
MID_0193,Grocery,Surat,3.4,poor,45324.76,-0.0045,0.4854,0.1453,0.0301,5.0708,0.1016,0.3205,1.0682,0.2964,108.373,25.2584,0.3739,0.2803,0.5483,609,"[576, 599, 610, 628, 651, 609]",626,True,400000,18.5,12.0,Basic
MID_0194,Retail,Surat,1.5,average,130524.54,0.0366,0.7434,0.1317,0.0204,2.5067,0.2594,0.586,1.1916,0.1923,559.2986,151.0157,0.7036,0.1924,0.4147,704,"[638, 636, 623, 647, 642, 704]",745,True,1000000,15.0,18.0,Standard
MID_0195,Auto Parts,Hyderabad,5.1,good,253905.41,0.0387,0.843,0.0409,0.0114,2.8252,0.4431,0.5707,1.1365,0.09,1126.4909,412.1174,0.8614,0.0519,0.3281,774,"[751, 772, 780, 786, 808, 774]",811,True,1000000,15.0,18.0,Standard
MID_0196,Salon,Delhi,4.6,excellent,803043.34,0.2136,0.9127,0.027,0.0075,1.3589,0.6205,0.8002,1.7426,0.0584,1180.8013,1162.3273,0.9749,0.0132,0.1689,842,"[798, 798, 791, 804, 825, 842]",874,True,2000000,12.5,24.0,Premium
MID_0197,Gym,Delhi,7.1,average,54600.58,-0.0164,0.5551,0.1397,0.0136,2.7775,0.3148,0.5215,1.1499,0.1965,1255.3115,291.3093,0.5528,0.1407,0.4175,691,"[669, 675, 698, 718, 724, 691]",715,True,400000,18.5,12.0,Basic
MID_0198,Auto Parts,Delhi,0.8,excellent,574727.7,0.1442,0.9693,0.0114,0.0059,1.1305,0.4931,0.7125,1.5151,0.0517,2715.9753,507.2409,0.9268,0.0427,0.1159,834,"[818, 820, 837, 862, 874, 834]",878,True,2000000,12.5,24.0,Premium
MID_0199,Electronics,Pune,6.8,poor,44040.05,-0.0229,0.4272,0.1357,0.0242,4.2455,0.1636,0.3217,1.0097,0.3096,128.4892,25.4966,0.5449,0.3102,0.6711,628,"[600, 588, 599, 620, 622, 628]",668,True,400000,18.5,12.0,Basic
MID_0200,Travel,Bangalore,2.0,average,86769.05,0.0212,0.7376,0.1088,0.0106,2.36,0.265,0.5891,1.1882,0.1783,652.2096,41.1882,0.5901,0.1141,0.456,717,"[658, 652, 668, 679, 675, 717]",736,True,1000000,15.0,18.0,Standard
MID_0201,Freelancer,Ahmedabad,4.2,good,359362.55,0.027,0.7783,0.0405,0.0075,2.2336,0.478,0.6406,1.1522,0.0537,1843.4016,210.6319,0.7052,0.0812,0.2142,768,"[715, 730, 751, 745, 734, 768]",793,True,1000000,15.0,18.0,Standard
MID_0202,Travel,Kolkata,7.0,good,140000.6,0.0812,0.7975,0.0745,0.0064,2.8558,0.391,0.6275,1.1682,0.1004,2080.0528,782.8891,0.7364,0.0502,0.3384,752,"[684, 676, 675, 695, 704, 752]",772,True,1000000,15.0,18.0,Standard
MID_0203,SaaS,Jaipur,6.9,excellent,651044.71,0.1478,0.9794,0.0277,0.0069,1.2792,0.6325,0.884,1.4727,0.0331,3233.7615,1805.2807,0.9269,0.016,0.1861,855,"[836, 852, 839, 845, 849, 855]",871,True,2000000,12.5,24.0,Premium
MID_0204,Gym,Ahmedabad,2.3,average,33376.17,0.0532,0.74,0.0706,0.0144,3.2953,0.1954,0.4856,1.0915,0.1703,1315.2987,234.2945,0.5542,0.1546,0.5044,703,"[635, 639, 649, 669, 657, 703]",734,True,1000000,15.0,18.0,Standard
MID_0205,EdTech,Mumbai,2.7,poor,43352.16,-0.0204,0.4823,0.1469,0.0405,4.8614,0.1203,0.4051,1.0287,0.3074,354.7934,20.4141,0.4381,0.2838,0.509,623,"[568, 584, 575, 573, 580, 623]",646,True,400000,18.5,12.0,Basic
MID_0206,Healthcare,Hyderabad,2.9,poor,36800.39,-0.045,0.3625,0.1685,0.0336,4.5044,0.1795,0.3034,1.033,0.2956,729.6158,62.4577,0.4347,0.3212,0.6525,617,"[606, 595, 595, 587, 611, 617]",637,True,400000,18.5,12.0,Basic
MID_0207,Grocery,Delhi,5.7,average,138124.07,0.0321,0.6755,0.0835,0.0245,3.0829,0.2024,0.4563,1.1332,0.1645,578.9718,56.3669,0.6982,0.1279,0.5395,696,"[666, 664, 673, 686, 705, 696]",725,True,400000,18.5,12.0,Basic
MID_0208,SaaS,Bangalore,7.2,good,348233.89,0.0495,0.7795,0.0444,0.0135,1.2967,0.3569,0.7412,1.4093,0.0613,1838.2917,227.5964,0.7316,0.0966,0.3809,754,"[752, 760, 762, 762, 755, 754]",784,True,1000000,15.0,18.0,Standard
MID_0209,Pharmacy,Bangalore,3.3,average,53029.1,0.0102,0.7341,0.0924,0.0175,2.2908,0.2579,0.4504,1.0013,0.1738,1468.2813,126.133,0.6699,0.1569,0.408,728,"[664, 672, 693, 696, 709, 728]",740,True,1000000,15.0,18.0,Standard
MID_0210,Electronics,Jaipur,1.4,excellent,542075.1,0.0941,0.8965,0.0198,0.0053,1.1951,0.5816,0.8953,1.837,0.0278,1151.0761,1729.0125,0.938,0.0483,0.2464,826,"[775, 763, 774, 775, 789, 826]",860,True,2000000,12.5,24.0,Premium
MID_0211,Pharmacy,Mumbai,2.6,good,374442.0,0.1337,0.734,0.0664,0.0094,2.9852,0.4607,0.6077,1.5028,0.1179,1559.5805,727.5002,0.7251,0.087,0.2172,763,"[715, 703, 726, 742, 730, 763]",790,True,1000000,15.0,18.0,Standard
MID_0212,Salon,Bangalore,4.7,poor,49800.77,-0.0822,0.3928,0.1696,0.0366,3.1267,0.1791,0.3836,0.976,0.2583,424.4163,17.8182,0.3506,0.2473,0.7103,610,"[571, 573, 578, 590, 585, 610]",637,True,400000,18.5,12.0,Basic
MID_0213,Gym,Delhi,5.0,good,217033.12,0.0767,0.7613,0.0643,0.0147,2.6366,0.3746,0.6966,1.1088,0.0682,1954.1362,202.296,0.783,0.0955,0.2715,758,"[723, 710, 707, 717, 705, 758]",779,True,1000000,15.0,18.0,Standard
MID_0214,Healthcare,Delhi,5.0,good,173355.06,0.0611,0.8552,0.07,0.0077,2.3959,0.3725,0.6569,1.2758,0.0601,842.3736,296.9924,0.8402,0.073,0.3842,764,"[732, 749, 756, 769, 792, 764]",809,True,1000000,15.0,18.0,Standard
MID_0215,Travel,Delhi,3.6,bad,4826.49,-0.2198,0.1543,0.2871,0.0815,4.8341,0.0554,0.2479,0.8569,0.4934,110.2725,18.7108,0.3212,0.3856,0.6822,502,"[457, 481, 483, 499, 488, 502]",542,True,100000,24.0,6.0,Micro
MID_0216,Healthcare,Kolkata,0.8,excellent,702312.42,0.1527,0.8577,0.0136,0.0028,1.0662,0.6169,0.8886,1.8477,0.0568,1662.685,1822.1148,0.874,0.0241,0.1136,846,"[768, 759, 764, 779, 773, 846]",862,True,2000000,12.5,24.0,Premium
MID_0217,Food Delivery,Surat,6.2,average,124822.44,0.0764,0.5844,0.1203,0.0101,3.4507,0.3371,0.5825,1.2554,0.1475,1107.5728,88.1327,0.6645,0.1129,0.5169,714,"[664, 680, 677, 681, 687, 714]",747,True,1000000,15.0,18.0,Standard
MID_0218,Travel,Chennai,4.7,excellent,344634.49,0.0731,0.8869,0.028,0.0032,1.9762,0.561,0.8385,1.5034,0.0542,1592.8969,325.2965,0.9593,0.029,0.2019,834,"[774, 776, 788, 776, 767, 834]",850,True,2000000,12.5,24.0,Premium
MID_0219,Travel,Bangalore,1.0,bad,9638.87,-0.1132,0.3977,0.2307,0.0903,8.3512,0.0423,0.2013,0.8746,0.3401,326.3225,33.9724,0.2421,0.4927,0.8008,500,"[479, 468, 463, 468, 478, 500]",516,True,100000,24.0,6.0,Micro
MID_0220,Travel,Mumbai,6.7,average,34854.32,-0.0021,0.6709,0.0862,0.0145,3.2465,0.3092,0.5254,1.156,0.1492,805.8284,116.3264,0.6346,0.1606,0.4585,711,"[705, 730, 750, 740, 743, 711]",749,True,1000000,15.0,18.0,Standard
MID_0221,Gym,Mumbai,0.7,average,130927.73,0.0103,0.6912,0.0993,0.012,3.4314,0.2629,0.4041,1.2025,0.166,1090.9864,188.7747,0.6309,0.2025,0.4513,702,"[633, 633, 657, 654, 641, 702]",735,True,1000000,15.0,18.0,Standard
MID_0222,Pharmacy,Surat,0.7,poor,25584.32,-0.0873,0.4294,0.1665,0.0305,4.9837,0.1097,0.3426,1.0481,0.3075,145.8502,47.0158,0.4276,0.2035,0.5717,622,"[589, 585, 597, 606, 630, 622]",656,True,400000,18.5,12.0,Basic
MID_0223,Pharmacy,Surat,1.2,average,109242.35,0.0006,0.6493,0.1249,0.02,2.3333,0.2309,0.5933,1.0605,0.1635,1466.3394,59.5835,0.6946,0.1257,0.403,712,"[654, 677, 691, 699, 708, 712]",755,True,1000000,15.0,18.0,Standard
MID_0224,Gym,Kolkata,2.1,poor,39956.47,-0.0608,0.5349,0.1763,0.0362,3.6002,0.1283,0.3375,1.0133,0.2869,226.4206,16.9533,0.5118,0.3553,0.6269,636,"[575, 598, 604, 614, 629, 636]",649,True,400000,18.5,12.0,Basic
MID_0225,EdTech,Hyderabad,3.2,excellent,235591.95,0.1871,0.889,0.0231,0.0032,1.8302,0.4661,0.7509,1.5887,0.0529,3513.3791,661.6039,0.9282,0.0262,0.117,814,"[748, 755, 758, 769, 755, 814]",832,True,2000000,12.5,24.0,Premium
MID_0226,Restaurant,Chennai,6.4,good,270156.88,0.1038,0.7268,0.0661,0.0128,1.1107,0.4793,0.6128,1.249,0.0545,2887.7212,727.7413,0.8209,0.1109,0.2794,784,"[758, 763, 753, 764, 772, 784]",827,True,1000000,15.0,18.0,Standard
MID_0227,Grocery,Ahmedabad,7.1,good,116740.39,0.1249,0.7727,0.0592,0.0089,2.4967,0.3472,0.6346,1.1721,0.0623,2924.8087,407.6328,0.7458,0.0872,0.2981,779,"[742, 754, 778, 798, 820, 779]",812,True,1000000,15.0,18.0,Standard
MID_0228,Food Delivery,Chennai,0.7,bad,15649.41,-0.0565,0.3156,0.4352,0.0814,8.7328,0.0392,0.174,0.7928,0.4909,176.9993,41.5513,0.1781,0.6101,0.8644,482,"[463, 458, 446, 464, 459, 482]",502,False,0,,,Ineligible
MID_0229,Auto Parts,Ahmedabad,5.2,poor,46735.85,-0.0472,0.3578,0.2326,0.0447,5.8215,0.1365,0.2909,1.1103,0.2804,713.7329,101.1253,0.5396,0.3257,0.6114,594,"[540, 543, 529, 516, 527, 594]",612,True,100000,24.0,6.0,Micro
MID_0230,Restaurant,Kolkata,2.0,good,256968.84,0.0344,0.7599,0.0657,0.0127,2.2984,0.326,0.6688,1.3052,0.1158,1628.7247,711.4541,0.724,0.0539,0.3186,744,"[719, 719, 719, 738, 746, 744]",755,True,1000000,15.0,18.0,Standard
MID_0231,Auto Parts,Jaipur,5.4,average,137793.16,0.0774,0.5897,0.1161,0.0125,2.8021,0.2529,0.4372,1.0267,0.1368,1431.4166,70.5111,0.6722,0.1522,0.534,710,"[696, 689, 709, 725, 721, 710]",728,True,1000000,15.0,18.0,Standard
MID_0232,Salon,Hyderabad,5.0,bad,8771.01,-0.0942,0.2546,0.3021,0.0488,5.7412,0.0409,0.185,0.9722,0.3613,289.4935,25.6174,0.1524,0.39,0.7308,533,"[484, 498, 493, 482, 469, 533]",558,True,100000,24.0,6.0,Micro
MID_0233,Gym,Pune,8.0,bad,25711.81,-0.1124,0.3371,0.2114,0.0552,7.7179,0.0442,0.1471,0.8113,0.493,245.8461,31.1219,0.2099,0.5011,0.8826,499,"[466, 457, 447, 433, 423, 499]",526,False,0,,,Ineligible
MID_0234,Travel,Pune,7.4,good,345032.83,0.0997,0.8419,0.0432,0.0081,2.7853,0.3631,0.7489,1.4818,0.0606,2632.5842,560.1936,0.8437,0.0443,0.2297,771,"[749, 751, 776, 798, 785, 771]",816,True,1000000,15.0,18.0,Standard
MID_0235,Gym,Ahmedabad,4.2,poor,49484.03,-0.0839,0.3715,0.2329,0.0254,3.5049,0.141,0.26,1.1227,0.262,508.4832,117.0209,0.471,0.3027,0.5916,619,"[579, 565, 577, 589, 590, 619]",635,True,400000,18.5,12.0,Basic
MID_0236,Food Delivery,Pune,1.7,excellent,640132.3,0.1819,0.909,0.0387,0.0052,1.0058,0.6924,0.864,1.9656,0.033,3872.4899,1521.7752,0.9745,0.0328,0.1317,850,"[798, 786, 809, 809, 810, 850]",885,True,2000000,12.5,24.0,Premium
MID_0237,Retail,Mumbai,6.9,good,349752.74,0.057,0.8404,0.0627,0.0062,1.9817,0.3865,0.7113,1.2551,0.0979,828.2167,565.8642,0.8498,0.081,0.2979,778,"[726, 741, 759, 768, 771, 778]",790,True,1000000,15.0,18.0,Standard
MID_0238,EdTech,Pune,7.8,average,108894.43,0.0514,0.7361,0.1022,0.0197,2.1679,0.2596,0.3974,1.2405,0.13,1479.4421,217.9216,0.6011,0.1298,0.4355,714,"[644, 650, 651, 655, 669, 714]",746,True,1000000,15.0,18.0,Standard
MID_0239,Grocery,Surat,1.1,average,41486.49,0.0462,0.5859,0.0746,0.0159,2.1666,0.329,0.4455,1.1762,0.1455,1071.3378,202.1907,0.5951,0.216,0.5243,694,"[638, 658, 647, 654, 639, 694]",714,True,400000,18.5,12.0,Basic
MID_0240,Freelancer,Ahmedabad,4.0,average,103492.32,0.0544,0.6952,0.0842,0.0222,3.2335,0.2974,0.5919,1.2025,0.1805,313.9257,75.1296,0.5824,0.1979,0.4892,693,"[635, 630, 648, 668, 674, 693]",732,True,400000,18.5,12.0,Basic
MID_0241,Electronics,Ahmedabad,3.7,excellent,736063.59,0.1978,0.9079,0.0246,0.0011,1.4495,0.5107,0.7737,1.8806,0.0357,2202.1702,384.7943,0.9602,0.0273,0.1624,835,"[796, 783, 784, 789, 803, 835]",876,True,2000000,12.5,24.0,Premium
MID_0242,Clothing,Mumbai,4.5,average,72346.29,-0.0136,0.7286,0.0934,0.0171,2.9896,0.3396,0.4563,1.2093,0.1021,574.414,89.9723,0.6085,0.1279,0.3939,711,"[674, 685, 675, 672, 685, 711]",744,True,1000000,15.0,18.0,Standard
MID_0243,Healthcare,Ahmedabad,6.5,poor,39413.2,-0.0633,0.5223,0.2067,0.0239,3.5985,0.1527,0.2222,1.004,0.3191,312.5563,36.9905,0.3608,0.2033,0.6938,608,"[559, 545, 533, 535, 545, 608]",632,True,400000,18.5,12.0,Basic
MID_0244,Gym,Chennai,8.0,poor,48849.73,0.0001,0.4781,0.2365,0.0456,5.6211,0.1525,0.2229,0.9126,0.3125,659.2908,116.0779,0.5238,0.3754,0.672,607,"[588, 594, 585, 575, 568, 607]",635,True,400000,18.5,12.0,Basic
MID_0245,Travel,Ahmedabad,6.2,average,132630.67,-0.0046,0.6227,0.1255,0.0118,2.4038,0.3448,0.5492,1.002,0.1835,815.7623,114.5572,0.5791,0.1319,0.493,711,"[691, 698, 714, 705, 707, 711]",750,True,1000000,15.0,18.0,Standard
MID_0246,Food Delivery,Jaipur,6.5,good,91409.27,0.0389,0.7216,0.0703,0.0144,1.1696,0.363,0.7464,1.1822,0.0543,2397.981,562.1233,0.8155,0.1122,0.2116,773,"[719, 716, 717, 729, 736, 773]",803,True,1000000,15.0,18.0,Standard
MID_0247,Auto Parts,Pune,0.6,good,242302.38,0.1397,0.832,0.0523,0.0071,2.0889,0.4577,0.6804,1.4487,0.1121,2453.9077,383.154,0.7355,0.0641,0.2074,791,"[717, 741, 738, 726, 733, 791]",811,True,1000000,15.0,18.0,Standard
MID_0248,Restaurant,Mumbai,7.2,average,59470.17,0.0632,0.6108,0.0938,0.0176,3.464,0.3231,0.4371,1.1522,0.1124,1183.5279,284.7492,0.6263,0.1687,0.351,700,"[644, 657, 680, 691, 710, 700]",729,True,1000000,15.0,18.0,Standard
MID_0249,Grocery,Surat,5.5,poor,35169.79,-0.0678,0.4254,0.1957,0.0447,4.0838,0.0918,0.3566,1.1071,0.1915,143.5356,108.2935,0.4595,0.2803,0.5812,611,"[561, 556, 561, 563, 566, 611]",652,True,400000,18.5,12.0,Basic
MID_0250,Travel,Kolkata,6.7,excellent,235301.73,0.1922,0.8668,0.0311,0.007,1.1181,0.5032,0.8183,1.8225,0.0578,2351.1947,1913.2792,0.9282,0.0263,0.1181,811,"[782, 806, 803, 808, 825, 811]",847,True,2000000,12.5,24.0,Premium
MID_0251,Restaurant,Chennai,7.2,good,339981.7,0.0835,0.7396,0.0474,0.0137,1.8352,0.4146,0.6632,1.5501,0.1047,1688.0689,604.0234,0.809,0.101,0.301,764,"[737, 735, 752, 763, 765, 764]",799,True,1000000,15.0,18.0,Standard
MID_0252,Pharmacy,Jaipur,0.8,average,83461.03,0.0077,0.5677,0.0732,0.0104,3.2602,0.3112,0.4479,1.1935,0.1644,310.6976,288.3438,0.6421,0.1909,0.5415,706,"[642, 653, 659, 683, 679, 706]",744,True,1000000,15.0,18.0,Standard
MID_0253,Retail,Jaipur,5.1,average,34872.88,0.0662,0.5547,0.095,0.0162,3.7193,0.234,0.4366,1.0344,0.1099,418.6028,77.4489,0.5934,0.1108,0.4114,687,"[628, 614, 602, 602, 600, 687]",717,True,400000,18.5,12.0,Basic
MID_0254,Grocery,Kolkata,7.6,poor,10790.22,-0.0688,0.4873,0.1507,0.0353,4.5133,0.1939,0.2592,0.9796,0.2574,145.8207,18.0352,0.4957,0.3645,0.5041,623,"[612, 623, 614, 621, 624, 623]",665,True,400000,18.5,12.0,Basic
MID_0255,Clothing,Bangalore,3.3,bad,19603.29,-0.1264,0.2559,0.4279,0.0671,4.006,0.0572,0.221,0.7868,0.4939,50.19,47.0078,0.2609,0.5294,0.8599,498,"[448, 454, 441, 455, 463, 498]",533,False,0,,,Ineligible
MID_0256,Travel,Delhi,6.7,poor,58293.58,0.0142,0.3985,0.1856,0.0441,5.6518,0.1934,0.3397,1.1449,0.2791,291.1092,84.5391,0.424,0.2379,0.711,616,"[610, 619, 604, 590, 582, 616]",657,True,400000,18.5,12.0,Basic
MID_0257,Healthcare,Kolkata,4.5,poor,44667.41,-0.0899,0.3571,0.2282,0.0401,5.0167,0.1224,0.3788,1.1069,0.2301,224.0306,95.6364,0.5103,0.2015,0.6018,602,"[555, 551, 573, 572, 561, 602]",631,True,400000,18.5,12.0,Basic
MID_0258,Healthcare,Hyderabad,2.3,average,74326.57,0.0081,0.7309,0.1166,0.0131,2.3922,0.3196,0.4671,1.261,0.1569,842.2147,183.4641,0.6622,0.1679,0.4865,703,"[663, 658, 666, 660, 666, 703]",725,True,1000000,15.0,18.0,Standard
MID_0259,Food Delivery,Mumbai,7.9,average,97846.72,0.0053,0.662,0.0963,0.0241,3.2819,0.3403,0.3914,1.2816,0.1433,1493.6384,111.2493,0.6656,0.156,0.4223,712,"[675, 676, 679, 665, 657, 712]",723,True,1000000,15.0,18.0,Standard
MID_0260,Travel,Hyderabad,7.8,average,36157.29,0.005,0.5829,0.0849,0.0194,2.1935,0.2616,0.5578,1.1778,0.1626,634.5933,105.1065,0.5683,0.1286,0.4182,696,"[651, 667, 677, 692, 702, 696]",711,True,400000,18.5,12.0,Basic
MID_0261,Restaurant,Mumbai,3.3,poor,46081.26,0.0017,0.3643,0.2243,0.0216,4.8322,0.1318,0.2224,0.9139,0.1873,694.9505,57.1767,0.492,0.274,0.6902,620,"[576, 578, 588, 577, 588, 620]",631,True,400000,18.5,12.0,Basic
MID_0262,Gym,Jaipur,3.0,good,111702.25,0.0974,0.7308,0.0695,0.0069,2.1464,0.4275,0.6013,1.3105,0.1007,1611.5608,270.2067,0.8435,0.0448,0.2623,785,"[717, 738, 754, 745, 742, 785]",818,True,1000000,15.0,18.0,Standard
MID_0263,Restaurant,Jaipur,4.9,average,37340.78,0.0307,0.717,0.1287,0.0163,2.3908,0.2141,0.5799,1.2356,0.1342,1068.2182,220.6432,0.7169,0.172,0.4162,733,"[678, 669, 672, 689, 676, 733]",743,True,1000000,15.0,18.0,Standard
MID_0264,Freelancer,Hyderabad,5.7,average,59246.53,0.0281,0.7037,0.1252,0.0221,2.7518,0.2481,0.5617,1.002,0.101,665.2527,184.2198,0.5742,0.1528,0.4763,702,"[616, 613, 607, 602, 594, 702]",727,True,1000000,15.0,18.0,Standard
MID_0265,Electronics,Hyderabad,0.7,poor,58704.97,-0.0973,0.5058,0.1693,0.0436,3.3329,0.1923,0.2671,0.96,0.2933,562.6361,113.822,0.5747,0.3796,0.694,601,"[594, 611, 604, 604, 604, 601]",626,True,400000,18.5,12.0,Basic
MID_0266,Auto Parts,Mumbai,6.2,average,130159.73,0.0094,0.5797,0.0798,0.0194,2.5601,0.2015,0.4918,1.1752,0.1489,1145.4881,244.013,0.6845,0.1738,0.3835,711,"[646, 652, 644, 657, 663, 711]",752,True,1000000,15.0,18.0,Standard
MID_0267,Gym,Chennai,4.9,average,125250.98,0.045,0.5914,0.1316,0.0168,2.4688,0.2172,0.4735,1.1131,0.1157,1295.1611,106.1776,0.5644,0.1902,0.409,689,"[672, 670, 674, 676, 676, 689]",716,True,400000,18.5,12.0,Basic
MID_0268,Salon,Mumbai,1.8,good,300979.73,0.0667,0.7332,0.0721,0.0101,2.2873,0.4572,0.7353,1.1492,0.055,595.7035,240.2146,0.7354,0.0663,0.2605,775,"[752, 777, 802, 817, 831, 775]",785,True,1000000,15.0,18.0,Standard
MID_0269,Healthcare,Chennai,2.6,good,396993.85,0.143,0.8515,0.0679,0.0051,2.3082,0.4979,0.7403,1.5327,0.0659,2308.3397,246.9125,0.7421,0.087,0.3105,800,"[748, 767, 769, 792, 793, 800]",845,True,2000000,12.5,24.0,Premium
MID_0270,Restaurant,Pune,1.5,poor,25713.94,-0.0041,0.465,0.2057,0.0306,3.6765,0.1311,0.3656,1.0907,0.2767,309.746,76.6303,0.4805,0.2058,0.5306,647,"[610, 631, 639, 640, 640, 647]",661,True,400000,18.5,12.0,Basic
MID_0271,EdTech,Kolkata,1.9,excellent,484394.33,0.1403,0.9663,0.0128,0.0017,1.5529,0.458,0.8723,1.642,0.0275,1091.8623,1933.3902,0.8869,0.0193,0.1989,816,"[757, 776, 778, 769, 758, 816]",856,True,2000000,12.5,24.0,Premium
MID_0272,Travel,Delhi,3.4,bad,6862.25,-0.0498,0.2274,0.4045,0.0799,4.9527,0.066,0.1328,0.7609,0.4377,210.6348,14.0766,0.3779,0.4837,0.8561,495,"[463, 468, 471, 458, 446, 495]",534,False,0,,,Ineligible
MID_0273,Pharmacy,Chennai,3.4,poor,53583.58,-0.046,0.3913,0.2003,0.033,4.154,0.1591,0.3537,0.9239,0.2778,130.5651,107.9819,0.3863,0.3589,0.6183,594,"[551, 573, 574, 590, 580, 594]",610,True,100000,24.0,6.0,Micro
MID_0274,EdTech,Pune,3.6,good,145454.15,0.0258,0.7243,0.0619,0.0118,1.9238,0.3687,0.6299,1.1972,0.0526,1126.5143,596.3697,0.7246,0.0936,0.2928,741,"[695, 698, 701, 698, 689, 741]",757,True,1000000,15.0,18.0,Standard
MID_0275,Electronics,Chennai,1.4,poor,15694.45,-0.0127,0.3526,0.1555,0.0332,3.5338,0.1657,0.3964,1.0331,0.2419,133.4292,81.653,0.4703,0.3193,0.6452,628,"[590, 577, 577, 570, 565, 628]",650,True,400000,18.5,12.0,Basic
MID_0276,Retail,Mumbai,3.7,bad,9818.76,-0.2058,0.3172,0.2551,0.0929,8.7815,0.0864,0.1085,0.7501,0.3714,87.6893,19.7214,0.2793,0.4069,0.7018,498,"[464, 464, 456, 457, 454, 498]",537,False,0,,,Ineligible
MID_0277,Clothing,Delhi,5.4,good,274664.96,0.0257,0.8617,0.0506,0.0127,1.9992,0.4981,0.6925,1.4956,0.1146,1923.0127,276.3581,0.7171,0.0659,0.3262,784,"[708, 700, 716, 728, 752, 784]",798,True,1000000,15.0,18.0,Standard
MID_0278,Pharmacy,Mumbai,5.1,average,71655.32,0.0441,0.5965,0.107,0.0248,2.4652,0.2848,0.5773,1.0927,0.1738,1184.4195,201.1392,0.5602,0.1449,0.4093,691,"[691, 700, 722, 737, 735, 691]",703,True,400000,18.5,12.0,Basic
MID_0279,EdTech,Kolkata,5.4,good,92764.85,0.1301,0.773,0.0421,0.0104,2.8133,0.433,0.5997,1.4437,0.1004,2020.158,367.0401,0.7579,0.0754,0.2012,757,"[736, 726, 720, 708, 717, 757]",780,True,1000000,15.0,18.0,Standard
MID_0280,Clothing,Jaipur,1.1,poor,24216.56,-0.0062,0.4063,0.1429,0.0275,3.8561,0.1338,0.3398,0.968,0.2894,156.0112,117.1183,0.4416,0.2302,0.5971,634,"[586, 603, 589, 589, 608, 634]",663,True,400000,18.5,12.0,Basic
MID_0281,SaaS,Jaipur,1.6,poor,22885.24,-0.0397,0.4543,0.1688,0.0382,3.2158,0.0964,0.3032,0.9387,0.2065,108.984,67.5735,0.5168,0.2885,0.7037,634,"[596, 607, 615, 617, 603, 634]",668,True,400000,18.5,12.0,Basic
MID_0282,Auto Parts,Surat,1.7,poor,53408.69,0.0003,0.5229,0.1653,0.0413,4.9049,0.1242,0.2127,0.9963,0.2394,272.7543,65.1612,0.5619,0.2651,0.6554,625,"[605, 628, 619, 614, 622, 625]",645,True,400000,18.5,12.0,Basic
MID_0283,Restaurant,Delhi,6.3,average,148458.88,0.0198,0.6672,0.1321,0.0178,2.3776,0.2519,0.5625,1.0759,0.1302,1457.9885,211.2064,0.6151,0.137,0.4323,717,"[702, 718, 717, 708, 723, 717]",752,True,1000000,15.0,18.0,Standard
MID_0284,Travel,Chennai,0.5,good,225994.3,0.0326,0.8438,0.0509,0.0092,1.5767,0.3862,0.5853,1.1932,0.0594,1716.1781,451.8296,0.7198,0.0854,0.2425,776,"[700, 724, 744, 747, 768, 776]",796,True,1000000,15.0,18.0,Standard
MID_0285,Retail,Chennai,1.1,excellent,205948.04,0.0559,0.8805,0.0246,0.0063,1.0095,0.5165,0.9388,1.7657,0.0516,975.8092,579.923,0.9529,0.025,0.178,815,"[781, 790, 789, 801, 800, 815]",840,True,2000000,12.5,24.0,Premium
MID_0286,Pharmacy,Kolkata,3.3,excellent,391114.74,0.1161,0.863,0.0237,0.0059,1.7252,0.672,0.7347,1.7213,0.0548,1973.7636,1458.6763,0.956,0.0247,0.1928,822,"[770, 794, 817, 835, 821, 822]",834,True,2000000,12.5,24.0,Premium
MID_0287,Healthcare,Pune,5.6,good,245764.73,0.1161,0.847,0.0474,0.0144,2.883,0.3952,0.6817,1.4497,0.057,1462.1464,525.0217,0.8281,0.1096,0.3752,779,"[762, 750, 769, 794, 818, 779]",817,True,1000000,15.0,18.0,Standard
MID_0288,Retail,Ahmedabad,5.5,good,139115.8,0.1179,0.8256,0.0345,0.0093,2.4315,0.332,0.7358,1.5513,0.1036,1050.9401,280.34,0.7857,0.1118,0.2246,777,"[702, 715, 735, 757, 773, 777]",808,True,1000000,15.0,18.0,Standard
MID_0289,Salon,Kolkata,5.4,poor,56481.7,-0.0432,0.4037,0.1537,0.0287,3.3341,0.1208,0.3303,0.947,0.3119,500.9873,28.3788,0.4221,0.2684,0.6621,619,"[588, 590, 606, 623, 645, 619]",643,True,400000,18.5,12.0,Basic
MID_0290,Retail,Kolkata,0.6,poor,25787.03,0.0061,0.4183,0.1485,0.0404,3.4423,0.114,0.3644,1.1123,0.2959,124.0407,48.6146,0.4655,0.3239,0.5602,621,"[557, 553, 577, 564, 582, 621]",644,True,400000,18.5,12.0,Basic
MID_0291,Food Delivery,Hyderabad,5.8,excellent,687796.21,0.0858,0.9134,0.0218,0.0079,1.6593,0.6621,0.9478,1.6836,0.0335,3647.1745,1982.5657,0.9485,0.0256,0.1792,839,"[827, 827, 818, 833, 841, 839]",868,True,2000000,12.5,24.0,Premium
MID_0292,Gym,Bangalore,4.8,average,81653.75,0.0697,0.592,0.1243,0.0129,3.3025,0.2416,0.5684,1.0306,0.1785,1315.96,137.9045,0.7171,0.1815,0.3836,706,"[680, 670, 676, 674, 677, 706]",741,True,1000000,15.0,18.0,Standard
MID_0293,Clothing,Mumbai,1.4,good,166165.6,0.0975,0.7476,0.0673,0.0128,2.9823,0.4341,0.5679,1.3318,0.1073,1455.2523,542.6335,0.7801,0.0409,0.2233,765,"[684, 693, 717, 722, 734, 765]",786,True,1000000,15.0,18.0,Standard
MID_0294,Salon,Ahmedabad,8.0,poor,24714.45,-0.0837,0.4248,0.2128,0.0459,4.6125,0.1286,0.3542,0.9984,0.2944,648.4322,70.6592,0.3647,0.3507,0.6186,594,"[522, 533, 523, 543, 555, 594]",632,True,100000,24.0,6.0,Micro
MID_0295,Healthcare,Pune,1.4,excellent,296902.19,0.0822,0.9231,0.0355,0.0012,1.9799,0.5765,0.7909,1.6811,0.0369,4769.9596,200.154,0.8891,0.0478,0.1779,824,"[785, 798, 804, 829, 828, 824]",847,True,2000000,12.5,24.0,Premium
MID_0296,Travel,Delhi,5.5,excellent,186249.89,0.0783,0.9613,0.0165,0.0019,1.5521,0.5979,0.7693,1.8104,0.0369,3109.3642,669.214,0.9345,0.0165,0.1684,835,"[749, 742, 753, 748, 759, 835]",868,True,2000000,12.5,24.0,Premium
MID_0297,SaaS,Jaipur,5.0,average,46294.46,0.0792,0.6367,0.0621,0.0191,2.155,0.2012,0.4042,1.1645,0.1066,1032.2307,134.3331,0.6067,0.1328,0.5238,690,"[671, 671, 660, 682, 675, 690]",719,True,400000,18.5,12.0,Basic
MID_0298,SaaS,Ahmedabad,1.2,good,252948.38,0.0567,0.7634,0.035,0.0055,1.636,0.4504,0.5861,1.503,0.0974,2471.8685,486.1702,0.8588,0.0722,0.3185,780,"[729, 719, 727, 723, 744, 780]",813,True,1000000,15.0,18.0,Standard
MID_0299,Travel,Hyderabad,5.6,average,86764.58,0.0239,0.6208,0.0975,0.0143,3.9052,0.2685,0.5381,1.2771,0.1229,1026.3258,62.605,0.602,0.1925,0.519,687,"[641, 649, 638, 634, 656, 687]",697,True,400000,18.5,12.0,Basic
MID_0300,Salon,Jaipur,7.5,excellent,511396.21,0.187,0.938,0.026,0.0019,1.0139,0.4975,0.9078,1.3051,0.037,3044.1643,821.1091,0.9792,0.0364,0.2381,852,"[778, 781, 772, 795, 810, 852]",873,True,2000000,12.5,24.0,Premium
MID_0301,Retail,Pune,6.8,average,137774.91,0.0223,0.6258,0.0899,0.0117,3.8281,0.2225,0.4986,1.2299,0.1118,588.9314,116.3217,0.5862,0.1886,0.4638,694,"[629, 647, 633, 637, 646, 694]",726,True,400000,18.5,12.0,Basic
MID_0302,Restaurant,Surat,4.0,good,111994.02,0.0655,0.8356,0.0501,0.0051,1.8616,0.3395,0.6558,1.5493,0.0788,2782.7728,104.8373,0.8385,0.06,0.2941,773,"[706, 702, 726, 738, 740, 773]",810,True,1000000,15.0,18.0,Standard
MID_0303,Restaurant,Pune,7.1,poor,14307.2,-0.063,0.3807,0.1747,0.0299,3.0948,0.1599,0.4086,1.1399,0.3176,183.1546,66.3521,0.464,0.3227,0.528,630,"[600, 615, 633, 623, 646, 630]",648,True,400000,18.5,12.0,Basic
MID_0304,Electronics,Pune,4.3,poor,21903.47,-0.0118,0.4287,0.2469,0.0421,4.303,0.1147,0.3069,1.0902,0.2147,206.747,68.6802,0.4074,0.338,0.6901,593,"[517, 530, 547, 560, 565, 593]",612,True,100000,24.0,6.0,Micro
MID_0305,Clothing,Delhi,1.5,excellent,764453.13,0.2358,0.9054,0.0285,0.0016,1.051,0.5518,0.7766,1.7433,0.0293,2211.947,1062.5514,0.9163,0.0358,0.1456,831,"[792, 789, 776, 763, 750, 831]",854,True,2000000,12.5,24.0,Premium
MID_0306,Grocery,Ahmedabad,2.6,average,78779.76,0.0052,0.6483,0.0867,0.0117,3.3379,0.2961,0.5495,1.0391,0.1361,1253.0458,233.1623,0.6501,0.1726,0.3977,716,"[680, 690, 699, 686, 710, 716]",738,True,1000000,15.0,18.0,Standard
MID_0307,Clothing,Ahmedabad,7.4,excellent,501111.45,0.1186,0.9443,0.0397,0.0024,1.7208,0.461,0.7479,1.6853,0.0301,4483.7164,1736.1889,0.9679,0.049,0.2342,825,"[738, 740, 762, 767, 753, 825]",843,True,2000000,12.5,24.0,Premium
MID_0308,Grocery,Mumbai,7.7,excellent,793634.84,0.088,0.9559,0.0249,0.0047,1.5135,0.4687,0.8094,1.6565,0.0425,2439.037,1292.9931,0.8769,0.0101,0.1858,803,"[733, 738, 752, 747, 766, 803]",830,True,2000000,12.5,24.0,Premium
MID_0309,EdTech,Delhi,1.8,excellent,284513.92,0.0578,0.8693,0.0365,0.0075,1.2704,0.6477,0.8606,1.4743,0.0529,3045.2987,202.5199,0.8952,0.0342,0.1554,826,"[787, 788, 798, 796, 783, 826]",858,True,2000000,12.5,24.0,Premium
MID_0310,Clothing,Chennai,1.8,bad,15066.98,-0.0249,0.3445,0.3951,0.0464,8.4746,0.0506,0.1912,0.961,0.4195,242.8072,41.7581,0.2007,0.4306,0.7954,529,"[494, 508, 508, 529, 518, 529]",550,True,100000,24.0,6.0,Micro
MID_0311,Food Delivery,Bangalore,1.9,average,123329.72,0.0448,0.5542,0.073,0.0127,2.7884,0.2833,0.3953,1.0216,0.1245,1381.8704,292.3002,0.567,0.1632,0.4954,701,"[644, 662, 678, 689, 675, 701]",716,True,1000000,15.0,18.0,Standard
MID_0312,Grocery,Bangalore,7.5,average,120433.91,-0.0191,0.7083,0.1034,0.0223,3.7054,0.1944,0.4106,1.2279,0.1892,1260.1044,119.9201,0.6314,0.1293,0.4587,690,"[656, 662, 651, 672, 673, 690]",714,True,400000,18.5,12.0,Basic
MID_0313,Restaurant,Hyderabad,3.7,excellent,614681.67,0.0952,0.9643,0.0215,0.0072,1.8228,0.4781,0.7424,1.3771,0.0241,4814.5661,843.1542,0.93,0.0147,0.2385,827,"[763, 769, 778, 790, 781, 827]",856,True,2000000,12.5,24.0,Premium
MID_0314,SaaS,Chennai,3.1,excellent,693937.88,0.1823,0.9713,0.0343,0.006,1.0764,0.4505,0.9333,1.4041,0.0462,2145.0752,903.0792,0.9438,0.0414,0.1718,837,"[756, 744, 769, 761, 762, 837]",874,True,2000000,12.5,24.0,Premium
MID_0315,Gym,Kolkata,5.0,average,43509.98,0.0744,0.7343,0.0907,0.0182,3.0775,0.2637,0.498,1.069,0.1084,1129.3974,177.0059,0.682,0.1974,0.3939,717,"[704, 703, 707, 698, 687, 717]",750,True,1000000,15.0,18.0,Standard
MID_0316,Food Delivery,Bangalore,2.7,excellent,656597.89,0.2444,0.9687,0.0173,0.0068,1.0559,0.4845,0.9405,1.7928,0.0351,910.6569,1936.8437,0.8983,0.0381,0.1994,851,"[765, 765, 753, 741, 749, 851]",870,True,2000000,12.5,24.0,Premium
MID_0317,Healthcare,Bangalore,4.0,excellent,528188.56,0.2398,0.9111,0.0317,0.0041,1.6448,0.4533,0.7278,1.342,0.0457,3337.5291,512.4444,0.8708,0.0259,0.1635,820,"[753, 761, 758, 752, 774, 820]",835,True,2000000,12.5,24.0,Premium
MID_0318,EdTech,Kolkata,7.8,excellent,273659.02,0.1738,0.8785,0.0155,0.0062,1.5593,0.6604,0.9041,1.6279,0.0325,3495.9415,1689.0566,0.8714,0.0421,0.197,821,"[805, 824, 810, 807, 813, 821]",831,True,2000000,12.5,24.0,Premium
MID_0319,Healthcare,Chennai,1.9,good,370742.06,0.0512,0.7336,0.0585,0.0054,2.973,0.3968,0.5596,1.1466,0.0716,2951.3541,626.1756,0.8726,0.08,0.2629,759,"[743, 741, 762, 767, 773, 759]",770,True,1000000,15.0,18.0,Standard
MID_0320,SaaS,Kolkata,4.1,poor,9982.29,-0.079,0.5069,0.1302,0.0388,5.8585,0.1078,0.2474,1.0704,0.1997,602.9882,119.3087,0.4654,0.3786,0.6339,613,"[556, 553, 563, 586, 572, 613]",647,True,400000,18.5,12.0,Basic
MID_0321,Clothing,Hyderabad,8.0,average,146736.48,0.0367,0.7489,0.0678,0.0102,3.5326,0.2326,0.5709,1.2392,0.1895,848.5859,158.25,0.5789,0.1355,0.3636,715,"[704, 708, 732, 756, 772, 715]",733,True,1000000,15.0,18.0,Standard
MID_0322,Retail,Surat,4.2,good,159550.12,0.0732,0.8191,0.064,0.0094,2.025,0.4249,0.6127,1.1417,0.0789,1625.2307,714.186,0.8784,0.0434,0.3955,783,"[728, 720, 709, 709, 717, 783]",807,True,1000000,15.0,18.0,Standard
MID_0323,Salon,Ahmedabad,5.5,good,215728.76,0.0896,0.8509,0.0355,0.0068,1.2167,0.4919,0.6294,1.3166,0.0781,661.1788,339.6965,0.8088,0.057,0.3483,787,"[757, 748, 742, 749, 774, 787]",800,True,1000000,15.0,18.0,Standard
MID_0324,Auto Parts,Pune,6.4,bad,6559.46,-0.2014,0.1557,0.3897,0.0654,5.5124,0.0341,0.1041,0.7822,0.298,355.8216,25.3139,0.2465,0.4142,0.8733,479,"[407, 431, 428, 421, 443, 479]",523,False,0,,,Ineligible
MID_0325,Travel,Bangalore,7.7,average,148362.39,0.037,0.7146,0.1049,0.0234,2.3971,0.3029,0.5073,1.0434,0.1664,1270.555,230.9327,0.6903,0.188,0.3528,729,"[677, 693, 705, 701, 715, 729]",747,True,1000000,15.0,18.0,Standard
MID_0326,Freelancer,Ahmedabad,5.3,average,36133.27,0.0546,0.5875,0.1157,0.0216,3.2019,0.2167,0.4261,1.0573,0.168,1441.6358,136.2667,0.6118,0.1362,0.4114,679,"[654, 656, 655, 673, 675, 679]",710,True,400000,18.5,12.0,Basic
MID_0327,Retail,Bangalore,3.9,good,274657.18,0.0411,0.7897,0.0443,0.0116,2.3606,0.4268,0.6904,1.569,0.1134,748.0627,161.3341,0.8507,0.0472,0.2033,762,"[707, 714, 724, 729, 746, 762]",798,True,1000000,15.0,18.0,Standard
MID_0328,Clothing,Hyderabad,6.3,average,42392.21,0.0656,0.7401,0.088,0.0219,2.9279,0.3344,0.5219,1.2354,0.1396,1421.5019,243.371,0.6363,0.1321,0.4817,732,"[669, 655, 676, 662, 648, 732]",775,True,1000000,15.0,18.0,Standard
MID_0329,Food Delivery,Surat,2.9,good,251774.88,0.0759,0.8089,0.0496,0.0112,1.7866,0.3103,0.7364,1.3146,0.1158,1476.0292,609.6789,0.7726,0.0654,0.2317,776,"[738, 746, 747, 762, 784, 776]",796,True,1000000,15.0,18.0,Standard
MID_0330,Pharmacy,Hyderabad,1.2,excellent,149784.28,0.204,0.8699,0.0285,0.0048,1.9724,0.5929,0.7063,1.8139,0.0593,3464.7452,1599.6615,0.8743,0.0361,0.1333,831,"[785, 785, 780, 767, 756, 831]",842,True,2000000,12.5,24.0,Premium
MID_0331,Freelancer,Surat,7.0,excellent,743033.88,0.0745,0.8684,0.0179,0.0023,1.0774,0.6612,0.9282,1.4456,0.024,4140.8541,944.7412,0.9132,0.035,0.1315,846,"[791, 782, 779, 801, 812, 846]",858,True,2000000,12.5,24.0,Premium
MID_0332,Retail,Pune,8.0,average,107458.62,0.0346,0.5817,0.1193,0.0239,2.3857,0.185,0.3851,1.1535,0.1152,1326.9365,69.845,0.5869,0.1393,0.394,702,"[670, 693, 692, 699, 696, 702]",743,True,1000000,15.0,18.0,Standard
MID_0333,Salon,Jaipur,7.6,bad,7527.33,-0.2045,0.3615,0.3793,0.0977,4.6174,0.0835,0.1799,0.7497,0.3253,302.7211,24.5062,0.2526,0.5289,0.7179,483,"[433, 432, 453, 471, 474, 483]",525,False,0,,,Ineligible
MID_0334,Grocery,Surat,3.6,average,139962.56,0.075,0.6561,0.0919,0.0117,3.6181,0.253,0.4209,1.0736,0.1215,683.1584,77.7103,0.6035,0.1012,0.4877,700,"[644, 638, 626, 622, 616, 700]",745,True,1000000,15.0,18.0,Standard
MID_0335,Grocery,Surat,7.6,poor,41100.32,-0.0254,0.4986,0.2087,0.0331,5.4402,0.1038,0.2109,1.0235,0.1866,292.0908,27.5222,0.4541,0.3083,0.6301,597,"[592, 600, 585, 589, 579, 597]",609,True,100000,24.0,6.0,Micro
MID_0336,Auto Parts,Jaipur,7.4,excellent,611641.54,0.0639,0.8624,0.0341,0.0061,1.2747,0.6384,0.8001,1.6895,0.0325,3371.7467,907.9895,0.9405,0.0282,0.2273,808,"[775, 761, 748, 734, 723, 808]",845,True,2000000,12.5,24.0,Premium
MID_0337,Clothing,Bangalore,1.2,poor,53653.75,0.0061,0.4736,0.1206,0.0406,3.1575,0.186,0.2095,0.912,0.2226,284.609,87.2318,0.5321,0.2683,0.6537,633,"[604, 594, 603, 622, 643, 633]",650,True,400000,18.5,12.0,Basic
MID_0338,EdTech,Jaipur,2.3,average,84726.74,0.0081,0.7045,0.0986,0.0114,3.5324,0.3009,0.4577,1.2507,0.1242,1041.2746,262.5245,0.6681,0.109,0.4489,721,"[673, 678, 676, 694, 709, 721]",751,True,1000000,15.0,18.0,Standard
MID_0339,Healthcare,Chennai,5.8,average,130913.83,-0.0094,0.576,0.1333,0.0158,2.9049,0.2855,0.4247,1.1201,0.1069,750.0222,218.4292,0.7118,0.1693,0.3704,690,"[649, 652, 648, 652, 658, 690]",707,True,400000,18.5,12.0,Basic
MID_0340,Auto Parts,Jaipur,1.1,average,49467.88,0.0302,0.6516,0.0643,0.0141,2.1956,0.2903,0.541,1.1268,0.1294,723.4997,194.4528,0.64,0.1592,0.4367,724,"[640, 627, 614, 609, 597, 724]",748,True,1000000,15.0,18.0,Standard
MID_0341,Auto Parts,Surat,5.7,average,81498.09,0.002,0.7148,0.1153,0.0174,2.3421,0.2146,0.5201,1.2118,0.1288,204.0389,88.1205,0.7043,0.1747,0.4978,717,"[699, 691, 689, 692, 716, 717]",754,True,1000000,15.0,18.0,Standard
MID_0342,Pharmacy,Mumbai,1.8,good,98716.03,0.1083,0.8565,0.0597,0.0147,2.1663,0.3977,0.5995,1.1547,0.1073,1918.1668,793.2892,0.8504,0.082,0.2335,762,"[738, 741, 756, 780, 776, 762]",795,True,1000000,15.0,18.0,Standard
MID_0343,Gym,Mumbai,6.7,good,189115.23,0.0873,0.8262,0.0733,0.0134,1.9687,0.354,0.6539,1.4199,0.0604,1525.7974,254.1789,0.8789,0.0686,0.2062,783,"[730, 719, 741, 741, 730, 783]",827,True,1000000,15.0,18.0,Standard
MID_0344,Auto Parts,Ahmedabad,7.9,poor,16678.96,0.0183,0.4302,0.1631,0.0377,5.8358,0.1131,0.2419,1.0449,0.2783,683.9201,27.9109,0.5329,0.302,0.6744,596,"[598, 588, 601, 607, 603, 596]",616,True,100000,24.0,6.0,Micro
MID_0345,Grocery,Ahmedabad,2.7,poor,8324.5,-0.0947,0.4151,0.1971,0.0216,3.9175,0.1316,0.3453,0.9002,0.2152,345.1528,44.7429,0.5476,0.3198,0.6692,612,"[601, 593, 602, 590, 584, 612]",644,True,400000,18.5,12.0,Basic
MID_0346,Clothing,Kolkata,3.7,bad,4344.59,-0.1899,0.2255,0.2777,0.0738,8.0735,0.0458,0.1783,0.905,0.3239,97.4918,29.9428,0.2192,0.3757,0.7917,495,"[472, 475, 465, 468, 466, 495]",527,False,0,,,Ineligible
MID_0347,Gym,Pune,3.7,average,77870.28,-0.0172,0.6618,0.1366,0.0163,3.5117,0.2846,0.4465,1.0728,0.1512,365.4573,181.2501,0.6461,0.1352,0.5011,694,"[691, 711, 714, 702, 689, 694]",710,True,400000,18.5,12.0,Basic
MID_0348,Pharmacy,Surat,1.2,good,226987.37,0.0631,0.7297,0.067,0.0117,2.4787,0.3106,0.591,1.1721,0.1018,1738.2616,256.4805,0.8216,0.1082,0.2602,766,"[750, 763, 752, 737, 746, 766]",782,True,1000000,15.0,18.0,Standard
MID_0349,Clothing,Hyderabad,1.3,excellent,451324.78,0.1281,0.9704,0.019,0.0044,1.184,0.5087,0.9119,1.4822,0.0445,2644.3454,1384.6868,0.866,0.0158,0.1032,841,"[812, 825, 818, 822, 819, 841]",882,True,2000000,12.5,24.0,Premium
MID_0350,Pharmacy,Chennai,3.4,average,44410.72,0.0217,0.635,0.0622,0.0169,3.1284,0.1819,0.4466,1.1935,0.1893,1005.8394,51.0843,0.7042,0.2155,0.4436,691,"[611, 631, 636, 635, 648, 691]",705,True,400000,18.5,12.0,Basic
MID_0351,Electronics,Bangalore,3.1,poor,25747.49,-0.007,0.5309,0.1562,0.0429,3.9088,0.1273,0.4016,1.0613,0.2327,430.2266,84.192,0.4825,0.3669,0.6706,614,"[598, 597, 606, 608, 594, 614]",634,True,400000,18.5,12.0,Basic
MID_0352,Clothing,Delhi,5.5,average,115978.26,0.0124,0.5963,0.1217,0.0238,3.5912,0.1979,0.5738,1.2184,0.1384,1465.3156,279.8177,0.5605,0.1301,0.3575,689,"[657, 643, 635, 624, 627, 689]",734,True,400000,18.5,12.0,Basic
MID_0353,Clothing,Hyderabad,2.4,average,59924.99,0.0001,0.5824,0.1251,0.0221,2.3846,0.279,0.5184,1.2006,0.1204,1253.0115,272.2557,0.6111,0.149,0.4593,688,"[646, 656, 661, 679, 687, 688]",720,True,400000,18.5,12.0,Basic
MID_0354,Pharmacy,Surat,7.2,poor,48811.96,-0.0429,0.4939,0.2336,0.0371,3.3816,0.1421,0.2222,1.0247,0.1872,478.3766,17.367,0.5389,0.2522,0.6822,618,"[537, 533, 540, 535, 540, 618]",647,True,400000,18.5,12.0,Basic
MID_0355,Salon,Surat,0.9,average,41473.08,0.0271,0.7335,0.081,0.0104,2.6761,0.2243,0.4536,1.2294,0.1139,911.2136,230.8069,0.7071,0.1796,0.5257,706,"[650, 663, 679, 665, 690, 706]",721,True,1000000,15.0,18.0,Standard
MID_0356,Auto Parts,Jaipur,4.1,excellent,638381.81,0.0708,0.9146,0.0168,0.0035,1.4776,0.6454,0.9191,1.4594,0.0572,910.686,1607.2806,0.8755,0.0343,0.1569,815,"[767, 767, 757, 770, 777, 815]",832,True,2000000,12.5,24.0,Premium
MID_0357,Auto Parts,Surat,7.9,good,133487.58,0.0767,0.7293,0.0416,0.0109,1.4543,0.4495,0.7277,1.4966,0.0898,2977.3468,110.429,0.8296,0.105,0.2153,768,"[744, 756, 750, 747, 756, 768]",785,True,1000000,15.0,18.0,Standard
MID_0358,Freelancer,Delhi,1.1,bad,6569.54,-0.0878,0.3534,0.4244,0.0915,6.6613,0.0442,0.1424,0.8654,0.4712,135.472,45.184,0.2233,0.5124,0.6761,482,"[409, 398, 419, 438, 444, 482]",527,False,0,,,Ineligible
MID_0359,Clothing,Delhi,3.3,poor,16274.81,0.0271,0.5106,0.2045,0.0336,3.3427,0.1399,0.2074,0.9695,0.2338,679.0252,23.8718,0.4142,0.3098,0.609,621,"[592, 584, 586, 573, 570, 621]",653,True,400000,18.5,12.0,Basic
MID_0360,Auto Parts,Mumbai,7.3,poor,27246.69,0.0077,0.4104,0.2179,0.0265,3.082,0.1671,0.3367,1.1164,0.2896,749.9965,94.0021,0.5357,0.2996,0.7095,622,"[549, 551, 565, 580, 576, 622]",661,True,400000,18.5,12.0,Basic
MID_0361,Travel,Hyderabad,1.5,excellent,650550.52,0.2402,0.8611,0.0175,0.0048,1.3375,0.5487,0.8539,1.5532,0.0464,4086.1904,1658.4671,0.929,0.015,0.1853,827,"[800, 802, 806, 830, 834, 827]",850,True,2000000,12.5,24.0,Premium
MID_0362,Salon,Mumbai,4.8,excellent,733866.89,0.1603,0.9739,0.0232,0.0028,1.7867,0.5149,0.8237,1.4592,0.027,4459.2046,1380.7607,0.8802,0.0362,0.1276,829,"[797, 791, 814, 839, 863, 829]",861,True,2000000,12.5,24.0,Premium
MID_0363,EdTech,Mumbai,5.0,good,107341.53,0.0777,0.8018,0.0418,0.0083,1.7427,0.4645,0.6332,1.4209,0.1113,857.6987,328.5784,0.8419,0.0668,0.2816,779,"[710, 702, 689, 711, 732, 779]",802,True,1000000,15.0,18.0,Standard
MID_0364,Healthcare,Pune,4.3,poor,34691.15,-0.0244,0.4291,0.1479,0.0449,3.0978,0.1672,0.2838,1.1495,0.191,154.118,113.2294,0.4017,0.2906,0.6264,614,"[569, 575, 562, 566, 572, 614]",641,True,400000,18.5,12.0,Basic
MID_0365,Clothing,Surat,2.7,good,156495.15,0.1198,0.7779,0.0528,0.0125,1.2308,0.3482,0.6966,1.5401,0.0753,1379.9615,453.9504,0.8646,0.0923,0.321,774,"[738, 728, 734, 750, 752, 774]",792,True,1000000,15.0,18.0,Standard
MID_0366,SaaS,Chennai,6.5,good,124709.0,0.0731,0.8008,0.0374,0.0099,2.7629,0.3396,0.586,1.327,0.0617,1546.564,635.8567,0.828,0.0776,0.2202,777,"[747, 735, 741, 747, 747, 777]",795,True,1000000,15.0,18.0,Standard
MID_0367,Salon,Jaipur,2.3,good,194792.36,0.1272,0.7739,0.0604,0.0061,2.4444,0.3148,0.7341,1.575,0.1137,2077.08,618.4882,0.7784,0.1006,0.34,774,"[736, 742, 733, 718, 727, 774]",813,True,1000000,15.0,18.0,Standard
MID_0368,Salon,Pune,3.8,average,104345.1,0.0745,0.5694,0.0838,0.0151,3.1283,0.3325,0.5076,1.2532,0.1427,619.6401,122.8304,0.5803,0.1172,0.5128,721,"[694, 702, 712, 701, 697, 721]",748,True,1000000,15.0,18.0,Standard
MID_0369,Gym,Ahmedabad,2.2,good,379837.19,0.0537,0.817,0.0353,0.0073,1.5573,0.3192,0.6604,1.3543,0.0618,1995.9788,127.8215,0.8603,0.083,0.239,787,"[741, 764, 766, 769, 759, 787]",804,True,1000000,15.0,18.0,Standard
MID_0370,Travel,Delhi,3.8,average,63604.0,0.0665,0.7486,0.1185,0.0117,2.7074,0.1934,0.5545,1.2182,0.1327,859.1782,111.7881,0.6572,0.1615,0.5054,714,"[641, 663, 680, 678, 696, 714]",726,True,1000000,15.0,18.0,Standard
MID_0371,Freelancer,Mumbai,2.3,average,137049.91,0.002,0.5891,0.0976,0.0173,2.3742,0.2644,0.409,1.1904,0.1089,871.1981,228.0537,0.5864,0.1521,0.4481,703,"[693, 703, 713, 707, 706, 703]",724,True,1000000,15.0,18.0,Standard
MID_0372,Auto Parts,Chennai,6.8,poor,45854.83,-0.0363,0.4949,0.1977,0.0363,3.8863,0.1063,0.4118,1.1242,0.287,393.7158,61.9532,0.4069,0.2765,0.5388,625,"[585, 575, 595, 614, 634, 625]",650,True,400000,18.5,12.0,Basic
MID_0373,Restaurant,Chennai,2.5,good,336606.35,0.0732,0.81,0.0462,0.0117,1.8225,0.4618,0.635,1.2303,0.0538,1713.7635,253.2637,0.8145,0.0437,0.2895,790,"[754, 743, 767, 777, 767, 790]",801,True,1000000,15.0,18.0,Standard
MID_0374,Healthcare,Kolkata,1.2,poor,57505.5,-0.0003,0.4772,0.2051,0.0356,4.0863,0.1038,0.2345,1.0339,0.3004,260.5341,99.135,0.5595,0.2597,0.5474,634,"[598, 620, 609, 610, 615, 634]",663,True,400000,18.5,12.0,Basic
MID_0375,Restaurant,Hyderabad,5.2,average,36336.16,0.055,0.7126,0.0902,0.016,3.6366,0.329,0.5696,1.023,0.1505,1114.536,230.4861,0.5534,0.1891,0.4583,701,"[646, 665, 684, 700, 702, 701]",730,True,1000000,15.0,18.0,Standard
MID_0376,Grocery,Ahmedabad,2.0,good,271765.54,0.0813,0.7666,0.0347,0.0147,2.122,0.3967,0.7315,1.3666,0.0671,543.0313,447.9244,0.7709,0.0698,0.3093,761,"[683, 678, 677, 685, 696, 761]",776,True,1000000,15.0,18.0,Standard
MID_0377,Retail,Jaipur,1.8,poor,32969.67,-0.0675,0.3825,0.2001,0.0342,5.1691,0.148,0.2511,1.0919,0.2153,318.0185,50.4762,0.3846,0.2579,0.6244,585,"[539, 556, 562, 560, 571, 585]",625,True,100000,24.0,6.0,Micro
MID_0378,EdTech,Jaipur,6.9,bad,4027.28,-0.2258,0.3248,0.2939,0.0854,4.9726,0.0799,0.1083,0.8313,0.4938,63.6717,24.0882,0.1893,0.5909,0.7718,484,"[437, 439, 436, 458, 470, 484]",517,False,0,,,Ineligible
MID_0379,SaaS,Bangalore,1.6,average,51484.48,0.0414,0.6929,0.1016,0.0138,2.9258,0.3392,0.584,1.216,0.1852,375.941,176.3384,0.691,0.1012,0.4333,712,"[631, 623, 636, 643, 641, 712]",751,True,1000000,15.0,18.0,Standard
MID_0380,SaaS,Bangalore,1.0,average,127361.87,0.0145,0.5528,0.0754,0.0143,3.823,0.2524,0.5405,1.1102,0.1767,1414.6003,185.8892,0.6591,0.1243,0.4685,690,"[667, 657, 663, 674, 674, 690]",717,True,400000,18.5,12.0,Basic
MID_0381,Healthcare,Surat,5.5,average,50174.94,0.0583,0.7478,0.0673,0.0221,2.293,0.208,0.5724,1.097,0.1896,267.8459,173.0434,0.6247,0.1798,0.4154,704,"[650, 651, 655, 652, 658, 704]",727,True,1000000,15.0,18.0,Standard
MID_0382,Electronics,Chennai,5.8,poor,39756.77,-0.0363,0.5315,0.2091,0.0367,4.3062,0.1218,0.2056,0.9914,0.2453,569.0274,91.4916,0.3992,0.3008,0.7195,604,"[588, 574, 576, 582, 568, 604]",620,True,400000,18.5,12.0,Basic
MID_0383,Auto Parts,Pune,7.4,average,29912.05,0.0073,0.6794,0.1113,0.016,3.9915,0.2997,0.4403,1.0172,0.1572,239.5544,226.6877,0.63,0.1729,0.4409,708,"[656, 645, 645, 654, 668, 708]",729,True,1000000,15.0,18.0,Standard
MID_0384,Food Delivery,Bangalore,1.1,poor,14715.25,-0.0424,0.5134,0.1609,0.0457,3.8324,0.1823,0.3441,1.0844,0.2266,570.3936,109.465,0.5565,0.2305,0.717,623,"[614, 615, 627, 615, 607, 623]",642,True,400000,18.5,12.0,Basic
MID_0385,Travel,Chennai,1.1,average,58931.79,-0.0001,0.6511,0.0738,0.0212,3.6757,0.1805,0.4402,1.1052,0.1341,938.6252,221.036,0.6463,0.1556,0.3733,702,"[680, 703, 719, 735, 729, 702]",717,True,1000000,15.0,18.0,Standard
MID_0386,Auto Parts,Hyderabad,2.8,average,141735.75,0.0665,0.6995,0.119,0.0147,2.7586,0.2288,0.4414,1.1695,0.1414,1285.8578,110.9279,0.5839,0.2175,0.4019,694,"[652, 668, 674, 692, 705, 694]",728,True,400000,18.5,12.0,Basic
MID_0387,Electronics,Jaipur,4.8,bad,12229.92,-0.1014,0.3205,0.2722,0.0605,9.8109,0.0641,0.2063,0.7807,0.3929,123.7527,14.8215,0.21,0.6266,0.7793,500,"[450, 457, 469, 490, 488, 500]",532,True,100000,24.0,6.0,Micro
MID_0388,Food Delivery,Mumbai,1.7,average,71537.64,0.0703,0.5874,0.0886,0.0124,3.0936,0.3078,0.4766,1.185,0.1594,1102.848,230.0483,0.6305,0.1292,0.4947,708,"[651, 673, 667, 689, 712, 708]",745,True,1000000,15.0,18.0,Standard
MID_0389,Healthcare,Chennai,7.7,average,35039.07,0.0312,0.7345,0.1309,0.0245,3.8857,0.2137,0.5939,1.2256,0.113,633.0912,289.5775,0.715,0.1371,0.5032,707,"[662, 653, 673, 670, 659, 707]",730,True,1000000,15.0,18.0,Standard
MID_0390,Salon,Delhi,5.9,good,275658.97,0.1208,0.7208,0.038,0.006,2.0997,0.3788,0.5925,1.3362,0.0763,1658.71,269.9194,0.8651,0.071,0.2637,771,"[728, 740, 760, 768, 775, 771]",782,True,1000000,15.0,18.0,Standard
MID_0391,Clothing,Surat,1.8,good,201424.33,0.0852,0.7203,0.06,0.009,1.1545,0.346,0.65,1.1221,0.0711,732.1259,368.8466,0.7324,0.0521,0.2622,765,"[753, 745, 746, 751, 741, 765]",797,True,1000000,15.0,18.0,Standard
MID_0392,Freelancer,Delhi,5.4,average,126871.71,-0.0039,0.5757,0.1006,0.0203,2.0232,0.2911,0.5274,1.1267,0.1055,752.4756,232.9369,0.5697,0.1969,0.5316,705,"[661, 685, 674, 667, 668, 705]",720,True,1000000,15.0,18.0,Standard
MID_0393,Electronics,Mumbai,3.0,bad,16368.81,-0.2045,0.3532,0.3819,0.0673,4.2913,0.0425,0.1007,0.8469,0.3608,361.2081,35.8874,0.208,0.4512,0.724,512,"[481, 466, 464, 475, 484, 512]",524,True,100000,24.0,6.0,Micro
MID_0394,EdTech,Kolkata,2.4,excellent,199519.78,0.1954,0.9323,0.0229,0.0029,1.9719,0.6222,0.761,1.8779,0.0534,3877.2887,1142.4057,0.9096,0.0131,0.1559,848,"[810, 810, 834, 823, 845, 848]",885,True,2000000,12.5,24.0,Premium
MID_0395,Salon,Mumbai,1.9,poor,48694.76,-0.0035,0.3682,0.2386,0.049,5.3809,0.1485,0.4189,1.0539,0.2555,655.6064,87.897,0.3612,0.3032,0.5473,588,"[519, 524, 511, 512, 504, 588]",598,True,100000,24.0,6.0,Micro
MID_0396,Salon,Hyderabad,0.6,average,44762.96,0.0067,0.6698,0.1381,0.0148,2.4426,0.1831,0.4514,1.0191,0.1288,1125.6437,255.0135,0.6499,0.1762,0.4158,715,"[693, 692, 694, 698, 713, 715]",735,True,1000000,15.0,18.0,Standard
MID_0397,Freelancer,Kolkata,2.4,excellent,696277.33,0.2435,0.9321,0.0268,0.0034,1.2076,0.6962,0.7923,1.5043,0.0326,3632.9058,253.2162,0.9312,0.0167,0.1527,864,"[867, 874, 878, 873, 895, 864]",881,True,2000000,12.5,24.0,Premium
MID_0398,Retail,Kolkata,2.1,bad,15760.67,-0.2089,0.1898,0.3944,0.0841,6.4067,0.0527,0.2077,0.8255,0.4118,161.7912,21.3429,0.1743,0.6154,0.8901,458,"[407, 426, 431, 434, 452, 458]",479,False,0,,,Ineligible
MID_0399,Salon,Chennai,0.5,poor,44032.97,-0.0147,0.5072,0.1328,0.0374,4.2543,0.1302,0.2416,0.9073,0.2114,526.7942,67.8529,0.3685,0.3027,0.5899,622,"[602, 614, 637, 623, 632, 622]",656,True,400000,18.5,12.0,Basic
MID_0400,EdTech,Jaipur,7.0,poor,17631.74,-0.052,0.5512,0.1428,0.0481,5.7642,0.1187,0.2645,1.1236,0.209,422.8257,40.7299,0.4887,0.3781,0.6753,605,"[587, 586, 608, 599, 602, 605]",615,True,400000,18.5,12.0,Basic
MID_0401,Travel,Mumbai,5.6,average,97224.34,0.027,0.6271,0.1226,0.0244,3.7667,0.2713,0.5375,1.1821,0.1989,1129.1935,154.0155,0.6907,0.1072,0.5123,702,"[681, 703, 713, 715, 732, 702]",728,True,1000000,15.0,18.0,Standard
MID_0402,Healthcare,Surat,6.2,excellent,271766.22,0.1326,0.8942,0.0374,0.0066,1.2101,0.4743,0.8605,1.3518,0.056,2864.6231,640.5112,0.8838,0.0218,0.1667,824,"[779, 794, 785, 782, 775, 824]",857,True,2000000,12.5,24.0,Premium
MID_0403,Travel,Chennai,2.8,poor,36701.87,-0.0604,0.514,0.2075,0.0246,5.4156,0.0954,0.3336,1.1148,0.216,259.5426,104.3465,0.4841,0.2267,0.5027,628,"[561, 566, 587, 610, 621, 628]",670,True,400000,18.5,12.0,Basic
MID_0404,Pharmacy,Jaipur,3.3,poor,33016.48,-0.078,0.4708,0.1428,0.0469,3.0427,0.1936,0.2753,0.9773,0.2114,294.8209,96.6915,0.5315,0.317,0.5784,634,"[578, 597, 613, 619, 613, 634]",646,True,400000,18.5,12.0,Basic
MID_0405,Salon,Delhi,7.6,average,59347.17,0.0762,0.7193,0.103,0.0112,3.5958,0.2559,0.495,1.0734,0.1797,437.4901,283.4467,0.6958,0.1274,0.4935,732,"[692, 707, 721, 743, 764, 732]",761,True,1000000,15.0,18.0,Standard
MID_0406,Restaurant,Hyderabad,2.2,average,105516.37,0.0264,0.6574,0.1225,0.0148,3.2678,0.2134,0.4056,1.025,0.1197,905.0795,95.8984,0.6328,0.1683,0.4663,687,"[630, 623, 640, 650, 653, 687]",723,True,400000,18.5,12.0,Basic
MID_0407,SaaS,Chennai,4.2,good,241190.18,0.0868,0.8722,0.045,0.0137,1.498,0.3551,0.6623,1.2544,0.0808,2943.0725,761.9879,0.7878,0.0655,0.3949,763,"[741, 739, 761, 763, 774, 763]",784,True,1000000,15.0,18.0,Standard
MID_0408,Clothing,Delhi,6.2,good,259089.67,0.0616,0.8049,0.0351,0.008,2.2191,0.4142,0.5809,1.1782,0.1036,2464.5278,696.6501,0.8098,0.0526,0.3913,772,"[721, 717, 739, 743, 762, 772]",791,True,1000000,15.0,18.0,Standard
MID_0409,Grocery,Pune,6.0,poor,23445.25,-0.06,0.4796,0.2192,0.0202,5.82,0.0866,0.2899,1.0614,0.1996,419.8228,43.7918,0.5383,0.2364,0.6457,633,"[614, 614, 621, 636, 653, 633]",671,True,400000,18.5,12.0,Basic
MID_0410,Food Delivery,Chennai,1.3,good,177555.83,0.0824,0.8354,0.0535,0.0147,1.092,0.4319,0.6876,1.5544,0.0841,1200.3565,524.6934,0.7675,0.0481,0.3279,773,"[687, 677, 692, 690, 706, 773]",792,True,1000000,15.0,18.0,Standard
MID_0411,Food Delivery,Bangalore,4.9,average,101671.06,0.0238,0.6156,0.1037,0.0199,3.1133,0.3189,0.5317,1.0421,0.177,1331.9429,221.8053,0.6756,0.2149,0.4222,711,"[676, 670, 670, 663, 686, 711]",722,True,1000000,15.0,18.0,Standard
MID_0412,Electronics,Delhi,5.3,average,118121.49,0.0598,0.7163,0.0648,0.0248,2.7469,0.2762,0.599,1.2879,0.1873,625.191,180.0904,0.598,0.1401,0.3634,704,"[640, 631, 637, 656, 664, 704]",726,True,1000000,15.0,18.0,Standard
MID_0413,Healthcare,Delhi,6.3,average,66544.03,0.0251,0.7261,0.1191,0.0198,2.1461,0.2901,0.4548,1.1583,0.1693,1266.2711,152.4233,0.5537,0.169,0.3513,694,"[663, 658, 652, 664, 662, 694]",716,True,400000,18.5,12.0,Basic
MID_0414,Healthcare,Surat,7.4,poor,43018.93,-0.025,0.3934,0.1393,0.0293,3.3027,0.144,0.4078,0.9099,0.1978,343.9637,22.273,0.5502,0.3671,0.6448,624,"[539, 561, 577, 563, 583, 624]",641,True,400000,18.5,12.0,Basic
MID_0415,Food Delivery,Kolkata,0.7,poor,54436.01,-0.0729,0.3613,0.177,0.026,5.313,0.1508,0.2274,1.1423,0.2509,504.8125,69.2321,0.3875,0.2377,0.707,596,"[518, 511, 500, 505, 509, 596]",635,True,100000,24.0,6.0,Micro
MID_0416,Restaurant,Mumbai,3.4,average,154631.02,-0.01,0.6221,0.0848,0.011,3.8919,0.2908,0.4305,1.2104,0.165,1253.2203,267.7449,0.5527,0.2157,0.4959,677,"[598, 584, 589, 580, 584, 677]",700,True,400000,18.5,12.0,Basic
MID_0417,Food Delivery,Chennai,3.3,average,47498.06,-0.0028,0.7373,0.1372,0.0211,3.6206,0.2109,0.5734,1.0328,0.1162,846.822,119.5769,0.6563,0.2091,0.403,713,"[694, 680, 700, 721, 708, 713]",756,True,1000000,15.0,18.0,Standard
MID_0418,Electronics,Bangalore,1.3,good,152231.65,0.0746,0.7306,0.0784,0.0096,1.8302,0.4796,0.6381,1.5285,0.1067,501.8041,433.3704,0.8619,0.0605,0.2646,786,"[715, 719, 738, 746, 736, 786]",805,True,1000000,15.0,18.0,Standard
MID_0419,Clothing,Delhi,6.1,poor,21392.19,-0.02,0.4074,0.1526,0.0419,3.9033,0.1653,0.3017,1.0477,0.2524,791.35,43.0062,0.5569,0.259,0.5824,629,"[573, 590, 600, 617, 641, 629]",641,True,400000,18.5,12.0,Basic
MID_0420,Food Delivery,Hyderabad,1.7,good,279589.54,0.0829,0.775,0.0614,0.0132,2.1544,0.3904,0.593,1.4107,0.0882,794.5478,295.5136,0.8383,0.1139,0.2675,757,"[693, 700, 712, 723, 722, 757]",771,True,1000000,15.0,18.0,Standard
MID_0421,Healthcare,Pune,3.7,excellent,534201.95,0.0689,0.9768,0.0349,0.0018,1.7127,0.4816,0.7869,1.6168,0.0421,4746.1042,1939.3266,0.9763,0.0173,0.223,822,"[806, 822, 815, 829, 836, 822]",865,True,2000000,12.5,24.0,Premium
MID_0422,EdTech,Mumbai,6.5,good,165027.27,0.1431,0.8049,0.0487,0.006,1.3313,0.4269,0.6736,1.5216,0.1026,880.1277,759.5344,0.8097,0.1087,0.2557,800,"[783, 807, 828, 832, 822, 800]",810,True,2000000,12.5,24.0,Premium
MID_0423,Retail,Chennai,5.8,average,52835.99,0.0533,0.6688,0.0653,0.0213,2.2806,0.2618,0.4153,1.2916,0.1976,1471.8506,141.722,0.5771,0.1503,0.4683,697,"[686, 677, 678, 692, 701, 697]",720,True,400000,18.5,12.0,Basic
MID_0424,Gym,Bangalore,5.5,poor,8247.86,-0.0848,0.4216,0.1333,0.0389,4.4133,0.1593,0.2657,0.9312,0.284,418.0572,22.3923,0.5752,0.3639,0.5751,626,"[604, 593, 597, 605, 625, 626]",667,True,400000,18.5,12.0,Basic
MID_0425,Healthcare,Chennai,2.2,excellent,799442.92,0.1707,0.9279,0.0209,0.0071,1.6649,0.6592,0.9408,1.5952,0.0455,4433.7024,704.3664,0.9441,0.021,0.1378,840,"[794, 782, 772, 789, 783, 840]",877,True,2000000,12.5,24.0,Premium
MID_0426,Freelancer,Chennai,1.3,poor,46081.98,-0.0271,0.5426,0.1689,0.0356,5.7757,0.1259,0.3324,1.0476,0.2911,767.85,75.4407,0.377,0.3375,0.5794,623,"[578, 593, 592, 609, 628, 623]",666,True,400000,18.5,12.0,Basic
MID_0427,Restaurant,Kolkata,6.6,average,118357.44,0.0469,0.5551,0.1054,0.0104,3.8919,0.1968,0.5825,1.2406,0.1729,1304.2591,105.9137,0.6891,0.1413,0.5447,698,"[678, 703, 699, 715, 709, 698]",743,True,400000,18.5,12.0,Basic
MID_0428,Freelancer,Pune,6.1,poor,50605.82,-0.0776,0.465,0.1316,0.0306,4.6147,0.1766,0.4125,0.9791,0.2228,739.9199,24.4954,0.4434,0.3119,0.6407,617,"[550, 549, 551, 551, 542, 617]",628,True,400000,18.5,12.0,Basic
MID_0429,Retail,Hyderabad,4.9,bad,19325.57,-0.1211,0.3392,0.3346,0.0639,8.1738,0.0359,0.0954,0.8794,0.4729,191.623,16.8517,0.3147,0.5098,0.7492,489,"[429, 450, 446, 454, 443, 489]",527,False,0,,,Ineligible
MID_0430,Food Delivery,Mumbai,2.3,good,429365.72,0.0234,0.7559,0.0648,0.0072,2.7503,0.3881,0.7123,1.1727,0.0708,2911.4762,700.2719,0.787,0.0751,0.3113,754,"[729, 730, 738, 759, 759, 754]",787,True,1000000,15.0,18.0,Standard
MID_0431,Healthcare,Chennai,3.7,good,352376.86,0.0505,0.8065,0.0339,0.0119,1.6433,0.4655,0.6905,1.4978,0.0905,741.5535,742.2356,0.8774,0.0967,0.3071,790,"[755, 768, 792, 810, 804, 790]",803,True,1000000,15.0,18.0,Standard
MID_0432,Gym,Surat,3.8,average,38349.41,0.0796,0.5544,0.0959,0.0198,3.7917,0.261,0.5354,1.0191,0.1354,1441.1545,111.7835,0.5928,0.2076,0.3555,696,"[620, 621, 633, 630, 643, 696]",720,True,400000,18.5,12.0,Basic
MID_0433,SaaS,Jaipur,7.6,excellent,521484.86,0.1863,0.8909,0.0102,0.0053,1.7121,0.5396,0.7299,1.9841,0.0446,3025.0423,1514.6846,0.9452,0.02,0.1902,815,"[795, 800, 790, 778, 801, 815]",849,True,2000000,12.5,24.0,Premium
MID_0434,Healthcare,Kolkata,3.4,average,139662.79,-0.0017,0.6122,0.0742,0.0165,2.504,0.1954,0.4373,1.0602,0.1351,1041.3929,61.2078,0.6268,0.1113,0.4016,688,"[647, 636, 621, 645, 631, 688]",717,True,400000,18.5,12.0,Basic
MID_0435,Restaurant,Surat,4.7,poor,60641.82,-0.0755,0.4928,0.1436,0.0266,4.0357,0.1847,0.4008,1.0499,0.2604,724.0057,89.1686,0.5523,0.2319,0.5327,629,"[613, 636, 659, 676, 674, 629]",661,True,400000,18.5,12.0,Basic
MID_0436,Freelancer,Bangalore,4.9,good,111745.6,0.0451,0.7448,0.0607,0.0084,1.9093,0.4317,0.7164,1.492,0.1161,2171.7627,145.8245,0.7443,0.0513,0.3921,772,"[737, 761, 765, 784, 795, 772]",788,True,1000000,15.0,18.0,Standard
MID_0437,Food Delivery,Jaipur,1.2,average,135442.42,0.0363,0.6904,0.1017,0.0214,3.2864,0.228,0.4098,1.2291,0.1293,1014.2411,145.1019,0.6141,0.1589,0.4482,698,"[660, 676, 673, 685, 672, 698]",720,True,400000,18.5,12.0,Basic
MID_0438,Retail,Chennai,7.2,poor,38799.07,-0.0775,0.4221,0.1262,0.0208,5.9003,0.1262,0.2774,1.0344,0.2953,578.9158,60.5494,0.4669,0.3529,0.6119,597,"[567, 560, 554, 552, 565, 597]",607,True,100000,24.0,6.0,Micro
MID_0439,Restaurant,Kolkata,2.0,average,139177.77,-0.0195,0.5981,0.1251,0.0225,3.9688,0.3478,0.5618,1.1115,0.1838,258.1838,76.834,0.5918,0.1802,0.5264,690,"[628, 621, 642, 656, 652, 690]",726,True,400000,18.5,12.0,Basic
MID_0440,Food Delivery,Kolkata,3.3,poor,16903.61,0.0013,0.4083,0.1214,0.0408,3.1254,0.1721,0.2284,1.0724,0.1899,180.0663,31.687,0.532,0.212,0.6181,637,"[573, 586, 582, 579, 598, 637]",654,True,400000,18.5,12.0,Basic
MID_0441,Salon,Hyderabad,7.6,average,83165.13,-0.0073,0.7491,0.0975,0.0116,2.4573,0.3216,0.4206,1.2288,0.1806,514.2774,199.9834,0.6245,0.1171,0.4694,729,"[656, 649, 647, 654, 677, 729]",755,True,1000000,15.0,18.0,Standard
MID_0442,Auto Parts,Bangalore,3.1,good,307373.13,0.0709,0.7445,0.0446,0.0056,1.3679,0.3389,0.6816,1.3194,0.111,673.4572,272.0433,0.7951,0.0845,0.2287,757,"[697, 704, 713, 705, 728, 757]",776,True,1000000,15.0,18.0,Standard
MID_0443,Auto Parts,Delhi,5.6,excellent,162215.36,0.0617,0.9004,0.027,0.007,1.7622,0.4588,0.8364,1.3139,0.053,2800.9986,1228.6854,0.9002,0.0374,0.158,801,"[747, 771, 781, 785, 806, 801]",834,True,2000000,12.5,24.0,Premium
MID_0444,Clothing,Bangalore,2.7,poor,57202.64,-0.0495,0.4092,0.1408,0.0422,4.2952,0.116,0.2094,1.0026,0.3032,696.1786,118.6864,0.3788,0.3128,0.5458,608,"[563, 587, 590, 589, 600, 608]",651,True,400000,18.5,12.0,Basic
MID_0445,Clothing,Hyderabad,2.1,good,148523.0,0.1336,0.8255,0.0609,0.014,2.0964,0.4528,0.6316,1.422,0.0649,853.3287,176.0551,0.8174,0.064,0.3666,781,"[752, 759, 750, 750, 756, 781]",819,True,1000000,15.0,18.0,Standard
MID_0446,Restaurant,Hyderabad,3.4,average,65162.81,0.0546,0.6627,0.0725,0.016,3.5637,0.2136,0.4705,1.1406,0.1868,369.7216,282.1256,0.6038,0.212,0.4725,709,"[665, 653, 639, 658, 645, 709]",739,True,1000000,15.0,18.0,Standard
MID_0447,Auto Parts,Pune,2.0,good,150967.97,0.1293,0.7781,0.0755,0.0108,2.6565,0.395,0.6907,1.2449,0.0571,1904.7189,730.5719,0.7274,0.0732,0.3065,758,"[709, 733, 746, 767, 791, 758]",777,True,1000000,15.0,18.0,Standard
MID_0448,Auto Parts,Ahmedabad,1.2,excellent,674201.08,0.1446,0.912,0.033,0.0051,1.9878,0.5406,0.8102,1.7003,0.0379,883.398,1085.1807,0.9373,0.0238,0.151,821,"[800, 812, 834, 824, 846, 821]",843,True,2000000,12.5,24.0,Premium
MID_0449,Freelancer,Pune,2.7,poor,50071.01,-0.0539,0.5762,0.1843,0.0387,4.771,0.199,0.2803,0.9632,0.2519,787.4255,109.9494,0.3554,0.2573,0.5367,626,"[615, 614, 609, 634, 646, 626]",657,True,400000,18.5,12.0,Basic
MID_0450,EdTech,Mumbai,1.5,bad,17514.96,-0.081,0.1548,0.2952,0.0943,6.2801,0.0229,0.1942,0.9091,0.3538,331.1011,43.4132,0.3303,0.4722,0.7355,498,"[449, 445, 467, 488, 477, 498]",528,False,0,,,Ineligible
MID_0451,Food Delivery,Jaipur,7.2,excellent,250941.37,0.2024,0.8816,0.0153,0.0015,1.5719,0.5092,0.7218,1.3528,0.0489,3893.3148,814.0427,0.9682,0.0128,0.1874,841,"[781, 793, 802, 790, 780, 841]",856,True,2000000,12.5,24.0,Premium
MID_0452,Electronics,Delhi,5.9,excellent,427462.06,0.1871,0.8773,0.0315,0.0037,1.6255,0.4982,0.9044,1.7958,0.0398,3766.3507,1044.5788,0.9451,0.0337,0.2291,828,"[827, 823, 843, 851, 843, 828]",842,True,2000000,12.5,24.0,Premium
MID_0453,Clothing,Bangalore,6.9,poor,18449.53,-0.0487,0.5423,0.1586,0.0324,4.9218,0.1062,0.2552,0.9862,0.2137,104.8881,108.5084,0.5072,0.2507,0.5355,627,"[540, 555, 558, 570, 591, 627]",642,True,400000,18.5,12.0,Basic
MID_0454,Pharmacy,Surat,6.3,bad,18607.14,-0.1107,0.3898,0.3423,0.0836,5.9144,0.0486,0.2179,0.8111,0.3461,221.1806,29.5663,0.3213,0.4184,0.6926,517,"[442, 459, 482, 483, 503, 517]",536,True,100000,24.0,6.0,Micro
MID_0455,Electronics,Kolkata,3.6,excellent,222215.08,0.1133,0.9787,0.029,0.0038,1.014,0.6478,0.8654,1.4209,0.0437,1572.4204,370.7232,0.9009,0.016,0.1506,837,"[822, 829, 823, 828, 841, 837]",857,True,2000000,12.5,24.0,Premium
MID_0456,Gym,Mumbai,3.2,excellent,773066.19,0.1912,0.929,0.0142,0.0046,1.4942,0.5041,0.8226,1.9698,0.0453,2222.0381,759.1015,0.9304,0.0345,0.1899,825,"[795, 785, 793, 797, 783, 825]",850,True,2000000,12.5,24.0,Premium
MID_0457,Clothing,Pune,5.7,bad,23899.67,-0.1042,0.3755,0.319,0.0568,6.0445,0.0835,0.1987,0.9706,0.4924,323.5583,30.7524,0.3596,0.5624,0.8023,519,"[486, 483, 504, 504, 495, 519]",562,True,100000,24.0,6.0,Micro
MID_0458,Gym,Ahmedabad,5.0,poor,55727.55,-0.0654,0.4534,0.2211,0.0437,3.8286,0.0972,0.3865,0.9148,0.2145,543.1489,49.3575,0.5397,0.2869,0.5321,612,"[542, 549, 566, 577, 601, 612]",629,True,400000,18.5,12.0,Basic
MID_0459,Grocery,Mumbai,6.0,good,342391.94,0.0567,0.8465,0.0511,0.0132,1.0218,0.3522,0.5788,1.1126,0.0956,2405.9341,155.0968,0.7837,0.1128,0.2295,770,"[730, 719, 715, 711, 724, 770]",790,True,1000000,15.0,18.0,Standard
MID_0460,SaaS,Bangalore,2.9,excellent,170509.11,0.1153,0.912,0.0143,0.0068,1.375,0.4564,0.8086,1.5267,0.0271,3374.9446,1568.9567,0.9337,0.023,0.2135,818,"[768, 773, 795, 786, 775, 818]",843,True,2000000,12.5,24.0,Premium
MID_0461,Retail,Pune,7.8,good,216956.63,0.1176,0.7988,0.0573,0.0102,2.2836,0.3792,0.581,1.5114,0.107,1621.2454,180.6744,0.8641,0.0609,0.2479,775,"[771, 765, 751, 745, 739, 775]",793,True,1000000,15.0,18.0,Standard
MID_0462,EdTech,Pune,2.9,poor,45586.57,-0.0975,0.5261,0.184,0.0401,5.0914,0.146,0.2088,1.0474,0.2092,507.9174,15.751,0.5114,0.3047,0.581,601,"[575, 596, 611, 607, 615, 601]",621,True,400000,18.5,12.0,Basic
MID_0463,Food Delivery,Hyderabad,6.2,good,148575.81,0.1367,0.7828,0.0625,0.0095,1.8911,0.4935,0.6844,1.485,0.0643,781.7337,371.2164,0.7192,0.1146,0.2411,787,"[762, 755, 764, 761, 765, 787]",811,True,1000000,15.0,18.0,Standard
MID_0464,SaaS,Chennai,2.1,excellent,151675.39,0.2159,0.9618,0.0162,0.0076,1.3886,0.5318,0.9461,1.7213,0.0266,2865.0655,1209.4938,0.8871,0.0495,0.2286,841,"[787, 797, 816, 839, 861, 841]",875,True,2000000,12.5,24.0,Premium
MID_0465,Travel,Surat,7.7,excellent,365587.26,0.1792,0.9762,0.0323,0.0036,1.28,0.6134,0.7744,1.3245,0.0248,1395.7199,1022.4698,0.9712,0.0493,0.2372,843,"[783, 803, 825, 817, 807, 843]",882,True,2000000,12.5,24.0,Premium
MID_0466,Food Delivery,Surat,5.7,good,92471.19,0.0932,0.7301,0.0646,0.0072,1.7951,0.3755,0.5574,1.3162,0.0826,937.5572,109.2883,0.8615,0.0925,0.3919,770,"[700, 696, 708, 731, 724, 770]",780,True,1000000,15.0,18.0,Standard
MID_0467,Freelancer,Mumbai,7.1,poor,31790.86,0.0238,0.4624,0.1501,0.0455,3.1419,0.1237,0.3316,1.0141,0.2461,214.7263,84.1531,0.4354,0.2992,0.5321,619,"[590, 593, 592, 589, 606, 619]",660,True,400000,18.5,12.0,Basic
MID_0468,Freelancer,Jaipur,3.6,bad,4144.46,-0.1918,0.1844,0.4312,0.0787,6.7046,0.0631,0.1957,0.9669,0.3556,371.4045,49.2221,0.1834,0.4525,0.8082,487,"[457, 473, 491, 492, 510, 487]",529,False,0,,,Ineligible
MID_0469,EdTech,Mumbai,4.4,average,59674.51,0.035,0.7385,0.1192,0.0203,3.5754,0.2632,0.4516,1.2509,0.1373,1418.0065,176.0115,0.6893,0.1263,0.4202,718,"[702, 705, 724, 745, 737, 718]",760,True,1000000,15.0,18.0,Standard
MID_0470,Healthcare,Delhi,4.2,bad,16887.15,-0.1795,0.339,0.2757,0.0526,7.8295,0.0961,0.1125,0.7049,0.3451,122.4806,42.2445,0.3065,0.3701,0.7631,539,"[465, 474, 472, 472, 470, 539]",579,True,100000,24.0,6.0,Micro
MID_0471,Freelancer,Surat,5.0,average,158143.81,0.03,0.6203,0.0805,0.0171,3.5957,0.308,0.5494,1.1268,0.1587,1344.8265,286.7718,0.6664,0.2194,0.426,714,"[684, 673, 667, 686, 696, 714]",748,True,1000000,15.0,18.0,Standard
MID_0472,Travel,Pune,2.3,bad,2739.95,-0.1787,0.3443,0.4137,0.053,6.4636,0.0208,0.1018,0.9588,0.4518,377.4384,24.9993,0.2655,0.489,0.8243,515,"[443, 451, 464, 469, 490, 515]",535,True,100000,24.0,6.0,Micro
MID_0473,Restaurant,Chennai,5.0,average,116262.94,0.0769,0.5654,0.0986,0.0137,2.7746,0.3066,0.5239,1.053,0.1377,592.9596,98.0899,0.6971,0.17,0.4487,723,"[636, 627, 618, 642, 651, 723]",764,True,1000000,15.0,18.0,Standard
MID_0474,Pharmacy,Kolkata,0.7,average,106389.72,0.0435,0.5713,0.0979,0.0142,3.1146,0.2518,0.3943,1.0788,0.1949,664.9354,144.345,0.7063,0.2088,0.5251,683,"[640, 643, 668, 668, 664, 683]",704,True,400000,18.5,12.0,Basic
MID_0475,SaaS,Kolkata,1.4,excellent,268685.36,0.1101,0.9471,0.0217,0.0036,1.5102,0.453,0.8311,1.4861,0.0412,2074.0454,1660.6311,0.8915,0.0197,0.1721,826,"[771, 763, 770, 780, 799, 826]",844,True,2000000,12.5,24.0,Premium
MID_0476,Food Delivery,Jaipur,1.6,poor,34029.89,0.0287,0.3667,0.1414,0.0388,4.2405,0.1551,0.4063,1.107,0.2369,626.6597,19.5054,0.4237,0.271,0.5424,619,"[590, 584, 606, 610, 633, 619]",655,True,400000,18.5,12.0,Basic
MID_0477,Freelancer,Bangalore,2.3,average,91166.48,-0.0125,0.67,0.0934,0.0184,3.4089,0.3121,0.55,1.012,0.1277,565.0835,209.0434,0.7177,0.141,0.5173,724,"[656, 661, 676, 695, 703, 724]",742,True,1000000,15.0,18.0,Standard
MID_0478,Gym,Pune,1.2,average,71290.21,0.0317,0.6763,0.0801,0.014,2.5425,0.2291,0.493,1.0939,0.1906,1379.3829,187.1639,0.6092,0.1368,0.5151,704,"[670, 681, 697, 718, 708, 704]",732,True,1000000,15.0,18.0,Standard
MID_0479,Clothing,Pune,5.8,average,58309.47,0.0263,0.654,0.0694,0.0208,2.5829,0.222,0.5116,1.19,0.1337,1353.4552,250.4901,0.6137,0.147,0.4934,703,"[658, 646, 636, 636, 643, 703]",717,True,1000000,15.0,18.0,Standard
MID_0480,Clothing,Chennai,7.5,average,138288.73,0.0384,0.6054,0.1054,0.013,2.102,0.2527,0.596,1.1786,0.1476,702.9501,71.0556,0.5808,0.1434,0.5103,720,"[690, 686, 702, 724, 737, 720]",733,True,1000000,15.0,18.0,Standard
MID_0481,Restaurant,Delhi,3.0,average,64437.98,0.023,0.5961,0.1095,0.0186,2.5335,0.2739,0.565,1.0455,0.1554,611.7331,97.1668,0.687,0.199,0.3906,721,"[710, 734, 730, 735, 723, 721]",745,True,1000000,15.0,18.0,Standard
MID_0482,Clothing,Ahmedabad,5.1,poor,57951.38,-0.0637,0.3507,0.2073,0.0331,5.5827,0.182,0.2982,0.958,0.2986,385.9742,61.634,0.3846,0.3599,0.6871,576,"[503, 515, 518, 538, 536, 576]",618,True,100000,24.0,6.0,Micro
MID_0483,SaaS,Kolkata,6.8,average,79961.47,0.0503,0.6702,0.1159,0.0157,3.5761,0.2152,0.4491,1.1215,0.1249,577.8825,100.0328,0.6521,0.1564,0.3549,699,"[640, 657, 658, 657, 657, 699]",737,True,400000,18.5,12.0,Basic
MID_0484,Auto Parts,Kolkata,1.2,good,143150.56,0.0677,0.8795,0.0539,0.0067,2.7073,0.429,0.6698,1.5051,0.1092,2947.9037,355.2003,0.8369,0.0472,0.3832,784,"[749, 771, 775, 771, 791, 784]",805,True,1000000,15.0,18.0,Standard
MID_0485,Clothing,Kolkata,2.8,average,53815.79,-0.0108,0.5604,0.1124,0.0218,3.9077,0.3401,0.4187,1.1644,0.1942,1363.3986,101.4238,0.6873,0.1234,0.4925,675,"[598, 588, 592, 607, 621, 675]",696,True,400000,18.5,12.0,Basic
MID_0486,Clothing,Mumbai,2.9,good,172855.88,0.1257,0.8001,0.0747,0.0089,1.334,0.3938,0.7193,1.221,0.0926,1417.9771,648.2102,0.7832,0.0764,0.342,768,"[698, 723, 713, 710, 716, 768]",803,True,1000000,15.0,18.0,Standard
MID_0487,EdTech,Jaipur,5.9,poor,34029.47,-0.0158,0.4695,0.2222,0.0373,5.5129,0.1286,0.2553,1.1342,0.2034,700.5488,28.2552,0.3584,0.2132,0.7188,592,"[518, 515, 501, 505, 520, 592]",611,True,100000,24.0,6.0,Micro
MID_0488,Gym,Surat,6.4,poor,44575.77,-0.0607,0.4062,0.1221,0.0268,4.3171,0.1384,0.3026,1.0163,0.3035,424.3095,58.659,0.3618,0.3706,0.6973,600,"[580, 581, 592, 594, 603, 600]",642,True,400000,18.5,12.0,Basic
MID_0489,EdTech,Ahmedabad,0.8,bad,21873.21,-0.2344,0.2329,0.2776,0.0704,4.0663,0.0281,0.2065,0.8685,0.2932,228.3273,33.3804,0.2354,0.4845,0.7335,507,"[467, 484, 493, 513, 528, 507]",549,True,100000,24.0,6.0,Micro
MID_0490,Restaurant,Jaipur,6.0,average,40837.77,0.0768,0.7366,0.0902,0.0199,2.8797,0.3028,0.4388,1.0427,0.1915,321.1465,139.8113,0.617,0.105,0.4106,706,"[654, 672, 663, 670, 665, 706]",716,True,1000000,15.0,18.0,Standard
MID_0491,Retail,Bangalore,6.9,good,249051.39,0.0286,0.7949,0.0791,0.0142,1.987,0.316,0.6419,1.5497,0.0932,2948.6453,695.4157,0.872,0.0606,0.3117,769,"[741, 747, 759, 777, 786, 769]",794,True,1000000,15.0,18.0,Standard
MID_0492,Clothing,Mumbai,3.8,good,356325.38,0.0591,0.8756,0.0796,0.0055,2.1834,0.4603,0.6015,1.512,0.0889,2611.2205,253.2668,0.8721,0.0771,0.2307,785,"[758, 760, 758, 746, 738, 785]",799,True,1000000,15.0,18.0,Standard
MID_0493,Healthcare,Pune,7.4,excellent,434015.84,0.1364,0.9038,0.0394,0.0033,1.3704,0.527,0.8216,1.9985,0.0571,2464.6476,585.2514,0.9059,0.0194,0.1365,819,"[772, 791, 780, 768, 783, 819]",856,True,2000000,12.5,24.0,Premium
MID_0494,Gym,Delhi,7.5,poor,47778.96,-0.0803,0.3618,0.1813,0.021,3.8743,0.1812,0.3493,1.1295,0.278,566.2408,24.1896,0.388,0.2558,0.522,608,"[571, 593, 609, 630, 648, 608]",635,True,400000,18.5,12.0,Basic
MID_0495,SaaS,Chennai,5.1,average,126882.46,0.0084,0.563,0.1085,0.0139,3.2869,0.299,0.4011,1.1819,0.1689,241.6439,261.5607,0.6631,0.1834,0.5121,693,"[669, 670, 687, 681, 706, 693]",723,True,400000,18.5,12.0,Basic
MID_0496,Clothing,Hyderabad,4.0,poor,10185.73,-0.0924,0.5513,0.1392,0.0499,3.3783,0.1667,0.2621,0.9832,0.2248,267.4778,65.5677,0.4443,0.3674,0.647,619,"[594, 615, 626, 626, 626, 619]",632,True,400000,18.5,12.0,Basic
MID_0497,Restaurant,Chennai,3.4,poor,30821.2,0.0257,0.5303,0.2321,0.0335,5.4473,0.1694,0.3556,1.0646,0.3141,626.0599,106.1541,0.3923,0.3565,0.5361,605,"[531, 518, 508, 514, 518, 605]",627,True,400000,18.5,12.0,Basic
MID_0498,Travel,Bangalore,3.6,poor,44065.55,-0.0075,0.534,0.1685,0.0201,4.4484,0.1789,0.3102,0.9528,0.2266,561.0659,92.3373,0.4661,0.2956,0.6957,642,"[588, 611, 628, 631, 645, 642]",686,True,400000,18.5,12.0,Basic
MID_0499,Healthcare,Ahmedabad,0.8,good,201242.86,0.1015,0.8467,0.0537,0.0138,2.8581,0.4828,0.6718,1.2155,0.0721,1977.2342,414.4899,0.7541,0.0922,0.2077,789,"[749, 756, 742, 765, 768, 789]",826,True,1000000,15.0,18.0,Standard
MID_0500,Restaurant,Delhi,6.5,good,326164.7,0.0911,0.7867,0.0551,0.0145,2.5893,0.428,0.6112,1.4001,0.0536,2972.171,249.3902,0.819,0.063,0.2232,785,"[729, 736, 729, 742, 730, 785]",825,True,1000000,15.0,18.0,Standard
MID_0501,Restaurant,Delhi,1.5,poor,22636.29,-0.0145,0.5045,0.174,0.0472,3.6123,0.0997,0.2215,1.1329,0.2233,479.6237,72.6115,0.3658,0.3769,0.6921,587,"[569, 586, 608, 632, 621, 587]",604,True,100000,24.0,6.0,Micro
MID_0502,EdTech,Jaipur,4.0,excellent,569439.85,0.1057,0.8608,0.0337,0.0035,1.3879,0.4973,0.9362,1.8077,0.0564,3405.4363,1944.9598,0.9496,0.0497,0.1243,824,"[755, 780, 795, 794, 793, 824]",861,True,2000000,12.5,24.0,Premium
MID_0503,Retail,Jaipur,6.3,average,46386.17,0.0421,0.6467,0.1069,0.0205,3.9523,0.3066,0.5636,1.2801,0.1781,924.6951,159.0418,0.6048,0.1443,0.53,690,"[621, 633, 633, 631, 646, 690]",720,True,400000,18.5,12.0,Basic
MID_0504,Food Delivery,Ahmedabad,1.1,poor,41155.25,-0.027,0.3768,0.1377,0.0348,5.9884,0.1671,0.275,1.0562,0.1845,684.6587,48.292,0.4218,0.348,0.5646,595,"[581, 571, 566, 567, 558, 595]",631,True,100000,24.0,6.0,Micro
MID_0505,Retail,Jaipur,3.2,average,120085.82,0.0207,0.5552,0.0828,0.0128,2.1862,0.2034,0.4955,1.1799,0.11,347.3864,293.4062,0.6806,0.1382,0.3747,712,"[674, 672, 687, 702, 724, 712]",757,True,1000000,15.0,18.0,Standard
MID_0506,Auto Parts,Surat,7.0,average,128601.77,0.0458,0.5701,0.0923,0.024,2.6238,0.3293,0.4005,1.1,0.1741,377.9591,64.5219,0.7106,0.1005,0.5283,709,"[654, 645, 668, 689, 684, 709]",730,True,1000000,15.0,18.0,Standard
MID_0507,Freelancer,Surat,5.8,excellent,649531.62,0.1441,0.9447,0.0138,0.0062,1.8222,0.6206,0.7596,1.5855,0.0473,4475.3055,1238.0434,0.9449,0.0437,0.1739,827,"[771, 789, 785, 776, 800, 827]",855,True,2000000,12.5,24.0,Premium
MID_0508,Grocery,Hyderabad,5.1,poor,42968.64,-0.0669,0.4892,0.1202,0.0234,4.7722,0.1696,0.3521,1.0442,0.294,506.1429,116.5533,0.4072,0.328,0.5508,613,"[589, 613, 609, 599, 584, 613]",630,True,400000,18.5,12.0,Basic
MID_0509,Food Delivery,Mumbai,3.6,good,239008.99,0.0391,0.8237,0.0362,0.0087,2.9545,0.3757,0.6538,1.2375,0.0964,2644.3906,202.1408,0.7701,0.055,0.3332,756,"[703, 690, 675, 678, 666, 756]",769,True,1000000,15.0,18.0,Standard
MID_0510,Travel,Ahmedabad,4.4,good,111082.36,0.0573,0.7654,0.0389,0.0127,1.9465,0.4525,0.5631,1.3272,0.0712,1060.7893,240.6468,0.8555,0.1072,0.3927,764,"[708, 724, 735, 735, 760, 764]",783,True,1000000,15.0,18.0,Standard
MID_0511,Retail,Chennai,5.9,average,118184.67,0.0072,0.6817,0.124,0.0212,2.0406,0.2764,0.5747,1.0724,0.1283,1252.6232,237.0116,0.6636,0.1667,0.4727,713,"[687, 693, 684, 670, 686, 713]",749,True,1000000,15.0,18.0,Standard
MID_0512,SaaS,Pune,0.5,good,121276.0,0.0598,0.8423,0.0426,0.013,2.1724,0.4258,0.684,1.5803,0.0896,1392.2188,365.9451,0.8124,0.1112,0.2649,770,"[711, 715, 718, 725, 738, 770]",788,True,1000000,15.0,18.0,Standard
MID_0513,Clothing,Kolkata,7.0,good,225174.43,0.1495,0.7316,0.064,0.0148,1.8826,0.3271,0.6976,1.2092,0.0568,1141.1413,742.7424,0.7736,0.1193,0.3286,776,"[772, 782, 771, 766, 774, 776]",801,True,1000000,15.0,18.0,Standard
MID_0514,Restaurant,Ahmedabad,5.7,average,108045.68,0.0496,0.5513,0.1274,0.0223,2.4327,0.25,0.4528,1.0266,0.1583,1402.2544,112.1942,0.6226,0.1419,0.4214,699,"[666, 676, 662, 658, 650, 699]",711,True,400000,18.5,12.0,Basic
MID_0515,Travel,Bangalore,2.0,good,121926.37,0.0799,0.8259,0.0413,0.0063,1.2358,0.4824,0.5908,1.4136,0.1116,1248.9841,580.7318,0.7277,0.0451,0.3802,761,"[725, 737, 758, 747, 763, 761]",780,True,1000000,15.0,18.0,Standard
MID_0516,Salon,Delhi,3.8,average,49535.64,0.0514,0.6927,0.1307,0.018,3.8018,0.2806,0.5916,1.1757,0.133,788.9717,255.4816,0.651,0.1793,0.3931,703,"[636, 633, 642, 665, 681, 703]",725,True,1000000,15.0,18.0,Standard
MID_0517,Salon,Chennai,3.3,average,142151.8,0.0675,0.5731,0.1156,0.0235,2.4595,0.299,0.5889,1.0339,0.1479,1382.1329,190.9722,0.6754,0.1162,0.4536,702,"[696, 701, 710, 731, 725, 702]",733,True,1000000,15.0,18.0,Standard
MID_0518,EdTech,Jaipur,1.2,good,254051.0,0.1277,0.727,0.0545,0.0134,1.2794,0.458,0.6898,1.1447,0.0603,1605.8691,395.4857,0.8141,0.0464,0.352,783,"[702, 688, 674, 660, 671, 783]",794,True,1000000,15.0,18.0,Standard
MID_0519,Retail,Pune,1.7,poor,38593.71,-0.0895,0.5082,0.1825,0.0442,4.3169,0.1873,0.3425,0.9143,0.2683,778.0506,17.7133,0.3844,0.2636,0.5834,623,"[579, 575, 563, 581, 590, 623]",663,True,400000,18.5,12.0,Basic
MID_0520,Grocery,Ahmedabad,4.4,poor,15479.14,0.0072,0.4165,0.2008,0.0213,4.1383,0.0848,0.2956,0.9066,0.2639,101.9569,42.435,0.4065,0.2622,0.5751,622,"[571, 579, 573, 564, 560, 622]",652,True,400000,18.5,12.0,Basic
MID_0521,Pharmacy,Mumbai,3.2,poor,52253.75,-0.0512,0.3596,0.2129,0.0388,3.1591,0.1049,0.2902,1.114,0.2582,532.6638,97.5849,0.3539,0.3124,0.64,610,"[566, 562, 549, 539, 540, 610]",627,True,400000,18.5,12.0,Basic
MID_0522,Auto Parts,Jaipur,7.4,poor,20364.43,-0.0047,0.5713,0.2037,0.0364,4.4209,0.1857,0.2548,0.9485,0.2805,231.3788,83.013,0.4419,0.2436,0.6481,621,"[574, 580, 591, 603, 600, 621]",632,True,400000,18.5,12.0,Basic
MID_0523,Clothing,Kolkata,6.2,excellent,656477.94,0.219,0.906,0.0131,0.0077,1.2518,0.5655,0.7102,1.5731,0.0578,3452.8558,482.0096,0.973,0.0249,0.1436,822,"[769, 768, 775, 768, 760, 822]",833,True,2000000,12.5,24.0,Premium
MID_0524,Freelancer,Delhi,4.0,good,313955.55,0.1322,0.8021,0.078,0.0103,2.8325,0.3045,0.5952,1.1545,0.0669,2243.5154,463.1228,0.8495,0.062,0.3451,768,"[718, 717, 713, 724, 749, 768]",791,True,1000000,15.0,18.0,Standard
MID_0525,Auto Parts,Hyderabad,2.1,poor,26914.05,0.0077,0.4093,0.161,0.0413,4.1842,0.1066,0.2311,0.9255,0.1932,519.8986,70.2522,0.5159,0.3417,0.6198,604,"[559, 552, 545, 546, 544, 604]",640,True,400000,18.5,12.0,Basic
MID_0526,Food Delivery,Mumbai,5.9,bad,24956.24,-0.1093,0.2762,0.3896,0.0596,6.336,0.0569,0.1651,0.8222,0.4016,352.4056,45.1321,0.1525,0.4054,0.8551,491,"[481, 470, 460, 469, 491, 491]",525,False,0,,,Ineligible
MID_0527,Pharmacy,Ahmedabad,5.3,average,124483.83,0.0623,0.6692,0.1368,0.0236,3.8333,0.33,0.5296,1.1175,0.161,649.5303,270.3298,0.563,0.1724,0.5117,702,"[637, 634, 628, 634, 633, 702]",720,True,1000000,15.0,18.0,Standard
MID_0528,Healthcare,Kolkata,2.0,poor,15014.39,-0.072,0.4885,0.1392,0.0272,3.8251,0.1205,0.2169,0.9638,0.1851,622.211,91.7264,0.3799,0.2965,0.7069,614,"[609, 604, 626, 628, 652, 614]",657,True,400000,18.5,12.0,Basic
MID_0529,Travel,Delhi,1.4,excellent,682978.57,0.0536,0.8555,0.0158,0.0079,1.5203,0.5008,0.7976,1.9192,0.0235,4459.1878,249.0851,0.87,0.0282,0.1481,795,"[758, 779, 778, 796, 801, 795]",811,True,1000000,15.0,18.0,Standard
MID_0530,Gym,Ahmedabad,3.7,average,147422.26,0.0421,0.7468,0.1265,0.0144,3.9263,0.1997,0.4469,1.1664,0.1794,1480.691,242.8632,0.6082,0.1285,0.5226,707,"[657, 650, 661, 670, 660, 707]",740,True,1000000,15.0,18.0,Standard
MID_0531,Gym,Mumbai,5.0,excellent,405968.06,0.1629,0.942,0.0341,0.003,1.1818,0.4539,0.9488,1.9943,0.0433,1495.5244,1561.1937,0.9418,0.035,0.1939,835,"[809, 806, 813, 822, 831, 835]",874,True,2000000,12.5,24.0,Premium
MID_0532,Retail,Jaipur,2.7,average,77258.21,0.0184,0.7404,0.0799,0.015,2.2059,0.1836,0.4901,1.0929,0.1619,1467.3099,90.5573,0.5798,0.1228,0.387,722,"[675, 699, 700, 707, 730, 722]",733,True,1000000,15.0,18.0,Standard
MID_0533,EdTech,Ahmedabad,1.7,average,85136.17,0.0218,0.7283,0.1114,0.0126,2.4318,0.2755,0.5988,1.0684,0.1607,623.5115,212.2613,0.7043,0.178,0.5297,727,"[659, 677, 673, 658, 657, 727]",744,True,1000000,15.0,18.0,Standard
MID_0534,Electronics,Surat,5.1,good,255021.21,0.1304,0.7436,0.0595,0.0086,2.3531,0.3868,0.6032,1.4918,0.0768,1445.7403,384.8475,0.7131,0.1063,0.203,763,"[715, 706, 699, 705, 713, 763]",780,True,1000000,15.0,18.0,Standard
MID_0535,Grocery,Hyderabad,6.3,good,125403.18,0.0964,0.8437,0.0725,0.0077,2.798,0.4709,0.7165,1.1821,0.1027,502.4454,567.4014,0.7925,0.088,0.3815,791,"[788, 789, 782, 770, 763, 791]",802,True,1000000,15.0,18.0,Standard
MID_0536,Restaurant,Delhi,3.3,excellent,545834.01,0.066,0.9319,0.0122,0.0062,1.0543,0.5519,0.7443,1.7407,0.0278,3246.3422,997.9645,0.9034,0.0157,0.2095,812,"[796, 799, 795, 786, 800, 812]",830,True,2000000,12.5,24.0,Premium
MID_0537,Travel,Kolkata,6.2,average,44853.94,-0.0063,0.5539,0.1239,0.0212,2.9842,0.2863,0.4843,1.1153,0.1048,409.2634,221.8129,0.6523,0.1923,0.4027,695,"[631, 623, 617, 611, 633, 695]",725,True,400000,18.5,12.0,Basic
MID_0538,Pharmacy,Bangalore,2.0,bad,10902.72,-0.1425,0.3818,0.3161,0.0523,9.9767,0.0926,0.1953,0.7236,0.3159,182.9403,14.8492,0.247,0.5976,0.8949,509,"[480, 480, 473, 476, 497, 509]",538,True,100000,24.0,6.0,Micro
MID_0539,Grocery,Surat,0.9,bad,20630.48,-0.1757,0.1852,0.2989,0.0706,9.8385,0.0276,0.1268,0.9985,0.332,121.7116,16.2557,0.1734,0.4911,0.6771,476,"[420, 412, 405, 390, 382, 476]",517,False,0,,,Ineligible
MID_0540,Auto Parts,Surat,4.5,good,263731.98,0.0539,0.8689,0.051,0.0107,1.6803,0.4659,0.7069,1.4434,0.0807,2394.6961,706.6085,0.7417,0.1058,0.2486,781,"[753, 755, 753, 761, 764, 781]",822,True,1000000,15.0,18.0,Standard
MID_0541,Healthcare,Surat,4.6,average,80325.46,0.0727,0.5738,0.0983,0.0109,3.7218,0.2644,0.5781,1.1555,0.1808,1318.1314,44.0201,0.68,0.1451,0.3787,702,"[668, 679, 668, 669, 689, 702]",733,True,1000000,15.0,18.0,Standard
MID_0542,EdTech,Ahmedabad,7.5,average,77711.44,-0.005,0.5646,0.1121,0.0241,2.1455,0.277,0.452,1.1194,0.1457,972.4225,50.2531,0.6504,0.1927,0.4037,696,"[666, 651, 643, 663, 650, 696]",708,True,400000,18.5,12.0,Basic
MID_0543,SaaS,Hyderabad,5.5,average,146010.58,0.0398,0.6883,0.1006,0.0144,2.26,0.33,0.4543,1.2206,0.1512,1018.3708,208.2904,0.5982,0.1542,0.4591,724,"[662, 665, 664, 656, 677, 724]",758,True,1000000,15.0,18.0,Standard
MID_0544,Gym,Hyderabad,4.5,bad,6292.71,-0.0352,0.263,0.2951,0.0447,7.6841,0.0776,0.1928,0.8384,0.4143,222.3649,29.389,0.3471,0.5224,0.7591,543,"[463, 469, 461, 486, 473, 543]",573,True,100000,24.0,6.0,Micro
MID_0545,Freelancer,Jaipur,0.5,average,119036.83,0.0592,0.6237,0.1156,0.0232,3.3271,0.3275,0.5462,1.117,0.1728,631.44,158.7252,0.5565,0.1808,0.3836,691,"[645, 641, 633, 639, 643, 691]",709,True,400000,18.5,12.0,Basic
MID_0546,Pharmacy,Surat,2.7,average,109137.8,-0.0067,0.6565,0.1061,0.014,2.7828,0.3273,0.5706,1.0584,0.196,1400.9025,282.9794,0.6078,0.1197,0.3659,708,"[655, 679, 683, 705, 704, 708]",728,True,1000000,15.0,18.0,Standard
MID_0547,Salon,Surat,2.2,average,65681.17,0.0408,0.6873,0.0682,0.0229,3.8792,0.1981,0.5363,1.1108,0.1026,1039.5671,174.9231,0.7126,0.2139,0.4617,700,"[663, 681, 675, 668, 678, 700]",742,True,1000000,15.0,18.0,Standard
MID_0548,Food Delivery,Surat,1.1,poor,52877.14,-0.0221,0.3879,0.1459,0.045,4.0008,0.1083,0.3746,0.9215,0.231,376.1715,24.2618,0.4175,0.2194,0.6821,601,"[580, 574, 576, 590, 613, 601]",638,True,400000,18.5,12.0,Basic
MID_0549,Gym,Pune,0.8,bad,7541.43,-0.0553,0.3243,0.3608,0.0465,9.7023,0.0834,0.086,0.8062,0.3805,265.5016,47.6589,0.1781,0.5275,0.7682,515,"[491, 487, 477, 496, 502, 515]",547,True,100000,24.0,6.0,Micro
MID_0550,Salon,Bangalore,7.2,bad,15966.03,-0.04,0.344,0.304,0.0973,9.1842,0.0667,0.1506,0.9263,0.3986,147.8383,43.8167,0.1818,0.5618,0.7776,491,"[465, 479, 481, 480, 500, 491]",519,False,0,,,Ineligible
MID_0551,Electronics,Jaipur,1.5,bad,21587.22,-0.0274,0.3531,0.307,0.0599,4.8168,0.0881,0.23,0.7129,0.4564,180.3763,15.3308,0.2989,0.4196,0.8896,550,"[495, 512, 532, 520, 505, 550]",562,True,100000,24.0,6.0,Micro
MID_0552,EdTech,Hyderabad,5.3,average,124058.42,0.0482,0.6068,0.0827,0.0178,3.2338,0.2456,0.5164,1.215,0.1144,1452.0239,219.4938,0.7092,0.1508,0.5298,714,"[678, 693, 683, 702, 726, 714]",747,True,1000000,15.0,18.0,Standard
MID_0553,Grocery,Hyderabad,7.6,excellent,309993.92,0.2127,0.942,0.0342,0.0017,1.1337,0.6591,0.7316,1.7246,0.0551,3509.6211,1328.4415,0.9311,0.0124,0.2107,841,"[801, 794, 801, 800, 806, 841]",876,True,2000000,12.5,24.0,Premium
MID_0554,EdTech,Delhi,5.5,good,143146.8,0.0655,0.7943,0.043,0.0147,2.1241,0.3531,0.5771,1.1774,0.09,581.7344,199.712,0.7162,0.1053,0.371,748,"[683, 672, 659, 679, 693, 748]",788,True,1000000,15.0,18.0,Standard
MID_0555,Electronics,Delhi,3.9,good,207565.64,0.1132,0.7548,0.0582,0.0108,1.3723,0.4676,0.5559,1.1909,0.0609,2887.982,736.7491,0.7385,0.073,0.2342,770,"[750, 738, 735, 742, 733, 770]",800,True,1000000,15.0,18.0,Standard
MID_0556,Freelancer,Pune,5.8,good,254708.02,0.1363,0.7525,0.0578,0.0081,1.8358,0.3978,0.6789,1.4686,0.1118,1047.1651,665.7693,0.7522,0.1154,0.3142,762,"[709, 719, 733, 725, 728, 762]",800,True,1000000,15.0,18.0,Standard
MID_0557,Restaurant,Bangalore,4.8,average,45716.85,0.0131,0.6833,0.1077,0.0214,3.8213,0.3022,0.4271,1.2124,0.1818,379.758,287.3214,0.7108,0.1623,0.3761,708,"[620, 620, 634, 648, 635, 708]",720,True,1000000,15.0,18.0,Standard
MID_0558,Auto Parts,Mumbai,2.5,average,95567.7,0.074,0.727,0.1015,0.0176,3.1378,0.2394,0.4263,1.222,0.1705,683.8508,173.727,0.5814,0.1765,0.4289,716,"[676, 692, 685, 681, 678, 716]",731,True,1000000,15.0,18.0,Standard
MID_0559,Food Delivery,Surat,6.9,average,39852.54,-0.0134,0.717,0.073,0.0132,3.4559,0.3328,0.5709,1.0069,0.1149,950.345,242.5973,0.6741,0.1704,0.4196,716,"[678, 693, 686, 695, 688, 716]",752,True,1000000,15.0,18.0,Standard
MID_0560,Gym,Delhi,2.1,average,42771.37,0.0767,0.579,0.0639,0.0123,2.3036,0.2152,0.406,1.206,0.17,798.4482,161.3037,0.6622,0.1064,0.4712,695,"[669, 660, 652, 642, 655, 695]",726,True,400000,18.5,12.0,Basic
MID_0561,Freelancer,Jaipur,6.2,bad,6324.36,-0.1067,0.3324,0.2093,0.0743,6.5887,0.047,0.1711,0.8981,0.3802,356.9054,41.5067,0.3286,0.3811,0.8411,510,"[490, 502, 512, 502, 501, 510]",540,True,100000,24.0,6.0,Micro
MID_0562,Electronics,Bangalore,5.0,good,89295.44,0.127,0.751,0.0723,0.0149,1.7,0.3761,0.7082,1.5052,0.1015,503.0902,751.4905,0.8288,0.0855,0.269,773,"[720, 714, 717, 708, 700, 773]",818,True,1000000,15.0,18.0,Standard
MID_0563,Pharmacy,Jaipur,3.3,good,381641.3,0.0476,0.7243,0.0771,0.0139,2.557,0.3051,0.748,1.5651,0.0796,1404.5564,213.3677,0.7415,0.0796,0.2121,741,"[701, 704, 723, 709, 703, 741]",769,True,1000000,15.0,18.0,Standard
MID_0564,EdTech,Delhi,3.1,good,349000.71,0.1276,0.8295,0.0621,0.0072,2.4207,0.3571,0.5999,1.1623,0.0931,2769.9513,383.878,0.7893,0.1131,0.328,781,"[730, 733, 745, 770, 770, 781]",802,True,1000000,15.0,18.0,Standard
MID_0565,Clothing,Chennai,4.1,excellent,723149.29,0.1002,0.9064,0.0133,0.0049,1.7692,0.6493,0.8285,1.3271,0.0211,4628.1651,1626.5539,0.922,0.014,0.1598,818,"[794, 801, 806, 824, 836, 818]",837,True,2000000,12.5,24.0,Premium
MID_0566,SaaS,Mumbai,7.0,excellent,354844.37,0.0622,0.861,0.0253,0.0039,1.1017,0.4635,0.8782,1.5325,0.0588,4214.588,717.9055,0.9761,0.0482,0.1738,813,"[779, 765, 767, 766, 785, 813]",851,True,2000000,12.5,24.0,Premium
MID_0567,Salon,Kolkata,5.0,average,53266.51,0.0361,0.6168,0.14,0.0221,3.554,0.2832,0.4144,1.243,0.1939,1398.56,257.966,0.7012,0.1524,0.3798,682,"[638, 657, 643, 630, 626, 682]",698,True,400000,18.5,12.0,Basic
MID_0568,Grocery,Pune,5.2,excellent,200520.9,0.0733,0.9081,0.0246,0.0043,1.9139,0.4593,0.8873,1.4839,0.0294,4026.7453,1193.6623,0.9567,0.0325,0.205,824,"[767, 779, 792, 790, 782, 824]",866,True,2000000,12.5,24.0,Premium
MID_0569,Restaurant,Surat,2.7,poor,49771.28,0.0208,0.4409,0.1988,0.0497,4.9166,0.1578,0.2437,1.0476,0.2759,669.5657,55.1332,0.478,0.2527,0.5904,593,"[556, 543, 548, 543, 538, 593]",623,True,100000,24.0,6.0,Micro
MID_0570,Salon,Bangalore,2.1,average,85248.03,0.0391,0.6078,0.1055,0.0117,3.2211,0.3172,0.3947,1.2468,0.1264,1348.4525,260.5116,0.7125,0.1167,0.3929,712,"[657, 646, 647, 666, 677, 712]",738,True,1000000,15.0,18.0,Standard
MID_0571,Retail,Jaipur,7.6,poor,21734.79,-0.011,0.5227,0.1943,0.0379,5.6549,0.1736,0.2987,0.9367,0.1957,783.2079,116.0645,0.5181,0.2968,0.6377,635,"[602, 621, 645, 667, 688, 635]",653,True,400000,18.5,12.0,Basic
MID_0572,Electronics,Delhi,3.9,poor,27968.04,-0.0333,0.5632,0.1942,0.0332,4.5205,0.1325,0.2025,0.9431,0.2937,281.6505,19.9163,0.4591,0.2852,0.5206,631,"[577, 585, 574, 585, 573, 631]",672,True,400000,18.5,12.0,Basic
MID_0573,Freelancer,Surat,2.5,good,275137.0,0.0928,0.8007,0.0532,0.0125,2.1572,0.4998,0.736,1.3386,0.0945,1167.8362,512.1892,0.7413,0.0494,0.3809,778,"[753, 758, 765, 760, 765, 778]",823,True,1000000,15.0,18.0,Standard
MID_0574,EdTech,Hyderabad,3.0,good,109944.23,0.141,0.813,0.0729,0.0116,2.2824,0.3363,0.678,1.5424,0.1148,2255.0276,298.128,0.8098,0.0707,0.2497,775,"[757, 754, 742, 727, 735, 775]",794,True,1000000,15.0,18.0,Standard
MID_0575,Electronics,Pune,4.8,good,265986.24,0.0558,0.8075,0.03,0.0147,2.9203,0.4557,0.6032,1.3001,0.0988,1069.8802,128.7616,0.7785,0.1188,0.279,777,"[734, 722, 708, 726, 715, 777]",794,True,1000000,15.0,18.0,Standard
MID_0576,SaaS,Hyderabad,3.2,poor,38133.45,0.0059,0.5797,0.2335,0.0414,3.3239,0.1056,0.3583,1.1236,0.2278,786.7088,19.598,0.4085,0.3001,0.5208,638,"[608, 630, 626, 623, 614, 638]",654,True,400000,18.5,12.0,Basic
MID_0577,Salon,Pune,5.4,poor,41001.3,-0.0644,0.5312,0.1741,0.0454,4.4101,0.1688,0.3972,1.1328,0.1891,461.0511,88.5204,0.4867,0.3032,0.6203,624,"[535, 536, 554, 545, 541, 624]",660,True,400000,18.5,12.0,Basic
MID_0578,EdTech,Delhi,6.4,poor,39160.33,0.0195,0.4941,0.2431,0.0364,4.8494,0.1446,0.377,0.9622,0.3165,377.0793,79.9472,0.4513,0.3675,0.5839,626,"[599, 595, 592, 604, 593, 626]",647,True,400000,18.5,12.0,Basic
MID_0579,Restaurant,Ahmedabad,8.0,good,386108.52,0.1356,0.7271,0.0357,0.0097,1.845,0.4456,0.5954,1.398,0.1027,1888.0985,376.42,0.7758,0.0599,0.3952,756,"[699, 708, 708, 694, 680, 756]",785,True,1000000,15.0,18.0,Standard
MID_0580,Healthcare,Bangalore,2.7,bad,8290.28,-0.2392,0.3801,0.4497,0.0809,5.6438,0.0922,0.2265,0.884,0.3749,193.6611,19.7094,0.2502,0.3985,0.855,491,"[424, 426, 433, 419, 422, 491]",521,False,0,,,Ineligible
MID_0581,Clothing,Hyderabad,6.4,poor,9090.18,-0.083,0.5471,0.168,0.044,5.6277,0.174,0.3879,0.9461,0.2386,590.4189,20.6902,0.4412,0.2601,0.6338,601,"[551, 543, 535, 527, 524, 601]",639,True,400000,18.5,12.0,Basic
MID_0582,Salon,Ahmedabad,5.7,average,72646.3,0.0564,0.6727,0.0912,0.0116,2.3538,0.3006,0.402,1.1118,0.1972,854.3686,288.7018,0.6407,0.162,0.4276,721,"[628, 632, 637, 638, 652, 721]",739,True,1000000,15.0,18.0,Standard
MID_0583,Clothing,Delhi,1.8,average,143670.36,0.0244,0.7071,0.0611,0.022,2.8922,0.349,0.4699,1.0789,0.1164,1255.5857,59.7963,0.6742,0.2103,0.3607,710,"[649, 643, 642, 650, 650, 710]",723,True,1000000,15.0,18.0,Standard
MID_0584,Gym,Jaipur,3.1,poor,16118.66,0.0278,0.568,0.1427,0.0238,5.0152,0.1634,0.2512,0.9811,0.2155,657.8411,117.8946,0.4117,0.2057,0.7078,643,"[610, 624, 644, 663, 651, 643]",665,True,400000,18.5,12.0,Basic
MID_0585,Electronics,Ahmedabad,2.6,average,115830.38,0.0531,0.6483,0.1352,0.021,3.9666,0.2566,0.5783,1.1194,0.1206,1063.8475,207.7169,0.6653,0.12,0.3839,718,"[678, 696, 717, 716, 701, 718]",732,True,1000000,15.0,18.0,Standard
MID_0586,SaaS,Kolkata,7.7,poor,22687.61,-0.0071,0.3947,0.1703,0.0498,5.9366,0.119,0.32,1.1074,0.2173,725.656,49.7575,0.4028,0.255,0.5079,605,"[536, 524, 544, 546, 552, 605]",619,True,400000,18.5,12.0,Basic
MID_0587,Food Delivery,Kolkata,3.1,good,166119.71,0.1392,0.8729,0.0431,0.0093,2.6517,0.3421,0.657,1.2808,0.0546,2006.9185,252.2099,0.8268,0.0842,0.2031,791,"[735, 729, 738, 729, 732, 791]",817,True,1000000,15.0,18.0,Standard
MID_0588,Food Delivery,Jaipur,6.0,poor,35354.12,-0.0447,0.4849,0.1869,0.0247,5.6602,0.1629,0.2134,1.1483,0.224,505.1426,28.9487,0.4602,0.2494,0.5989,617,"[583, 598, 606, 621, 622, 617]",644,True,400000,18.5,12.0,Basic
MID_0589,Electronics,Hyderabad,6.7,average,101324.64,-0.0037,0.5971,0.1054,0.0115,3.9516,0.3475,0.5251,1.15,0.1392,1261.9848,285.3624,0.6463,0.218,0.4534,690,"[657, 649, 639, 656, 642, 690]",700,True,400000,18.5,12.0,Basic
MID_0590,Restaurant,Delhi,5.7,good,211473.23,0.0349,0.8656,0.0554,0.0113,2.3429,0.4116,0.7104,1.3404,0.077,528.0102,158.528,0.7532,0.0698,0.3594,783,"[756, 778, 789, 800, 788, 783]",796,True,1000000,15.0,18.0,Standard
MID_0591,Healthcare,Ahmedabad,2.6,poor,44053.08,-0.0285,0.3818,0.1609,0.0323,5.9473,0.118,0.3488,0.9244,0.1805,613.3347,119.4314,0.4551,0.3353,0.7015,617,"[578, 593, 593, 612, 610, 617]",629,True,400000,18.5,12.0,Basic
MID_0592,Salon,Kolkata,7.8,average,82122.4,-0.0108,0.5526,0.1118,0.0237,2.5982,0.1947,0.3999,1.2522,0.1993,492.2341,113.3701,0.6873,0.165,0.3701,696,"[656, 660, 666, 652, 668, 696]",733,True,400000,18.5,12.0,Basic
MID_0593,Salon,Jaipur,2.0,average,75173.19,0.0526,0.6629,0.0924,0.0158,2.9182,0.1826,0.4315,1.13,0.1555,1367.0179,187.0957,0.6303,0.2194,0.4821,702,"[660, 669, 661, 664, 652, 702]",736,True,1000000,15.0,18.0,Standard
MID_0594,Restaurant,Surat,2.3,excellent,208901.42,0.1363,0.9412,0.0396,0.0042,1.9634,0.5805,0.8398,1.9109,0.0352,2071.4478,341.5867,0.9611,0.0404,0.2471,841,"[781, 780, 786, 810, 799, 841]",869,True,2000000,12.5,24.0,Premium
MID_0595,Travel,Delhi,5.5,excellent,333825.36,0.1704,0.9519,0.0129,0.0057,1.8348,0.5879,0.7701,1.726,0.0437,4747.8546,984.3364,0.873,0.0156,0.2415,829,"[799, 820, 841, 837, 851, 829]",847,True,2000000,12.5,24.0,Premium
MID_0596,Retail,Jaipur,3.1,good,251584.62,0.1286,0.771,0.069,0.0063,2.6898,0.3283,0.7189,1.2836,0.1081,2275.7665,112.6433,0.8322,0.0451,0.2799,785,"[763, 767, 760, 751, 770, 785]",806,True,1000000,15.0,18.0,Standard
MID_0597,EdTech,Bangalore,7.4,average,137413.47,0.0685,0.606,0.0647,0.0173,3.3039,0.3351,0.4937,1.0483,0.1262,788.4112,63.4233,0.7189,0.1087,0.5383,729,"[648, 636, 652, 675, 685, 729]",742,True,1000000,15.0,18.0,Standard
MID_0598,Retail,Delhi,4.8,bad,15268.72,-0.0559,0.3715,0.2273,0.089,4.517,0.0349,0.0937,0.964,0.4437,129.5945,41.7623,0.3326,0.366,0.7924,507,"[485, 483, 468, 491, 487, 507]",522,True,100000,24.0,6.0,Micro
MID_0599,Auto Parts,Jaipur,4.8,good,324195.59,0.1109,0.7563,0.0623,0.013,2.0438,0.3826,0.6611,1.2067,0.11,1361.5344,516.6246,0.7502,0.0778,0.2231,753,"[709, 731, 755, 749, 746, 753]",776,True,1000000,15.0,18.0,Standard
MID_0600,Auto Parts,Delhi,0.8,good,137841.94,0.1207,0.8262,0.0502,0.0118,1.1374,0.4785,0.5927,1.5408,0.1053,1399.8576,279.2235,0.8375,0.1059,0.2675,780,"[776, 800, 802, 817, 820, 780]",804,True,1000000,15.0,18.0,Standard
MID_0601,Travel,Chennai,7.2,bad,13092.63,-0.1242,0.3919,0.2795,0.0537,9.5268,0.0838,0.1872,0.9549,0.3693,98.2649,7.1345,0.2268,0.4837,0.7611,505,"[473, 472, 472, 473, 466, 505]",515,True,100000,24.0,6.0,Micro
MID_0602,SaaS,Mumbai,4.6,good,300003.3,0.0339,0.7989,0.065,0.0123,2.3322,0.42,0.7279,1.1499,0.0558,750.2927,645.2364,0.8695,0.0476,0.3973,767,"[752, 764, 751, 765, 756, 767]",800,True,1000000,15.0,18.0,Standard
MID_0603,Auto Parts,Hyderabad,2.9,bad,8425.94,-0.0337,0.3206,0.4496,0.0936,8.0012,0.0346,0.2332,0.9355,0.478,175.0705,48.2891,0.1524,0.608,0.8399,455,"[414, 434, 456, 477, 476, 455]",481,False,0,,,Ineligible
MID_0604,Gym,Surat,3.0,average,32709.98,0.0635,0.57,0.0954,0.0129,2.2583,0.2811,0.3909,1.1062,0.1743,1076.2928,207.4175,0.7053,0.18,0.5158,719,"[694, 687, 685, 698, 692, 719]",736,True,1000000,15.0,18.0,Standard
MID_0605,Restaurant,Chennai,3.1,bad,21700.37,-0.1515,0.2766,0.3747,0.0856,4.3865,0.0634,0.1866,0.973,0.4902,396.67,20.1565,0.2915,0.6176,0.89,494,"[459, 467, 458, 457, 445, 494]",535,False,0,,,Ineligible
MID_0606,SaaS,Surat,0.6,excellent,497739.13,0.2386,0.9681,0.0264,0.0015,1.3869,0.5598,0.7657,1.8448,0.0558,4983.6869,1101.7169,0.9403,0.015,0.2335,830,"[756, 769, 794, 813, 799, 830]",869,True,2000000,12.5,24.0,Premium
MID_0607,Salon,Bangalore,3.0,excellent,265804.37,0.1196,0.8514,0.0248,0.0079,1.3131,0.4825,0.7978,1.5001,0.0384,1870.0389,1247.8033,0.9316,0.0365,0.1859,804,"[769, 758, 743, 760, 768, 804]",840,True,2000000,12.5,24.0,Premium
MID_0608,Food Delivery,Mumbai,3.2,excellent,690628.66,0.1582,0.9688,0.0253,0.0027,1.1515,0.6757,0.7221,1.5748,0.0288,1371.5405,1869.5331,0.8866,0.0371,0.2437,834,"[794, 801, 825, 828, 847, 834]",849,True,2000000,12.5,24.0,Premium
MID_0609,Electronics,Surat,6.0,poor,24962.52,-0.0486,0.4031,0.2296,0.0326,5.4123,0.1015,0.2019,1.0736,0.2441,347.6062,34.5866,0.4088,0.377,0.6958,578,"[493, 510, 529, 523, 538, 578]",600,True,100000,24.0,6.0,Micro
MID_0610,Salon,Bangalore,1.2,poor,46096.55,-0.0778,0.4311,0.2384,0.0436,4.5668,0.1892,0.359,1.0716,0.2592,403.6144,96.1443,0.4657,0.2381,0.5817,595,"[537, 552, 565, 569, 582, 595]",640,True,100000,24.0,6.0,Micro
MID_0611,EdTech,Mumbai,5.8,poor,51149.25,0.0192,0.4601,0.2195,0.041,5.5742,0.0881,0.4154,1.0522,0.2016,736.0304,65.3571,0.3896,0.2916,0.573,622,"[587, 578, 592, 596, 581, 622]",645,True,400000,18.5,12.0,Basic
MID_0612,SaaS,Chennai,4.5,average,127713.48,0.0029,0.6825,0.0724,0.0138,2.5548,0.2628,0.4413,1.0634,0.1132,1174.0979,176.4742,0.5687,0.1506,0.5407,709,"[663, 653, 663, 648, 635, 709]",722,True,1000000,15.0,18.0,Standard
MID_0613,Grocery,Bangalore,2.1,excellent,633966.85,0.1496,0.9606,0.0138,0.0071,1.2437,0.6295,0.7104,1.8438,0.0252,1192.8556,803.8373,0.8561,0.0201,0.1296,840,"[816, 810, 828, 832, 831, 840]",856,True,2000000,12.5,24.0,Premium
MID_0614,SaaS,Jaipur,2.2,poor,46651.99,-0.0153,0.5779,0.1317,0.0405,5.4389,0.1974,0.2163,0.9746,0.3011,128.6136,114.2135,0.4839,0.372,0.548,605,"[594, 600, 596, 606, 607, 605]",620,True,400000,18.5,12.0,Basic
MID_0615,Healthcare,Hyderabad,7.5,average,33220.84,-0.0144,0.6312,0.1308,0.0245,2.8354,0.3449,0.4665,1.2862,0.1877,252.7532,100.8056,0.617,0.1184,0.4641,691,"[676, 692, 708, 705, 692, 691]",726,True,400000,18.5,12.0,Basic
MID_0616,Clothing,Chennai,5.0,good,143098.19,0.0742,0.7214,0.0624,0.0088,1.9072,0.3259,0.5838,1.1673,0.1117,793.6779,306.8624,0.7264,0.0573,0.2822,763,"[734, 746, 742, 733, 745, 763]",775,True,1000000,15.0,18.0,Standard
MID_0617,EdTech,Ahmedabad,7.6,average,116431.09,-0.0102,0.6746,0.0926,0.0196,3.4487,0.3343,0.5365,1.1974,0.1571,694.3461,97.3568,0.6451,0.1966,0.5275,717,"[684, 707, 727, 739, 739, 717]",742,True,1000000,15.0,18.0,Standard
MID_0618,Grocery,Hyderabad,7.6,excellent,626527.45,0.0655,0.9418,0.021,0.0057,1.4995,0.457,0.945,1.487,0.0545,4069.1205,902.7278,0.9397,0.037,0.1749,819,"[770, 795, 809, 831, 853, 819]",841,True,2000000,12.5,24.0,Premium
MID_0619,Pharmacy,Hyderabad,3.8,average,144932.96,0.0071,0.6273,0.1183,0.0217,2.7646,0.3172,0.4748,1.2718,0.1126,430.2082,114.2432,0.5538,0.1837,0.3516,710,"[675, 681, 698, 691, 692, 710]",743,True,1000000,15.0,18.0,Standard
MID_0620,SaaS,Kolkata,3.5,poor,17870.29,0.0109,0.4051,0.1789,0.0494,3.4101,0.1242,0.3578,1.1468,0.2172,369.3642,112.9781,0.4158,0.3796,0.7098,608,"[594, 617, 634, 631, 629, 608]",621,True,400000,18.5,12.0,Basic
MID_0621,Gym,Surat,3.6,average,90603.89,-0.0096,0.7315,0.1323,0.0104,3.2912,0.3042,0.4891,1.1592,0.1356,417.1159,282.2995,0.5635,0.1876,0.4393,710,"[664, 682, 693, 708, 700, 710]",752,True,1000000,15.0,18.0,Standard
MID_0622,Healthcare,Ahmedabad,2.4,poor,41510.56,-0.0118,0.3612,0.1846,0.0393,3.4908,0.1578,0.3795,0.9063,0.2541,657.6428,106.9078,0.5387,0.2401,0.5978,625,"[579, 571, 575, 565, 586, 625]",637,True,400000,18.5,12.0,Basic
MID_0623,Auto Parts,Pune,6.6,poor,60511.42,-0.0918,0.5633,0.1678,0.0395,4.9749,0.0855,0.2056,0.938,0.2999,224.727,28.4425,0.4211,0.2576,0.6458,591,"[566, 590, 603, 593, 615, 591]",634,True,100000,24.0,6.0,Micro
MID_0624,Healthcare,Delhi,4.2,good,89380.35,0.0358,0.7805,0.0473,0.0121,2.0362,0.3782,0.7313,1.1134,0.0951,1939.0337,541.8173,0.7872,0.0597,0.2256,772,"[722, 734, 755, 746, 737, 772]",810,True,1000000,15.0,18.0,Standard
MID_0625,Clothing,Surat,1.9,average,95521.17,-0.0199,0.6227,0.0979,0.0204,3.7888,0.3214,0.552,1.0677,0.1227,754.8679,171.8917,0.7152,0.1563,0.3683,722,"[692, 701, 718, 707, 713, 722]",744,True,1000000,15.0,18.0,Standard
MID_0626,Salon,Mumbai,1.2,average,50333.52,-0.01,0.679,0.1362,0.0247,2.4445,0.3437,0.5291,1.1896,0.1183,316.5327,263.3478,0.6633,0.201,0.4369,700,"[645, 649, 647, 662, 652, 700]",723,True,1000000,15.0,18.0,Standard
MID_0627,Travel,Bangalore,1.6,good,300658.15,0.0222,0.737,0.0604,0.0075,1.3079,0.412,0.6841,1.4703,0.0608,2539.217,793.5687,0.8136,0.0547,0.3469,756,"[746, 770, 769, 769, 756, 756]",796,True,1000000,15.0,18.0,Standard
MID_0628,Food Delivery,Hyderabad,1.0,average,89583.25,0.0072,0.6867,0.0993,0.0116,2.4726,0.2625,0.4494,1.257,0.195,1203.8213,209.8323,0.6051,0.1016,0.482,704,"[647, 664, 675, 669, 687, 704]",737,True,1000000,15.0,18.0,Standard
MID_0629,Salon,Delhi,2.9,good,234952.76,0.067,0.7602,0.0336,0.0067,2.2524,0.3135,0.5673,1.5887,0.0687,693.7329,636.499,0.8212,0.0664,0.2543,769,"[714, 739, 747, 751, 755, 769]",782,True,1000000,15.0,18.0,Standard
MID_0630,Gym,Mumbai,6.6,excellent,258125.39,0.2453,0.9367,0.0121,0.0071,1.4961,0.484,0.8654,1.4048,0.0229,1647.4984,638.5716,0.9431,0.0462,0.193,838,"[777, 800, 804, 792, 794, 838]",862,True,2000000,12.5,24.0,Premium
MID_0631,Retail,Surat,7.9,good,234756.83,0.0706,0.8423,0.053,0.0084,2.1536,0.4061,0.6743,1.4244,0.0794,1093.0786,546.1817,0.7374,0.0905,0.3143,778,"[755, 765, 765, 763, 749, 778]",809,True,1000000,15.0,18.0,Standard
MID_0632,Electronics,Hyderabad,1.4,excellent,224865.05,0.0639,0.9595,0.0332,0.0044,1.3781,0.6983,0.8408,1.6193,0.0569,2815.7394,1479.7396,0.8502,0.0268,0.1842,823,"[765, 767, 774, 783, 805, 823]",838,True,2000000,12.5,24.0,Premium
MID_0633,Salon,Hyderabad,3.4,good,282213.63,0.0244,0.8573,0.0317,0.0091,1.706,0.4398,0.6441,1.1188,0.1017,2937.6287,495.5324,0.811,0.117,0.2883,779,"[710, 723, 717, 710, 723, 779]",789,True,1000000,15.0,18.0,Standard
MID_0634,Electronics,Pune,3.1,good,130176.68,0.0738,0.753,0.045,0.0149,2.7067,0.4228,0.7332,1.4104,0.0892,1924.7919,334.7794,0.7708,0.1138,0.2828,757,"[713, 734, 756, 770, 768, 757]",771,True,1000000,15.0,18.0,Standard
MID_0635,Healthcare,Chennai,5.1,good,380661.66,0.0966,0.8405,0.0421,0.0121,2.7154,0.3552,0.6402,1.2132,0.1117,2692.6836,284.656,0.7946,0.0941,0.3315,755,"[730, 732, 741, 745, 768, 755]",799,True,1000000,15.0,18.0,Standard
MID_0636,Freelancer,Jaipur,4.9,bad,4438.58,-0.2137,0.3918,0.4494,0.0856,6.6733,0.0249,0.1095,0.9581,0.4476,217.6256,18.5611,0.3459,0.4543,0.7218,483,"[460, 450, 466, 453, 438, 483]",520,False,0,,,Ineligible
MID_0637,Food Delivery,Chennai,3.4,excellent,603501.49,0.0947,0.8571,0.0108,0.0073,1.8746,0.4767,0.8947,1.4428,0.0546,2199.9375,908.2681,0.8963,0.0383,0.1587,807,"[750, 735, 758, 782, 770, 807]",830,True,2000000,12.5,24.0,Premium
MID_0638,Retail,Chennai,5.8,average,50579.09,0.0496,0.6293,0.0777,0.0111,3.8691,0.2736,0.3906,1.0614,0.189,447.6418,145.9229,0.7086,0.1889,0.3567,701,"[659, 652, 642, 639, 650, 701]",737,True,1000000,15.0,18.0,Standard
MID_0639,EdTech,Kolkata,6.4,average,33032.32,0.0352,0.7303,0.136,0.0147,3.4157,0.2039,0.5693,1.1144,0.1583,265.1599,270.3915,0.6611,0.1776,0.5445,701,"[646, 632, 625, 623, 614, 701]",734,True,1000000,15.0,18.0,Standard
MID_0640,Restaurant,Bangalore,1.7,average,145006.51,0.0222,0.6177,0.0959,0.0151,3.7443,0.3368,0.4151,1.0603,0.152,399.3134,246.234,0.5516,0.1019,0.416,688,"[641, 627, 620, 621, 624, 688]",705,True,400000,18.5,12.0,Basic
MID_0641,Freelancer,Kolkata,6.4,good,353859.26,0.0769,0.7883,0.0688,0.0111,1.6947,0.4628,0.5998,1.4742,0.0621,2104.3874,247.4266,0.7141,0.1123,0.382,766,"[735, 729, 723, 737, 760, 766]",784,True,1000000,15.0,18.0,Standard
MID_0642,EdTech,Chennai,3.9,bad,19603.35,-0.0638,0.3493,0.4293,0.041,6.7253,0.033,0.1078,0.9391,0.3444,358.378,7.632,0.3373,0.5667,0.8791,538,"[506, 495, 517, 528, 540, 538]",564,True,100000,24.0,6.0,Micro
MID_0643,Salon,Delhi,5.2,poor,52488.16,-0.0762,0.4107,0.1702,0.0392,3.6822,0.1847,0.297,1.0972,0.2457,203.8366,68.1079,0.5642,0.2324,0.5697,636,"[568, 569, 575, 588, 610, 636]",655,True,400000,18.5,12.0,Basic
MID_0644,Clothing,Ahmedabad,2.4,good,270639.54,0.1423,0.8471,0.035,0.0058,2.9587,0.3238,0.6416,1.3568,0.0665,1366.639,581.852,0.7749,0.1135,0.3228,785,"[714, 701, 719, 716, 702, 785]",809,True,1000000,15.0,18.0,Standard
MID_0645,SaaS,Bangalore,3.1,average,96342.97,0.0052,0.621,0.1079,0.021,3.7948,0.1986,0.4024,1.0527,0.1905,1428.9504,234.594,0.5925,0.1669,0.3864,693,"[654, 646, 658, 670, 666, 693]",727,True,400000,18.5,12.0,Basic
MID_0646,Food Delivery,Hyderabad,7.3,poor,7646.96,-0.0299,0.395,0.2469,0.0288,4.3285,0.1886,0.2041,1.0256,0.2526,456.0022,75.9116,0.426,0.2488,0.5046,624,"[567, 573, 572, 581, 601, 624]",662,True,400000,18.5,12.0,Basic
MID_0647,Gym,Chennai,5.2,bad,11824.51,-0.104,0.2023,0.4369,0.0759,5.8992,0.0387,0.1114,0.9764,0.3843,328.1766,12.2008,0.2325,0.3961,0.7546,486,"[478, 469, 480, 488, 510, 486]",514,False,0,,,Ineligible
MID_0648,Retail,Delhi,2.9,poor,58682.55,-0.0466,0.3597,0.1969,0.0295,4.9945,0.1498,0.2512,0.9611,0.2736,668.6548,82.804,0.3896,0.312,0.5653,592,"[534, 546, 556, 542, 553, 592]",614,True,100000,24.0,6.0,Micro
MID_0649,Clothing,Delhi,2.2,average,140865.56,-0.0156,0.6648,0.1281,0.0134,3.7111,0.1909,0.5213,1.053,0.1152,1434.6839,84.9529,0.563,0.1899,0.4523,682,"[631, 633, 635, 640, 641, 682]",698,True,400000,18.5,12.0,Basic
MID_0650,Healthcare,Surat,1.3,good,258864.91,0.0276,0.7695,0.0453,0.0063,2.6736,0.3002,0.7089,1.1888,0.115,2788.9157,448.4796,0.8149,0.0784,0.3664,767,"[700, 696, 716, 731, 747, 767]",804,True,1000000,15.0,18.0,Standard
MID_0651,Travel,Bangalore,2.1,average,43492.13,-0.0059,0.736,0.1247,0.0127,2.3866,0.1829,0.5318,1.0136,0.1163,528.8163,96.4091,0.7153,0.1338,0.4471,729,"[676, 665, 669, 679, 670, 729]",756,True,1000000,15.0,18.0,Standard
MID_0652,SaaS,Jaipur,1.2,good,298410.75,0.0344,0.8079,0.0329,0.0138,1.8445,0.3042,0.6876,1.184,0.0501,513.4566,755.3723,0.8346,0.0831,0.2387,780,"[770, 768, 760, 755, 761, 780]",790,True,1000000,15.0,18.0,Standard
MID_0653,Auto Parts,Pune,4.6,good,227058.89,0.1253,0.7473,0.0689,0.0127,1.1249,0.3902,0.6568,1.3161,0.1076,2390.7163,753.4937,0.8544,0.0542,0.3112,785,"[756, 768, 788, 781, 799, 785]",800,True,1000000,15.0,18.0,Standard
MID_0654,EdTech,Pune,5.3,poor,55549.93,0.0187,0.5225,0.2198,0.0253,4.3646,0.1097,0.3215,1.1413,0.1952,781.2032,34.9366,0.5027,0.3424,0.5442,639,"[620, 625, 649, 648, 640, 639]",653,True,400000,18.5,12.0,Basic
MID_0655,EdTech,Ahmedabad,2.9,bad,19883.42,-0.0889,0.2515,0.4239,0.0696,4.5698,0.0235,0.2084,0.917,0.4616,108.4669,33.5662,0.3649,0.5068,0.8641,499,"[465, 474, 497, 487, 509, 499]",531,False,0,,,Ineligible
MID_0656,SaaS,Kolkata,4.8,average,58239.99,0.0493,0.62,0.0998,0.021,2.0333,0.3018,0.541,1.2104,0.1377,1104.7105,253.7136,0.6408,0.1916,0.4723,720,"[695, 692, 697, 705, 728, 720]",744,True,1000000,15.0,18.0,Standard
MID_0657,SaaS,Chennai,5.5,average,31006.47,0.0244,0.6096,0.0709,0.0229,2.0449,0.2256,0.4845,1.2294,0.1412,967.3454,299.2241,0.5607,0.1525,0.4737,699,"[655, 652, 664, 659, 658, 699]",727,True,400000,18.5,12.0,Basic
MID_0658,Salon,Chennai,1.1,average,127008.57,0.0602,0.7194,0.069,0.0169,2.578,0.2579,0.5876,1.103,0.1399,955.9825,250.1911,0.5682,0.1457,0.5053,711,"[689, 680, 691, 708, 728, 711]",731,True,1000000,15.0,18.0,Standard
MID_0659,Retail,Mumbai,1.7,excellent,460025.58,0.1293,0.8877,0.0281,0.0014,1.8399,0.4948,0.8337,1.4769,0.0408,4034.7243,200.9806,0.964,0.0329,0.1285,811,"[774, 780, 775, 784, 788, 811]",827,True,2000000,12.5,24.0,Premium
MID_0660,EdTech,Pune,3.6,poor,9333.71,0.0203,0.4528,0.1682,0.0204,3.0019,0.0855,0.2759,0.9976,0.275,171.2758,108.3035,0.5291,0.2641,0.5447,654,"[600, 595, 603, 621, 645, 654]",682,True,400000,18.5,12.0,Basic
MID_0661,Salon,Ahmedabad,4.8,average,84821.92,0.0521,0.5539,0.0695,0.0171,2.8289,0.2893,0.3877,1.0339,0.175,756.0448,271.0245,0.5709,0.1277,0.5338,707,"[688, 675, 679, 691, 714, 707]",742,True,1000000,15.0,18.0,Standard
MID_0662,Food Delivery,Pune,1.7,bad,11428.76,-0.0689,0.1815,0.2809,0.0607,7.5841,0.0898,0.1033,0.9797,0.449,114.4829,43.4799,0.1787,0.3524,0.709,510,"[489, 484, 482, 503, 500, 510]",540,True,100000,24.0,6.0,Micro
MID_0663,Pharmacy,Surat,2.2,average,48460.25,0.0648,0.7136,0.1028,0.0147,2.9782,0.1939,0.4102,1.0999,0.1348,332.1156,222.3944,0.6965,0.1715,0.3507,703,"[661, 680, 702, 719, 713, 703]",722,True,1000000,15.0,18.0,Standard
MID_0664,Freelancer,Ahmedabad,4.2,average,58641.54,0.0443,0.6963,0.1094,0.0183,3.4247,0.2346,0.4514,1.0543,0.1669,421.4045,258.8415,0.5738,0.2031,0.3703,700,"[660, 663, 650, 672, 678, 700]",733,True,1000000,15.0,18.0,Standard
MID_0665,Grocery,Surat,1.2,average,70142.37,0.0272,0.7029,0.1111,0.0153,2.2823,0.2545,0.4964,1.223,0.1732,345.7755,245.2624,0.6284,0.1428,0.4101,715,"[680, 701, 694, 692, 697, 715]",739,True,1000000,15.0,18.0,Standard
MID_0666,Clothing,Delhi,4.5,average,135796.06,-0.0131,0.5902,0.126,0.0178,3.2018,0.211,0.586,1.1539,0.1506,1356.5118,251.1421,0.6447,0.1423,0.3848,689,"[659, 651, 664, 661, 651, 689]",725,True,400000,18.5,12.0,Basic
MID_0667,Pharmacy,Hyderabad,7.4,poor,34733.5,0.0048,0.4677,0.1332,0.0369,3.3221,0.131,0.3052,0.9731,0.3017,447.5948,92.1982,0.4518,0.2682,0.5358,630,"[603, 597, 598, 606, 614, 630]",667,True,400000,18.5,12.0,Basic
MID_0668,Grocery,Pune,0.9,average,102925.47,-0.0171,0.5574,0.0639,0.0189,2.6806,0.2187,0.3837,1.2718,0.1833,1088.8856,128.499,0.5662,0.1102,0.4689,677,"[651, 651, 666, 671, 677, 677]",716,True,400000,18.5,12.0,Basic
MID_0669,SaaS,Pune,3.8,average,137583.65,0.0624,0.728,0.0863,0.0206,2.6971,0.2684,0.588,1.2226,0.1843,266.7448,77.2994,0.625,0.1701,0.4962,727,"[675, 693, 690, 696, 707, 727]",765,True,1000000,15.0,18.0,Standard
MID_0670,Auto Parts,Delhi,4.0,bad,18393.78,-0.1283,0.379,0.2657,0.0597,4.5933,0.0413,0.2374,0.8276,0.4473,105.9566,49.7711,0.3759,0.3814,0.6956,531,"[478, 480, 487, 503, 511, 531]",572,True,100000,24.0,6.0,Micro
MID_0671,Food Delivery,Jaipur,1.1,bad,9624.33,-0.2474,0.3553,0.3845,0.077,9.5015,0.0973,0.2024,0.8891,0.3167,86.8782,26.0605,0.1608,0.4447,0.7901,480,"[465, 465, 476, 487, 502, 480]",491,False,0,,,Ineligible
MID_0672,Healthcare,Ahmedabad,7.7,excellent,734113.55,0.1137,0.8664,0.0218,0.0062,1.1215,0.5939,0.8968,1.3559,0.0299,4402.1258,426.1704,0.9246,0.029,0.1202,825,"[792, 800, 813, 811, 818, 825]",867,True,2000000,12.5,24.0,Premium
MID_0673,Travel,Delhi,0.8,good,367140.33,0.0589,0.8343,0.0403,0.0057,1.6865,0.4394,0.7074,1.3481,0.0765,1505.1425,740.5088,0.7142,0.0952,0.3019,780,"[742, 752, 765, 775, 782, 780]",817,True,1000000,15.0,18.0,Standard
MID_0674,Retail,Pune,5.2,good,308871.92,0.0312,0.7735,0.0493,0.0088,2.1696,0.4136,0.6214,1.4949,0.0581,1449.5771,272.2695,0.8722,0.0891,0.332,781,"[725, 711, 702, 711, 736, 781]",817,True,1000000,15.0,18.0,Standard
MID_0675,Restaurant,Pune,7.4,good,263343.88,0.0691,0.7608,0.0334,0.012,1.8244,0.307,0.571,1.5996,0.0823,2871.9742,544.2242,0.7369,0.0828,0.3636,750,"[738, 762, 748, 760, 767, 750]",773,True,1000000,15.0,18.0,Standard
MID_0676,Restaurant,Chennai,1.6,average,80605.78,0.0734,0.6518,0.0682,0.0195,3.3529,0.2571,0.4964,1.1737,0.1592,1232.521,280.9069,0.6478,0.169,0.359,703,"[659, 679, 689, 701, 687, 703]",745,True,1000000,15.0,18.0,Standard
MID_0677,EdTech,Chennai,7.5,average,120365.77,0.0671,0.7009,0.088,0.0228,2.4743,0.3213,0.4523,1.2246,0.1454,1299.6158,72.0543,0.5952,0.1236,0.4784,713,"[649, 638, 639, 657, 653, 713]",725,True,1000000,15.0,18.0,Standard
MID_0678,Clothing,Chennai,7.6,average,111668.19,0.0701,0.6515,0.0764,0.017,3.3038,0.2411,0.4926,1.2197,0.1214,569.1541,163.473,0.5524,0.1301,0.3965,693,"[641, 640, 645, 656, 658, 693]",737,True,400000,18.5,12.0,Basic
MID_0679,Electronics,Kolkata,1.5,good,137453.02,0.0251,0.7619,0.0628,0.0067,2.7398,0.4789,0.6722,1.4621,0.0749,1654.5632,105.126,0.8364,0.0453,0.2113,780,"[706, 713, 705, 704, 721, 780]",794,True,1000000,15.0,18.0,Standard
MID_0680,Restaurant,Surat,4.1,average,39029.7,0.0434,0.5789,0.1201,0.0182,2.9312,0.2799,0.5418,1.1424,0.1744,1477.8527,265.043,0.6476,0.1246,0.3855,705,"[658, 654, 650, 671, 681, 705]",741,True,1000000,15.0,18.0,Standard
MID_0681,Retail,Delhi,4.5,average,35856.16,0.0105,0.6552,0.0679,0.0157,2.1005,0.182,0.5002,1.1346,0.1653,272.9177,281.7914,0.6824,0.1038,0.417,708,"[654, 642, 641, 642, 649, 708]",739,True,1000000,15.0,18.0,Standard
MID_0682,Gym,Ahmedabad,5.0,excellent,208204.38,0.0987,0.8934,0.0339,0.0078,1.026,0.5653,0.8538,1.3626,0.0501,945.3506,1012.6478,0.8708,0.0144,0.1811,806,"[776, 787, 792, 784, 770, 806]",836,True,2000000,12.5,24.0,Premium
MID_0683,Food Delivery,Chennai,6.1,poor,63796.19,-0.0856,0.3885,0.225,0.0489,4.4219,0.0808,0.2565,0.9612,0.1875,784.8595,101.6305,0.5247,0.2528,0.673,584,"[566, 552, 551, 544, 553, 584]",603,True,100000,24.0,6.0,Micro
MID_0684,Travel,Mumbai,4.9,good,355554.28,0.1237,0.7959,0.039,0.0112,1.4165,0.3365,0.6783,1.2766,0.0566,2807.3731,429.2273,0.7142,0.0772,0.3637,756,"[668, 691, 709, 708, 715, 756]",768,True,1000000,15.0,18.0,Standard
MID_0685,Electronics,Delhi,1.3,average,72826.15,0.073,0.6663,0.1273,0.0126,2.8597,0.3297,0.5985,1.2109,0.1733,1243.0339,270.073,0.5934,0.1667,0.5082,716,"[664, 664, 652, 637, 643, 716]",742,True,1000000,15.0,18.0,Standard
MID_0686,Restaurant,Jaipur,6.1,average,116588.79,0.0776,0.7453,0.0688,0.0105,2.5832,0.3239,0.4087,1.1312,0.1044,724.7631,231.614,0.6799,0.212,0.5037,719,"[677, 667, 660, 658, 652, 719]",761,True,1000000,15.0,18.0,Standard
MID_0687,Salon,Chennai,3.9,bad,13289.79,-0.223,0.2935,0.3319,0.0591,6.5902,0.0318,0.2255,0.7505,0.4995,119.7557,37.7084,0.3079,0.5728,0.8666,492,"[435, 420, 406, 413, 413, 492]",527,False,0,,,Ineligible
MID_0688,Gym,Hyderabad,5.0,average,31305.46,0.0321,0.7036,0.1055,0.0113,2.5042,0.2491,0.3806,1.1739,0.1856,320.0489,187.6065,0.676,0.1183,0.397,704,"[675, 687, 710, 718, 721, 704]",716,True,1000000,15.0,18.0,Standard
MID_0689,Salon,Mumbai,4.6,poor,22662.44,0.0286,0.5687,0.2426,0.046,4.6428,0.1376,0.2568,0.9612,0.1871,744.9516,100.6732,0.5737,0.2927,0.6505,613,"[606, 629, 617, 606, 626, 613]",658,True,400000,18.5,12.0,Basic
MID_0690,Freelancer,Pune,5.7,good,126785.43,0.0945,0.8488,0.0375,0.0052,2.2718,0.461,0.6829,1.1342,0.0642,2406.5978,294.4139,0.774,0.0757,0.275,789,"[773, 769, 770, 772, 786, 789]",834,True,1000000,15.0,18.0,Standard
MID_0691,Electronics,Chennai,7.1,poor,50132.29,-0.0082,0.474,0.1319,0.0352,5.762,0.1583,0.3129,1.0491,0.2874,777.7022,30.6756,0.5549,0.2253,0.6168,611,"[573, 564, 558, 579, 590, 611]",640,True,400000,18.5,12.0,Basic
MID_0692,Electronics,Hyderabad,3.1,average,29953.04,-0.0113,0.674,0.1394,0.0184,2.279,0.2992,0.4036,1.0349,0.1419,290.2763,85.9392,0.6574,0.1393,0.4629,714,"[690, 678, 687, 681, 676, 714]",727,True,1000000,15.0,18.0,Standard
MID_0693,Retail,Bangalore,4.7,average,83283.83,-0.017,0.6947,0.1197,0.0126,3.9672,0.2016,0.5417,1.2776,0.1427,656.1017,72.5243,0.6613,0.1317,0.4565,704,"[673, 667, 685, 706, 727, 704]",733,True,1000000,15.0,18.0,Standard
MID_0694,Salon,Mumbai,7.8,good,141943.41,0.0388,0.7904,0.0794,0.0135,1.5997,0.465,0.555,1.411,0.0733,517.1089,449.4544,0.8338,0.0901,0.241,767,"[732, 740, 742, 746, 748, 767]",797,True,1000000,15.0,18.0,Standard
MID_0695,Healthcare,Delhi,6.1,excellent,456957.65,0.2405,0.9013,0.0396,0.0046,1.8473,0.6259,0.7969,1.5458,0.048,2480.7953,474.757,0.8669,0.0493,0.2435,827,"[766, 769, 788, 784, 794, 827]",842,True,2000000,12.5,24.0,Premium
MID_0696,Freelancer,Bangalore,4.8,average,76198.28,-0.0164,0.745,0.0687,0.0177,3.0012,0.2622,0.4463,1.0437,0.1235,1323.3227,251.0407,0.6023,0.1369,0.4339,706,"[666, 655, 671, 674, 669, 706]",738,True,1000000,15.0,18.0,Standard
MID_0697,Electronics,Pune,2.4,poor,8792.99,-0.048,0.5089,0.2241,0.0393,3.2638,0.0948,0.3475,1.0531,0.2884,482.6914,23.4323,0.3838,0.2448,0.6886,605,"[573, 570, 590, 595, 587, 605]",648,True,400000,18.5,12.0,Basic
MID_0698,Grocery,Surat,6.5,average,157836.94,0.0205,0.7232,0.0615,0.0227,3.6331,0.3488,0.42,1.0483,0.1878,604.3027,210.693,0.5974,0.1963,0.3873,693,"[646, 661, 667, 652, 675, 693]",709,True,400000,18.5,12.0,Basic
MID_0699,Travel,Jaipur,3.4,bad,6252.22,-0.2356,0.3247,0.2263,0.0668,8.9684,0.0698,0.2351,0.7148,0.2997,146.6079,47.2261,0.1983,0.6257,0.7687,486,"[440, 448, 452, 463, 464, 486]",502,False,0,,,Ineligible
MID_0700,Auto Parts,Kolkata,7.1,good,369259.46,0.0661,0.8344,0.0789,0.0149,2.4435,0.3517,0.6664,1.2424,0.1185,1666.6483,466.7184,0.8561,0.1137,0.3257,776,"[734, 726, 715, 719, 711, 776]",814,True,1000000,15.0,18.0,Standard
MID_0701,EdTech,Mumbai,4.0,poor,39972.14,-0.0927,0.4021,0.1346,0.0325,4.2803,0.1463,0.3126,1.0948,0.2458,684.3527,28.6267,0.3966,0.3072,0.6668,604,"[571, 578, 582, 600, 587, 604]",649,True,400000,18.5,12.0,Basic
MID_0702,Food Delivery,Delhi,7.2,excellent,718532.98,0.1594,0.9376,0.0315,0.0036,1.3519,0.6668,0.8251,1.3103,0.0461,3610.3446,727.6884,0.9538,0.0154,0.2315,829,"[760, 747, 771, 781, 796, 829]",868,True,2000000,12.5,24.0,Premium
MID_0703,Grocery,Kolkata,5.5,excellent,712891.71,0.1864,0.8963,0.0231,0.0058,1.2459,0.6624,0.9286,1.5553,0.0499,4485.3819,455.6676,0.8918,0.0394,0.2258,847,"[789, 811, 805, 804, 828, 847]",890,True,2000000,12.5,24.0,Premium
MID_0704,Healthcare,Chennai,7.2,good,369194.67,0.1114,0.8312,0.061,0.0137,2.1558,0.3577,0.7211,1.3517,0.0654,525.5472,739.0123,0.8329,0.0881,0.3619,769,"[726, 726, 714, 718, 717, 769]",814,True,1000000,15.0,18.0,Standard
MID_0705,Salon,Chennai,3.5,poor,21004.25,0.0128,0.4913,0.1629,0.0293,3.2721,0.0804,0.2038,0.9296,0.2865,738.4588,59.1642,0.5268,0.228,0.6112,638,"[557, 560, 568, 565, 581, 638]",656,True,400000,18.5,12.0,Basic
MID_0706,EdTech,Delhi,7.3,bad,8841.46,-0.2273,0.2086,0.293,0.0738,7.0401,0.0473,0.1241,0.8129,0.4866,65.9651,35.2151,0.2877,0.3982,0.8336,476,"[454, 472, 472, 468, 484, 476]",488,False,0,,,Ineligible
MID_0707,Pharmacy,Delhi,3.8,excellent,260457.67,0.2154,0.9103,0.0208,0.0066,1.7547,0.5702,0.9487,1.8268,0.0392,3835.1724,589.7235,0.9133,0.0223,0.1342,830,"[801, 820, 825, 823, 826, 830]",843,True,2000000,12.5,24.0,Premium
MID_0708,Electronics,Surat,1.8,good,343411.25,0.1091,0.7845,0.0374,0.0095,2.11,0.4668,0.7494,1.3243,0.08,840.2669,411.7237,0.8606,0.0947,0.2288,798,"[758, 752, 759, 780, 784, 798]",830,True,1000000,15.0,18.0,Standard
MID_0709,SaaS,Bangalore,2.1,average,112159.68,0.0636,0.6715,0.0925,0.0201,2.0604,0.2248,0.5821,1.157,0.1393,1083.2505,85.8549,0.668,0.1936,0.5055,709,"[693, 712, 728, 732, 740, 709]",739,True,1000000,15.0,18.0,Standard
MID_0710,SaaS,Ahmedabad,3.7,good,87215.88,0.0449,0.825,0.0461,0.0095,2.4735,0.4,0.7264,1.3499,0.0737,1136.7276,405.4339,0.7139,0.0964,0.2055,772,"[735, 729, 730, 748, 752, 772]",785,True,1000000,15.0,18.0,Standard
MID_0711,Travel,Bangalore,1.8,average,84599.05,-0.0094,0.565,0.0972,0.0156,3.774,0.2524,0.4066,1.1475,0.1423,274.368,116.5773,0.6549,0.1652,0.3728,693,"[633, 633, 655, 674, 697, 693]",714,True,400000,18.5,12.0,Basic
MID_0712,Electronics,Mumbai,7.2,poor,55140.82,0.0279,0.5328,0.1218,0.0499,5.6715,0.1021,0.2875,1.0239,0.1908,395.612,17.6537,0.3664,0.2836,0.6952,600,"[521, 514, 534, 521, 520, 600]",612,True,400000,18.5,12.0,Basic
MID_0713,Grocery,Surat,2.0,good,360655.53,0.0439,0.8667,0.0488,0.0072,1.2263,0.4617,0.582,1.2393,0.0811,2947.2198,741.1159,0.701,0.0578,0.3126,783,"[731, 751, 761, 770, 795, 783]",807,True,1000000,15.0,18.0,Standard
MID_0714,Travel,Surat,2.2,average,48588.83,0.0558,0.586,0.1289,0.0124,3.1452,0.3198,0.4289,1.1957,0.1298,1204.1253,252.4471,0.5601,0.1997,0.4937,702,"[636, 627, 638, 637, 631, 702]",735,True,1000000,15.0,18.0,Standard
MID_0715,Restaurant,Ahmedabad,5.9,average,90428.89,0.0101,0.5506,0.1199,0.0249,3.5071,0.3239,0.3848,1.0134,0.101,1129.3289,66.8535,0.7132,0.2013,0.469,698,"[640, 663, 683, 677, 664, 698]",710,True,400000,18.5,12.0,Basic
MID_0716,SaaS,Hyderabad,1.8,good,372908.35,0.0521,0.7477,0.0779,0.0074,1.1345,0.3308,0.6248,1.426,0.0732,2633.7675,141.5657,0.8113,0.0984,0.3979,770,"[695, 715, 723, 740, 758, 770]",793,True,1000000,15.0,18.0,Standard
MID_0717,SaaS,Hyderabad,6.2,good,346810.16,0.0583,0.7594,0.076,0.0109,1.2645,0.4624,0.5553,1.3822,0.1018,2999.5531,261.344,0.7227,0.1173,0.2539,751,"[699, 697, 706, 704, 724, 751]",769,True,1000000,15.0,18.0,Standard
MID_0718,Restaurant,Delhi,1.6,bad,11388.74,-0.2327,0.2649,0.347,0.0567,4.3934,0.0212,0.111,0.9325,0.339,82.5174,14.1417,0.2531,0.5366,0.8492,497,"[463, 452, 452, 466, 456, 497]",524,False,0,,,Ineligible
MID_0719,Gym,Pune,1.6,poor,39533.7,-0.0482,0.4381,0.2366,0.0243,3.0762,0.1545,0.2265,1.1022,0.212,103.1566,77.2746,0.5018,0.3583,0.6985,610,"[578, 567, 566, 561, 559, 610]",626,True,400000,18.5,12.0,Basic
MID_0720,Grocery,Hyderabad,5.9,excellent,493864.11,0.071,0.8809,0.0352,0.0046,1.4416,0.6793,0.8152,1.3978,0.0386,4890.064,873.8511,0.9464,0.0444,0.123,829,"[762, 779, 776, 799, 815, 829]",839,True,2000000,12.5,24.0,Premium
MID_0721,Grocery,Jaipur,4.1,excellent,454447.95,0.1264,0.9247,0.0388,0.0072,1.7576,0.5972,0.9465,1.601,0.0238,4464.9497,1896.9608,0.8716,0.0287,0.1814,827,"[809, 820, 836, 836, 842, 827]",871,True,2000000,12.5,24.0,Premium
MID_0722,Electronics,Pune,5.7,poor,32278.25,-0.0474,0.3895,0.2162,0.028,4.4468,0.159,0.3714,0.9906,0.3094,703.5845,81.953,0.4233,0.2672,0.6729,612,"[601, 587, 576, 568, 583, 612]",647,True,400000,18.5,12.0,Basic
MID_0723,Electronics,Chennai,3.9,average,51755.03,0.056,0.7262,0.1117,0.0114,3.8915,0.3148,0.4341,1.0821,0.1287,945.417,194.4456,0.684,0.1727,0.481,726,"[670, 671, 666, 684, 683, 726]",759,True,1000000,15.0,18.0,Standard
MID_0724,Salon,Hyderabad,1.9,average,61350.99,-0.0161,0.6934,0.1092,0.0107,3.5205,0.2777,0.434,1.2289,0.1539,430.9275,81.6837,0.6922,0.1112,0.5399,717,"[657, 643, 649, 653, 664, 717]",744,True,1000000,15.0,18.0,Standard
MID_0725,Salon,Delhi,7.4,poor,52512.64,-0.0929,0.5744,0.2331,0.0317,3.6552,0.1431,0.4067,0.9026,0.2601,259.7884,33.2137,0.4124,0.2162,0.6818,637,"[570, 590, 582, 584, 569, 637]",663,True,400000,18.5,12.0,Basic
MID_0726,Grocery,Delhi,7.7,good,375633.42,0.113,0.7823,0.0438,0.0132,1.2326,0.4498,0.642,1.332,0.0961,1470.9037,353.4086,0.8712,0.1115,0.3504,784,"[726, 718, 742, 760, 780, 784]",824,True,1000000,15.0,18.0,Standard
MID_0727,Pharmacy,Pune,1.3,average,31174.52,-0.0113,0.7192,0.1096,0.0185,2.3449,0.2985,0.3891,1.0506,0.156,778.8852,109.3183,0.5954,0.1922,0.3836,702,"[655, 673, 681, 684, 699, 702]",734,True,1000000,15.0,18.0,Standard
MID_0728,Food Delivery,Chennai,6.3,good,148164.05,0.1295,0.7419,0.058,0.0054,2.3764,0.3346,0.6531,1.467,0.0686,2132.0924,785.477,0.7006,0.0671,0.3002,776,"[750, 742, 742, 739, 736, 776]",787,True,1000000,15.0,18.0,Standard
MID_0729,Food Delivery,Mumbai,4.9,good,252456.2,0.054,0.7884,0.0452,0.0135,2.2702,0.4474,0.6087,1.3278,0.1169,1806.3757,293.0652,0.7823,0.0717,0.275,763,"[723, 743, 739, 740, 744, 763]",797,True,1000000,15.0,18.0,Standard
MID_0730,Healthcare,Hyderabad,3.5,bad,23738.24,-0.0701,0.2419,0.2742,0.0816,7.1168,0.0853,0.2069,0.8714,0.4864,102.2035,26.392,0.31,0.5231,0.6775,496,"[477, 495, 503, 489, 513, 496]",533,False,0,,,Ineligible
MID_0731,Restaurant,Pune,7.2,good,151281.23,0.0547,0.788,0.0555,0.0071,1.7927,0.4289,0.6832,1.1111,0.0783,2252.1076,721.3648,0.7216,0.1146,0.2366,768,"[718, 729, 745, 754, 770, 768]",810,True,1000000,15.0,18.0,Standard
MID_0732,Salon,Pune,2.1,poor,41886.85,0.0051,0.3607,0.1812,0.0262,4.2441,0.1166,0.3789,1.0741,0.2771,707.9206,67.8901,0.4608,0.272,0.6632,634,"[581, 592, 589, 580, 598, 634]",647,True,400000,18.5,12.0,Basic
MID_0733,Grocery,Jaipur,3.7,poor,12197.54,0.0124,0.507,0.1776,0.0322,3.6178,0.1807,0.3678,1.0006,0.2028,751.6528,85.9974,0.5523,0.2854,0.7076,632,"[580, 569, 593, 611, 633, 632]",677,True,400000,18.5,12.0,Basic
MID_0734,Electronics,Kolkata,5.8,bad,20286.92,-0.0723,0.2083,0.2226,0.0843,9.5323,0.0627,0.2198,0.7924,0.3377,191.8288,18.1372,0.1569,0.5654,0.7978,488,"[398, 414, 437, 434, 459, 488]",499,False,0,,,Ineligible
MID_0735,Retail,Chennai,3.2,average,153911.55,0.025,0.7488,0.1079,0.011,2.68,0.2716,0.4218,1.1104,0.1996,889.6525,289.2334,0.5962,0.1674,0.4525,715,"[667, 658, 678, 690, 705, 715]",759,True,1000000,15.0,18.0,Standard
MID_0736,Retail,Kolkata,4.0,poor,8848.62,-0.0176,0.5694,0.1552,0.0267,3.3417,0.186,0.3161,1.1159,0.2862,744.797,25.8104,0.4996,0.2455,0.6699,648,"[585, 574, 559, 581, 597, 648]",661,True,400000,18.5,12.0,Basic
MID_0737,Auto Parts,Surat,7.8,average,69697.94,0.0246,0.5596,0.0625,0.0194,2.0629,0.2889,0.5706,1.2577,0.1454,722.7445,177.46,0.6521,0.1498,0.3848,705,"[673, 688, 674, 693, 697, 705]",736,True,1000000,15.0,18.0,Standard
MID_0738,SaaS,Bangalore,5.3,average,58196.32,-0.0125,0.658,0.0938,0.0189,2.2247,0.282,0.5768,1.2576,0.1171,813.9222,141.8974,0.5526,0.104,0.3767,715,"[678, 695, 720, 722, 734, 715]",742,True,1000000,15.0,18.0,Standard
MID_0739,Grocery,Hyderabad,2.9,average,100808.31,-0.0016,0.6006,0.1399,0.0202,3.7501,0.333,0.3979,1.0033,0.1746,1253.6584,281.9161,0.5742,0.1195,0.5254,687,"[654, 646, 640, 639, 625, 687]",714,True,400000,18.5,12.0,Basic
MID_0740,SaaS,Ahmedabad,3.5,poor,44628.03,-0.0675,0.4366,0.2189,0.02,5.7549,0.1152,0.2826,0.9332,0.2871,582.7941,19.413,0.4316,0.3257,0.5935,595,"[546, 545, 568, 580, 604, 595]",622,True,100000,24.0,6.0,Micro
MID_0741,Food Delivery,Jaipur,4.6,excellent,721606.78,0.164,0.9798,0.0175,0.0036,1.9391,0.55,0.7381,1.4383,0.0251,2597.1276,886.0871,0.9549,0.0342,0.1937,825,"[800, 798, 816, 839, 858, 825]",846,True,2000000,12.5,24.0,Premium
MID_0742,Electronics,Mumbai,7.6,good,263270.68,0.044,0.8738,0.0582,0.0063,1.7677,0.3796,0.7433,1.5743,0.0898,1520.4536,232.4007,0.7621,0.0888,0.318,781,"[720, 735, 751, 766, 761, 781]",826,True,1000000,15.0,18.0,Standard
MID_0743,Travel,Ahmedabad,7.0,good,232984.45,0.1123,0.7922,0.0394,0.0142,1.8677,0.3602,0.5994,1.3626,0.0534,2868.8178,665.2356,0.8611,0.105,0.2191,775,"[759, 748, 772, 773, 759, 775]",803,True,1000000,15.0,18.0,Standard
MID_0744,Grocery,Mumbai,5.4,average,86197.39,0.0199,0.718,0.118,0.0242,3.9132,0.2318,0.5235,1.068,0.1034,569.5175,283.3037,0.562,0.1361,0.3533,704,"[686, 705, 708, 695, 704, 704]",734,True,1000000,15.0,18.0,Standard
MID_0745,Food Delivery,Kolkata,2.7,poor,39974.26,-0.0094,0.4183,0.1215,0.0386,5.1283,0.0982,0.3141,0.9584,0.2964,121.6862,112.9112,0.5785,0.2771,0.7073,626,"[582, 572, 595, 617, 636, 626]",638,True,400000,18.5,12.0,Basic
MID_0746,Freelancer,Pune,3.5,excellent,147679.07,0.1448,0.8974,0.0288,0.001,1.6157,0.5523,0.9341,1.6014,0.0333,2817.226,1563.8522,0.9347,0.0393,0.2445,842,"[820, 818, 813, 826, 824, 842]",864,True,2000000,12.5,24.0,Premium
MID_0747,Gym,Surat,2.9,average,33221.99,0.0296,0.6492,0.1114,0.0111,3.9812,0.2394,0.4297,1.0258,0.1576,1062.2132,291.1595,0.5749,0.14,0.4744,699,"[668, 672, 665, 652, 649, 699]",727,True,400000,18.5,12.0,Basic
MID_0748,Food Delivery,Chennai,2.6,average,100254.5,-0.02,0.6042,0.0945,0.0167,3.9175,0.2507,0.4083,1.0676,0.1986,1399.9065,270.0623,0.6676,0.1565,0.4143,692,"[635, 659, 672, 691, 715, 692]",717,True,400000,18.5,12.0,Basic
MID_0749,Freelancer,Bangalore,7.0,average,37972.25,0.0152,0.5885,0.0805,0.0191,2.1467,0.3151,0.492,1.1033,0.1545,302.7698,231.5176,0.5662,0.2074,0.4404,709,"[665, 674, 664, 665, 676, 709]",719,True,1000000,15.0,18.0,Standard
MID_0750,Restaurant,Chennai,0.6,good,338755.94,0.0216,0.7698,0.0746,0.0062,1.5526,0.3037,0.7022,1.4021,0.1052,1864.8292,224.7477,0.8448,0.0419,0.2418,776,"[725, 711, 717, 738, 745, 776]",803,True,1000000,15.0,18.0,Standard
MID_0751,Freelancer,Mumbai,5.5,average,32022.31,0.0192,0.5815,0.1158,0.0114,3.8026,0.228,0.4762,1.1801,0.1867,1139.0874,129.0619,0.621,0.124,0.5365,690,"[640, 661, 682, 698, 716, 690]",732,True,400000,18.5,12.0,Basic
MID_0752,Travel,Surat,4.7,bad,3127.0,-0.2113,0.3948,0.3789,0.076,7.6908,0.0633,0.2029,0.9078,0.4749,148.7516,15.0061,0.1711,0.5542,0.8776,477,"[458, 465, 472, 471, 488, 477]",494,False,0,,,Ineligible
MID_0753,Retail,Surat,5.4,excellent,842540.8,0.2097,0.9374,0.0148,0.0011,1.2259,0.6762,0.8695,1.6332,0.0581,2326.1056,701.3286,0.9124,0.0379,0.2185,851,"[781, 791, 784, 787, 775, 851]",865,True,2000000,12.5,24.0,Premium
MID_0754,Food Delivery,Surat,4.8,poor,39439.79,-0.0452,0.5323,0.2245,0.0499,3.3968,0.1289,0.2546,1.0758,0.2607,745.9944,53.1467,0.5745,0.2248,0.5846,612,"[589, 596, 599, 592, 593, 612]",643,True,400000,18.5,12.0,Basic
MID_0755,Auto Parts,Mumbai,3.5,excellent,439104.92,0.1368,0.8511,0.0113,0.0061,1.8871,0.4719,0.8583,1.4862,0.0203,3089.0784,417.2295,0.9617,0.0335,0.1889,806,"[752, 743, 733, 743, 741, 806]",845,True,2000000,12.5,24.0,Premium
MID_0756,Healthcare,Pune,4.8,average,71132.39,0.0657,0.6649,0.126,0.0245,2.0833,0.286,0.4974,1.0129,0.1863,802.5091,278.4802,0.7111,0.2121,0.4823,700,"[665, 652, 648, 656, 665, 700]",731,True,1000000,15.0,18.0,Standard
MID_0757,Clothing,Jaipur,1.2,average,99306.2,-0.0079,0.6596,0.0911,0.0194,3.0588,0.2282,0.5646,1.0849,0.133,1474.4562,80.7941,0.5785,0.1953,0.4242,703,"[693, 693, 687, 705, 694, 703]",721,True,1000000,15.0,18.0,Standard
MID_0758,Grocery,Jaipur,3.7,average,67441.66,0.0664,0.5809,0.0937,0.0238,2.0321,0.2134,0.556,1.0189,0.1504,235.3251,137.3593,0.5838,0.1005,0.4382,706,"[685, 674, 676, 675, 678, 706]",724,True,1000000,15.0,18.0,Standard
MID_0759,Electronics,Chennai,2.8,good,272161.89,0.06,0.8107,0.0328,0.0088,1.5284,0.4491,0.5928,1.44,0.0724,2847.4227,742.5306,0.805,0.0655,0.292,784,"[741, 751, 758, 760, 775, 784]",819,True,1000000,15.0,18.0,Standard
MID_0760,SaaS,Hyderabad,3.7,good,126016.35,0.0506,0.861,0.0657,0.0099,2.2544,0.4119,0.6292,1.5774,0.0762,1671.7686,640.3977,0.8747,0.1195,0.3388,782,"[752, 772, 789, 778, 770, 782]",815,True,1000000,15.0,18.0,Standard
MID_0761,Salon,Ahmedabad,2.3,good,365321.69,0.1097,0.8166,0.054,0.0129,1.2665,0.4131,0.7221,1.2445,0.0528,2671.4429,745.0916,0.758,0.101,0.3631,789,"[751, 760, 752, 744, 748, 789]",809,True,1000000,15.0,18.0,Standard
MID_0762,Clothing,Jaipur,7.0,average,36204.31,0.0038,0.5865,0.106,0.0138,3.9832,0.1911,0.5157,1.0684,0.1798,871.1454,116.2671,0.5861,0.1356,0.482,688,"[600, 612, 610, 608, 596, 688]",719,True,400000,18.5,12.0,Basic
MID_0763,Electronics,Kolkata,0.9,bad,9782.47,-0.1193,0.3023,0.2174,0.0731,5.3268,0.0224,0.2018,0.818,0.3426,136.0492,35.3046,0.1924,0.5775,0.8982,499,"[474, 478, 471, 459, 480, 499]",511,False,0,,,Ineligible
MID_0764,Salon,Kolkata,7.5,poor,9911.48,0.0043,0.3508,0.1926,0.0216,4.1354,0.0841,0.3352,0.9424,0.2505,312.9648,81.1683,0.3695,0.3483,0.6409,606,"[604, 600, 612, 631, 635, 606]",648,True,400000,18.5,12.0,Basic
MID_0765,Electronics,Kolkata,3.9,excellent,557056.83,0.0505,0.9704,0.0349,0.0011,1.04,0.6266,0.7477,1.6558,0.0593,3464.0295,1628.9485,0.9727,0.0453,0.2193,835,"[801, 799, 803, 811, 801, 835]",876,True,2000000,12.5,24.0,Premium
MID_0766,Travel,Surat,6.8,poor,54069.3,-0.0222,0.3678,0.1978,0.0412,4.2817,0.1507,0.3364,0.9787,0.2239,706.7428,77.7076,0.5341,0.2374,0.6812,611,"[568, 562, 571, 592, 581, 611]",656,True,400000,18.5,12.0,Basic
MID_0767,SaaS,Jaipur,6.5,excellent,767473.34,0.0709,0.9301,0.0269,0.0034,1.2515,0.451,0.7183,1.7795,0.0375,3735.8495,1854.5713,0.8712,0.0464,0.2225,814,"[781, 773, 793, 804, 802, 814]",856,True,2000000,12.5,24.0,Premium
MID_0768,Travel,Ahmedabad,1.0,average,92996.82,-0.0059,0.743,0.0764,0.0179,3.0921,0.2621,0.4526,1.164,0.1848,287.6103,175.7607,0.6154,0.1092,0.4963,698,"[640, 644, 668, 677, 701, 698]",733,True,400000,18.5,12.0,Basic
MID_0769,Restaurant,Pune,4.4,average,103434.83,0.0367,0.7094,0.0754,0.0202,2.4829,0.1806,0.5166,1.2755,0.1154,713.4629,71.0259,0.6927,0.1071,0.526,710,"[671, 669, 690, 704, 717, 710]",737,True,1000000,15.0,18.0,Standard
MID_0770,Pharmacy,Ahmedabad,5.5,average,82262.92,0.0128,0.7017,0.1311,0.0153,3.9824,0.2093,0.4835,1.0824,0.1007,702.3393,156.0668,0.6386,0.1971,0.5117,693,"[657, 658, 653, 642, 634, 693]",722,True,400000,18.5,12.0,Basic
MID_0771,Grocery,Delhi,6.3,average,93033.43,0.0096,0.5787,0.1278,0.013,3.0586,0.3351,0.5996,1.0051,0.1776,1287.4466,253.3514,0.6974,0.1876,0.4405,706,"[693, 711, 706, 728, 733, 706]",727,True,1000000,15.0,18.0,Standard
MID_0772,Restaurant,Pune,6.0,average,125789.22,0.0023,0.7466,0.1221,0.0142,2.1383,0.2257,0.5072,1.1752,0.1433,286.0776,197.9245,0.6514,0.2042,0.5339,722,"[690, 714, 722, 711, 711, 722]",765,True,1000000,15.0,18.0,Standard
MID_0773,Restaurant,Chennai,2.9,excellent,294849.58,0.2007,0.8991,0.0307,0.0031,1.5094,0.6959,0.8433,1.6488,0.0456,1735.6425,652.1866,0.8524,0.0235,0.2243,822,"[765, 757, 766, 762, 773, 822]",834,True,2000000,12.5,24.0,Premium
MID_0774,Healthcare,Hyderabad,7.8,good,244251.4,0.1467,0.7424,0.056,0.0111,2.742,0.3937,0.7189,1.1768,0.0659,1908.8034,408.013,0.7828,0.0629,0.2874,768,"[702, 690, 711, 725, 750, 768]",788,True,1000000,15.0,18.0,Standard
MID_0775,Clothing,Mumbai,4.3,poor,15239.12,-0.0212,0.5309,0.1876,0.0319,4.5429,0.1925,0.2233,1.0051,0.2143,636.5172,32.6731,0.555,0.2056,0.6414,630,"[569, 572, 591, 587, 593, 630]",668,True,400000,18.5,12.0,Basic
MID_0776,Clothing,Mumbai,3.4,good,262024.65,0.1054,0.8228,0.0641,0.0087,2.9635,0.4059,0.7287,1.4822,0.0828,1751.6318,306.4307,0.7264,0.0705,0.2724,767,"[718, 704, 706, 697, 688, 767]",791,True,1000000,15.0,18.0,Standard
MID_0777,Freelancer,Ahmedabad,1.4,average,133297.96,-0.0173,0.5803,0.0737,0.0171,3.655,0.1896,0.5359,1.239,0.1978,611.2659,110.9105,0.6859,0.1651,0.4776,702,"[669, 672, 670, 665, 675, 702]",743,True,1000000,15.0,18.0,Standard
MID_0778,Pharmacy,Pune,2.0,average,154894.29,0.0679,0.6589,0.1099,0.0106,2.9049,0.2157,0.4931,1.1058,0.1065,842.3463,55.1003,0.6488,0.1444,0.5475,716,"[704, 697, 693, 698, 700, 716]",735,True,1000000,15.0,18.0,Standard
MID_0779,Restaurant,Ahmedabad,3.5,good,265094.28,0.1086,0.7489,0.0768,0.0129,2.2053,0.4264,0.6167,1.1441,0.1115,1867.057,208.2804,0.8021,0.1031,0.3046,767,"[707, 697, 714, 725, 730, 767]",801,True,1000000,15.0,18.0,Standard
MID_0780,Travel,Surat,0.8,excellent,413194.49,0.0764,0.9125,0.0144,0.0049,1.3876,0.6017,0.7577,1.4924,0.0483,3583.5652,1729.1672,0.936,0.0343,0.1681,829,"[811, 814, 824, 843, 860, 829]",851,True,2000000,12.5,24.0,Premium
MID_0781,Pharmacy,Pune,5.7,excellent,436115.89,0.0972,0.8632,0.0151,0.0066,1.8988,0.5045,0.7807,1.5382,0.0217,4345.4623,772.9251,0.9379,0.0113,0.119,815,"[779, 773, 769, 787, 782, 815]",857,True,2000000,12.5,24.0,Premium
MID_0782,EdTech,Hyderabad,1.3,excellent,201309.22,0.2276,0.9736,0.0295,0.0059,1.7525,0.6841,0.9444,1.8553,0.054,1633.4988,1164.3575,0.9077,0.023,0.2125,857,"[816, 824, 826, 846, 856, 857]",876,True,2000000,12.5,24.0,Premium
MID_0783,Clothing,Chennai,6.5,average,68600.93,0.0312,0.6027,0.1381,0.0186,2.5869,0.3355,0.5977,1.2458,0.1423,1313.0922,287.9825,0.6884,0.108,0.3936,711,"[683, 694, 714, 713, 736, 711]",731,True,1000000,15.0,18.0,Standard
MID_0784,SaaS,Bangalore,5.5,good,256672.43,0.145,0.8438,0.0404,0.0054,2.1299,0.3177,0.6618,1.5609,0.0963,2106.3324,797.1508,0.7408,0.054,0.2181,787,"[762, 776, 783, 791, 808, 787]",826,True,1000000,15.0,18.0,Standard
MID_0785,Auto Parts,Hyderabad,2.7,poor,47883.83,-0.0078,0.4394,0.2145,0.0304,4.8966,0.1228,0.2624,0.9206,0.2678,287.4143,112.8486,0.5637,0.2207,0.514,609,"[571, 576, 565, 573, 561, 609]",637,True,400000,18.5,12.0,Basic
MID_0786,Auto Parts,Delhi,2.2,poor,49820.42,-0.0132,0.4389,0.2356,0.0412,3.7654,0.1475,0.3527,1.1027,0.2203,615.1608,28.4885,0.5364,0.3547,0.6179,622,"[581, 603, 620, 622, 642, 622]",633,True,400000,18.5,12.0,Basic
MID_0787,SaaS,Surat,3.4,poor,15010.73,0.0158,0.4456,0.1788,0.0237,5.2388,0.1988,0.291,1.1381,0.1802,798.1673,93.3936,0.5605,0.25,0.6785,626,"[545, 557, 582, 577, 586, 626]",649,True,400000,18.5,12.0,Basic
MID_0788,Travel,Ahmedabad,7.8,average,133656.14,0.0288,0.6734,0.0613,0.0171,2.9047,0.1923,0.4129,1.0913,0.1814,356.3869,116.3791,0.6549,0.1254,0.5054,700,"[650, 653, 650, 670, 670, 700]",745,True,1000000,15.0,18.0,Standard
MID_0789,Salon,Hyderabad,4.2,excellent,282418.24,0.1635,0.9517,0.0207,0.0073,1.3814,0.6031,0.7837,1.7079,0.0263,1567.3723,1433.5564,0.8988,0.0452,0.2218,816,"[802, 819, 837, 835, 858, 816]",847,True,2000000,12.5,24.0,Premium
MID_0790,Pharmacy,Delhi,6.0,bad,22567.46,-0.0702,0.2178,0.2721,0.081,9.25,0.0519,0.1039,0.86,0.3979,250.432,18.5311,0.3237,0.637,0.6665,479,"[428, 428, 432, 440, 433, 479]",496,False,0,,,Ineligible
MID_0791,Grocery,Surat,3.9,average,93660.49,0.0117,0.5627,0.13,0.0101,2.0279,0.2348,0.4336,1.1487,0.1435,323.1862,90.523,0.6687,0.1965,0.4504,707,"[678, 667, 660, 648, 637, 707]",731,True,1000000,15.0,18.0,Standard
MID_0792,Salon,Ahmedabad,4.5,good,119364.62,0.124,0.7977,0.0574,0.0105,1.1946,0.423,0.6311,1.3623,0.0796,822.1848,632.6903,0.851,0.0725,0.3096,771,"[733, 726, 748, 762, 762, 771]",793,True,1000000,15.0,18.0,Standard
MID_0793,Restaurant,Kolkata,0.7,good,95933.86,0.1447,0.7891,0.0468,0.0115,2.8848,0.482,0.5538,1.2632,0.1082,920.4992,618.6303,0.7173,0.1031,0.2055,754,"[710, 725, 733, 718, 743, 754]",779,True,1000000,15.0,18.0,Standard
MID_0794,Clothing,Jaipur,1.6,excellent,248673.9,0.0575,0.9789,0.017,0.0078,1.1305,0.6162,0.7118,1.5644,0.0462,1201.5443,1393.8588,0.9298,0.0119,0.1113,819,"[775, 764, 758, 750, 742, 819]",836,True,2000000,12.5,24.0,Premium
MID_0795,Healthcare,Hyderabad,1.7,poor,20427.64,0.0082,0.4447,0.1568,0.0238,3.9128,0.1401,0.2656,1.101,0.2653,399.7378,15.5225,0.4107,0.2922,0.5945,634,"[579, 578, 580, 583, 595, 634]",659,True,400000,18.5,12.0,Basic
MID_0796,Grocery,Surat,4.6,average,48473.09,0.0272,0.5964,0.0924,0.0216,2.6692,0.2102,0.4644,1.2879,0.1371,632.2703,260.2363,0.5955,0.1917,0.428,701,"[634, 644, 646, 643, 638, 701]",734,True,1000000,15.0,18.0,Standard
MID_0797,Clothing,Hyderabad,3.5,average,77673.8,0.0089,0.6383,0.1394,0.0141,3.5294,0.2538,0.4499,1.07,0.1208,954.7283,219.2439,0.7074,0.1153,0.4768,705,"[660, 656, 676, 690, 714, 705]",724,True,1000000,15.0,18.0,Standard
MID_0798,Grocery,Delhi,3.0,excellent,558728.78,0.2227,0.9407,0.0226,0.0024,1.6253,0.6828,0.781,1.4488,0.0464,2525.462,791.3425,0.9474,0.0199,0.1867,833,"[760, 768, 776, 771, 780, 833]",877,True,2000000,12.5,24.0,Premium
MID_0799,Healthcare,Delhi,3.6,good,158513.38,0.143,0.7333,0.0497,0.0128,2.3116,0.4389,0.5677,1.2224,0.0848,1020.5481,191.5591,0.7106,0.0953,0.355,773,"[746, 764, 787, 808, 794, 773]",807,True,1000000,15.0,18.0,Standard
MID_0800,Travel,Chennai,4.8,excellent,766916.65,0.2458,0.9018,0.0159,0.0064,1.783,0.5605,0.746,1.7497,0.0535,3944.3941,1984.6911,0.9323,0.0255,0.2054,826,"[744, 733, 724, 746, 765, 826]",855,True,2000000,12.5,24.0,Premium
MID_0801,Restaurant,Hyderabad,3.5,average,88189.11,0.0465,0.7487,0.0688,0.0196,3.405,0.2452,0.4443,1.138,0.162,786.9472,214.7811,0.62,0.2067,0.3948,711,"[712, 702, 701, 716, 703, 711]",736,True,1000000,15.0,18.0,Standard
MID_0802,SaaS,Surat,2.5,average,127140.51,-0.0119,0.5953,0.0818,0.0141,2.9525,0.2932,0.5633,1.197,0.1205,1091.3465,178.7046,0.5671,0.1055,0.4627,699,"[658, 678, 683, 677, 664, 699]",743,True,400000,18.5,12.0,Basic
MID_0803,Retail,Delhi,3.5,bad,16320.3,-0.0866,0.3157,0.2208,0.0415,9.0905,0.0725,0.2369,0.9681,0.2885,235.3729,42.3857,0.246,0.4751,0.6798,556,"[479, 489, 475, 472, 462, 556]",578,True,100000,24.0,6.0,Micro
MID_0804,Grocery,Jaipur,7.2,bad,8352.39,-0.1899,0.189,0.215,0.0592,4.4481,0.0249,0.1613,0.9953,0.3012,343.0667,46.7664,0.1729,0.6262,0.7455,520,"[507, 496, 500, 494, 484, 520]",549,True,100000,24.0,6.0,Micro
MID_0805,Auto Parts,Mumbai,8.0,good,244155.03,0.1328,0.7459,0.0766,0.0106,2.3104,0.3579,0.5738,1.5202,0.0822,2080.0023,321.9797,0.8636,0.1147,0.215,758,"[731, 731, 731, 750, 743, 758]",803,True,1000000,15.0,18.0,Standard
MID_0806,Healthcare,Delhi,0.8,average,65256.79,0.0771,0.6815,0.0903,0.0217,3.9975,0.2088,0.5211,1.0357,0.1284,262.2507,224.5965,0.564,0.1403,0.4163,707,"[621, 609, 616, 634, 632, 707]",728,True,1000000,15.0,18.0,Standard
MID_0807,Healthcare,Ahmedabad,6.0,poor,8687.94,-0.0177,0.4151,0.2137,0.022,5.1228,0.15,0.3314,1.0534,0.2529,740.431,52.6832,0.4398,0.2508,0.6254,612,"[588, 597, 607, 621, 624, 612]",647,True,400000,18.5,12.0,Basic
MID_0808,Clothing,Pune,3.2,average,144215.75,0.0652,0.5868,0.1111,0.0113,2.3121,0.2487,0.5473,1.1085,0.1367,536.6877,267.2308,0.631,0.1796,0.3666,719,"[701, 686, 704, 709, 733, 719]",740,True,1000000,15.0,18.0,Standard
MID_0809,Grocery,Mumbai,6.4,average,117287.6,-0.0097,0.551,0.1375,0.0247,2.8237,0.2721,0.393,1.0816,0.1972,1187.6052,166.324,0.6412,0.1009,0.4315,689,"[682, 693, 683, 674, 665, 689]",708,True,400000,18.5,12.0,Basic
MID_0810,Grocery,Mumbai,4.5,average,143304.66,0.0326,0.6216,0.1085,0.0189,2.0639,0.2264,0.3886,1.2254,0.1268,986.9414,70.1137,0.6134,0.1938,0.4909,691,"[688, 704, 697, 721, 744, 691]",711,True,400000,18.5,12.0,Basic
MID_0811,Healthcare,Jaipur,4.9,bad,2106.48,-0.0362,0.2223,0.3599,0.0962,6.1563,0.0592,0.2467,0.8796,0.3822,134.0924,10.7432,0.2743,0.6054,0.6559,496,"[435, 433, 430, 440, 460, 496]",538,False,0,,,Ineligible
MID_0812,Healthcare,Delhi,7.5,good,235498.71,0.0733,0.7927,0.0666,0.0113,2.1012,0.3351,0.6783,1.4371,0.1148,1058.1816,369.8681,0.8361,0.0798,0.3825,777,"[711, 718, 734, 746, 735, 777]",815,True,1000000,15.0,18.0,Standard
MID_0813,Grocery,Hyderabad,6.7,average,106453.02,0.0119,0.6164,0.0859,0.0152,2.986,0.2433,0.5059,1.2094,0.1021,1187.4286,88.5088,0.7021,0.1001,0.4338,714,"[688, 709, 715, 732, 734, 714]",727,True,1000000,15.0,18.0,Standard
MID_0814,Salon,Pune,3.7,good,225183.61,0.0555,0.791,0.0322,0.009,1.2878,0.3829,0.7353,1.3091,0.0892,1247.1023,729.2428,0.7105,0.0686,0.327,762,"[708, 700, 709, 710, 706, 762]",803,True,1000000,15.0,18.0,Standard
MID_0815,Food Delivery,Bangalore,2.9,poor,8337.92,-0.0633,0.3924,0.2167,0.047,3.5223,0.1162,0.201,0.908,0.1912,596.6066,47.3205,0.5156,0.2616,0.7073,588,"[534, 530, 553, 575, 576, 588]",622,True,100000,24.0,6.0,Micro
MID_0816,Restaurant,Bangalore,2.6,good,96143.49,0.1496,0.7541,0.0629,0.0112,1.6759,0.42,0.6218,1.5655,0.1094,1305.3963,476.4742,0.8459,0.082,0.2453,789,"[763, 755, 776, 785, 774, 789]",830,True,1000000,15.0,18.0,Standard
MID_0817,Grocery,Bangalore,5.0,poor,9854.14,-0.0887,0.4567,0.2406,0.0253,3.3577,0.1621,0.3299,1.125,0.2335,246.9412,105.136,0.5419,0.2713,0.717,633,"[545, 539, 530, 517, 523, 633]",665,True,400000,18.5,12.0,Basic
MID_0818,Restaurant,Bangalore,1.6,average,104312.17,-0.0151,0.6653,0.1114,0.0132,3.238,0.2632,0.4872,1.1811,0.1002,1039.9659,87.7899,0.6489,0.141,0.3699,720,"[691, 687, 692, 698, 697, 720]",749,True,1000000,15.0,18.0,Standard
MID_0819,Restaurant,Ahmedabad,4.8,average,133183.09,0.0027,0.6071,0.1224,0.0209,3.9548,0.2032,0.4316,1.2887,0.1651,809.34,278.1727,0.6409,0.1091,0.4163,693,"[625, 642, 632, 628, 644, 693]",709,True,400000,18.5,12.0,Basic
MID_0820,Auto Parts,Delhi,5.5,bad,11665.26,-0.1532,0.257,0.2146,0.0506,6.8256,0.0917,0.1511,0.7375,0.4524,106.0423,8.8943,0.3111,0.4463,0.7869,511,"[435, 425, 413, 403, 407, 511]",549,True,100000,24.0,6.0,Micro
MID_0821,Restaurant,Kolkata,5.2,average,75894.65,0.0135,0.5771,0.0759,0.0173,3.0783,0.2796,0.3958,1.0414,0.1819,871.8618,113.9658,0.6371,0.1497,0.5323,685,"[653, 639, 625, 640, 643, 685]",710,True,400000,18.5,12.0,Basic
MID_0822,SaaS,Jaipur,4.7,average,136003.71,0.0503,0.5646,0.0715,0.0166,3.1989,0.2865,0.5673,1.114,0.1209,1462.1684,236.2911,0.641,0.1309,0.4482,719,"[668, 656, 680, 701, 723, 719]",735,True,1000000,15.0,18.0,Standard
MID_0823,Retail,Chennai,5.5,excellent,421895.09,0.1206,0.941,0.0218,0.0023,1.4451,0.6483,0.7551,1.9212,0.0225,1406.8996,529.5417,0.8864,0.0477,0.1331,824,"[747, 747, 770, 770, 774, 824]",867,True,2000000,12.5,24.0,Premium
MID_0824,Gym,Jaipur,2.7,average,46656.1,0.0614,0.6656,0.1167,0.0225,2.0434,0.2492,0.4104,1.0017,0.1413,368.498,187.5455,0.6056,0.1641,0.4168,713,"[692, 682, 685, 686, 691, 713]",737,True,1000000,15.0,18.0,Standard
MID_0825,Travel,Pune,5.8,average,107869.32,0.0016,0.687,0.0815,0.0121,2.262,0.1987,0.4762,1.2348,0.1371,205.6815,78.3095,0.5833,0.2072,0.4423,712,"[652, 665, 662, 661, 665, 712]",730,True,1000000,15.0,18.0,Standard
MID_0826,Pharmacy,Delhi,7.0,good,269162.04,0.0797,0.7526,0.0625,0.0103,1.1872,0.3906,0.6861,1.5734,0.119,860.0457,270.1108,0.78,0.0985,0.2312,772,"[707, 721, 722, 723, 737, 772]",794,True,1000000,15.0,18.0,Standard
MID_0827,Salon,Hyderabad,5.5,poor,47882.7,0.005,0.4481,0.1206,0.022,3.415,0.1753,0.2333,1.1054,0.2977,723.9389,90.6043,0.4691,0.2906,0.5591,629,"[558, 551, 566, 568, 571, 629]",640,True,400000,18.5,12.0,Basic
MID_0828,Healthcare,Jaipur,1.7,bad,15388.94,-0.1567,0.3309,0.3595,0.0818,6.2871,0.0881,0.1888,0.776,0.4818,361.7284,44.4519,0.2879,0.3572,0.8963,490,"[414, 434, 425, 435, 450, 490]",513,False,0,,,Ineligible
MID_0829,Pharmacy,Mumbai,6.7,bad,23026.85,-0.2322,0.3747,0.2729,0.0466,6.0699,0.092,0.2016,0.9684,0.4213,239.3127,7.1954,0.3689,0.5701,0.7943,538,"[511, 499, 486, 481, 480, 538]",580,True,100000,24.0,6.0,Micro
MID_0830,Pharmacy,Delhi,5.7,poor,16809.71,-0.0175,0.3737,0.187,0.0265,3.9309,0.1184,0.3113,0.9493,0.2674,108.4156,111.8283,0.4688,0.2572,0.562,631,"[579, 568, 590, 577, 597, 631]",647,True,400000,18.5,12.0,Basic
MID_0831,Salon,Surat,4.5,average,118289.12,0.0284,0.5706,0.0675,0.0155,3.8557,0.2521,0.5557,1.2933,0.1113,939.3753,162.2059,0.6914,0.1526,0.4658,697,"[667, 671, 657, 655, 641, 697]",741,True,400000,18.5,12.0,Basic
MID_0832,Clothing,Pune,1.9,good,236125.04,0.0964,0.7875,0.052,0.0065,1.7392,0.3729,0.5979,1.2237,0.0959,2426.1593,456.4259,0.7508,0.071,0.3319,780,"[716, 703, 715, 722, 718, 780]",825,True,1000000,15.0,18.0,Standard
MID_0833,Gym,Surat,7.0,excellent,742895.17,0.0905,0.8697,0.0255,0.0024,1.901,0.5655,0.8197,1.569,0.0437,4206.6999,599.5614,0.8912,0.0355,0.2217,806,"[784, 807, 809, 833, 818, 806]",828,True,2000000,12.5,24.0,Premium
MID_0834,Auto Parts,Mumbai,4.5,average,86645.67,0.0686,0.7185,0.1111,0.0215,2.4475,0.3271,0.5658,1.285,0.1793,809.8855,279.162,0.7115,0.1139,0.5258,711,"[698, 709, 731, 724, 740, 711]",749,True,1000000,15.0,18.0,Standard
MID_0835,Auto Parts,Delhi,1.6,excellent,258581.25,0.2215,0.8683,0.0189,0.003,1.2166,0.6195,0.713,1.8172,0.0393,4250.9333,1391.9872,0.9781,0.0138,0.1929,842,"[786, 794, 805, 794, 794, 842]",874,True,2000000,12.5,24.0,Premium
MID_0836,Healthcare,Kolkata,3.5,average,67428.98,0.0407,0.6947,0.0902,0.0228,2.3895,0.3124,0.3835,1.1845,0.1367,409.9199,254.2712,0.5979,0.1166,0.4849,702,"[645, 668, 661, 679, 687, 702]",727,True,1000000,15.0,18.0,Standard
MID_0837,SaaS,Mumbai,3.9,good,157604.83,0.1073,0.7874,0.0681,0.0083,2.5772,0.4173,0.5665,1.5723,0.0526,2255.2475,130.6994,0.7715,0.1063,0.2303,769,"[740, 748, 741, 737, 740, 769]",808,True,1000000,15.0,18.0,Standard
MID_0838,Food Delivery,Jaipur,7.4,good,185855.09,0.086,0.8342,0.0479,0.0139,2.2002,0.3216,0.6641,1.336,0.0564,1130.3728,269.7262,0.8613,0.0804,0.2826,783,"[717, 708, 728, 717, 742, 783]",801,True,1000000,15.0,18.0,Standard
MID_0839,Food Delivery,Kolkata,3.7,excellent,478507.45,0.1121,0.92,0.0179,0.0072,1.9016,0.6971,0.8245,1.39,0.0201,4205.5448,1440.571,0.9455,0.0363,0.1031,821,"[798, 814, 812, 821, 828, 821]",844,True,2000000,12.5,24.0,Premium
MID_0840,Food Delivery,Bangalore,4.2,excellent,715881.24,0.0906,0.8574,0.0293,0.0061,1.9884,0.5301,0.8052,1.7588,0.0287,3312.7453,1572.7289,0.9666,0.0425,0.1134,823,"[774, 783, 777, 784, 790, 823]",852,True,2000000,12.5,24.0,Premium
MID_0841,Food Delivery,Jaipur,7.8,good,282537.47,0.1433,0.7737,0.0776,0.0056,2.0875,0.4887,0.7012,1.4125,0.0535,2348.9877,134.5583,0.7473,0.0577,0.2887,776,"[723, 744, 730, 747, 735, 776]",813,True,1000000,15.0,18.0,Standard
MID_0842,EdTech,Delhi,3.1,bad,18605.29,-0.1803,0.2647,0.3744,0.0554,6.748,0.0203,0.1391,0.9153,0.2962,339.8731,49.9039,0.1584,0.4547,0.7871,511,"[496, 498, 520, 529, 539, 511]",529,True,100000,24.0,6.0,Micro
MID_0843,Retail,Jaipur,4.9,excellent,372791.14,0.1835,0.9288,0.0242,0.0039,1.8635,0.6119,0.8894,1.3727,0.0525,2593.9914,1442.1424,0.8628,0.0298,0.1597,839,"[810, 811, 806, 812, 834, 839]",850,True,2000000,12.5,24.0,Premium
MID_0844,Retail,Kolkata,7.1,poor,15527.86,0.0202,0.3895,0.1407,0.0328,4.3049,0.1418,0.352,0.9028,0.2779,236.3014,82.576,0.3697,0.2711,0.6797,617,"[571, 584, 608, 593, 590, 617]",647,True,400000,18.5,12.0,Basic
MID_0845,SaaS,Jaipur,1.3,good,298904.36,0.0824,0.7444,0.0461,0.011,1.992,0.3593,0.6598,1.194,0.089,2898.98,472.5408,0.7571,0.1139,0.3837,752,"[675, 698, 698, 703, 711, 752]",770,True,1000000,15.0,18.0,Standard
MID_0846,SaaS,Pune,7.0,good,117561.46,0.0893,0.7328,0.0357,0.0148,2.0512,0.3079,0.7246,1.2805,0.0531,2295.9983,228.545,0.7486,0.0963,0.2362,764,"[690, 693, 680, 674, 660, 764]",786,True,1000000,15.0,18.0,Standard
MID_0847,Restaurant,Delhi,1.3,poor,26104.78,-0.0983,0.4981,0.1709,0.0388,4.4802,0.1005,0.3659,0.9057,0.2726,520.5087,30.6697,0.3917,0.2409,0.5416,621,"[549, 540, 527, 543, 548, 621]",639,True,400000,18.5,12.0,Basic
MID_0848,Healthcare,Chennai,6.4,bad,16372.27,-0.1526,0.2149,0.4012,0.0671,5.4353,0.0956,0.2049,0.7865,0.2855,333.1404,27.2668,0.3298,0.3776,0.8105,513,"[462, 483, 495, 517, 512, 513]",557,True,100000,24.0,6.0,Micro
MID_0849,Auto Parts,Ahmedabad,6.4,good,168700.66,0.1422,0.755,0.0465,0.0057,1.7616,0.3858,0.6598,1.3682,0.1076,1384.8396,711.7989,0.7358,0.0998,0.2535,767,"[697, 719, 718, 725, 727, 767]",803,True,1000000,15.0,18.0,Standard
MID_0850,Food Delivery,Ahmedabad,2.1,bad,21292.33,-0.131,0.2101,0.2073,0.0798,6.7643,0.0492,0.1601,0.9773,0.4782,151.7547,12.1581,0.3533,0.4726,0.851,501,"[439, 459, 473, 498, 511, 501]",513,True,100000,24.0,6.0,Micro
MID_0851,Pharmacy,Mumbai,6.2,poor,25369.62,-0.0923,0.5787,0.1241,0.0252,3.8074,0.1356,0.3612,0.902,0.2441,296.2549,111.3654,0.5244,0.3365,0.6248,638,"[568, 558, 582, 580, 590, 638]",648,True,400000,18.5,12.0,Basic
MID_0852,Clothing,Jaipur,7.4,excellent,255177.71,0.1618,0.8957,0.0206,0.0057,1.6891,0.609,0.775,1.5404,0.0463,4829.5701,369.5839,0.8773,0.0191,0.1097,830,"[776, 789, 807, 822, 831, 830]",861,True,2000000,12.5,24.0,Premium
MID_0853,Clothing,Delhi,6.5,poor,12406.27,-0.0815,0.5011,0.1949,0.0282,5.6068,0.1281,0.2406,1.0152,0.217,485.9525,103.2517,0.4375,0.233,0.6469,599,"[551, 544, 557, 556, 553, 599]",625,True,100000,24.0,6.0,Micro
MID_0854,Freelancer,Kolkata,7.8,poor,48287.26,-0.0186,0.4845,0.1621,0.0224,4.9967,0.1908,0.2757,0.9894,0.2858,253.9437,62.6443,0.3572,0.3377,0.5299,634,"[582, 585, 585, 610, 601, 634]",664,True,400000,18.5,12.0,Basic
MID_0855,Food Delivery,Ahmedabad,3.3,average,115209.49,0.0669,0.5834,0.094,0.0232,2.3476,0.2521,0.493,1.1577,0.1511,1218.5969,154.9396,0.5772,0.1707,0.5366,687,"[633, 619, 638, 660, 668, 687]",724,True,400000,18.5,12.0,Basic
MID_0856,Travel,Ahmedabad,7.6,good,95136.4,0.0629,0.8185,0.0595,0.0064,2.6418,0.4829,0.6908,1.3094,0.0659,2509.5725,763.35,0.8714,0.0572,0.3563,783,"[753, 750, 749, 771, 783, 783]",796,True,1000000,15.0,18.0,Standard
MID_0857,Electronics,Pune,5.1,good,177826.93,0.026,0.8287,0.0576,0.0129,1.4751,0.3493,0.5765,1.2809,0.076,1446.4918,229.3638,0.8097,0.0488,0.2662,773,"[708, 696, 715, 709, 706, 773]",806,True,1000000,15.0,18.0,Standard
MID_0858,Clothing,Delhi,7.1,average,123438.87,0.0464,0.6671,0.0987,0.0202,2.2144,0.1827,0.4124,1.1754,0.1949,1416.9659,197.2887,0.6163,0.1939,0.4179,695,"[629, 648, 638, 648, 663, 695]",736,True,400000,18.5,12.0,Basic
MID_0859,Clothing,Surat,1.7,excellent,535918.13,0.1294,0.967,0.0336,0.0041,1.6794,0.5588,0.821,1.841,0.0344,3172.4962,1428.4004,0.9134,0.0277,0.1438,838,"[756, 775, 763, 759, 746, 838]",859,True,2000000,12.5,24.0,Premium
MID_0860,Restaurant,Bangalore,6.3,good,325886.15,0.0517,0.7991,0.0606,0.0139,2.4896,0.3619,0.6192,1.1276,0.0916,1757.4973,416.8124,0.7714,0.059,0.3558,760,"[690, 691, 704, 716, 713, 760]",779,True,1000000,15.0,18.0,Standard
MID_0861,Clothing,Kolkata,4.6,excellent,200580.13,0.0987,0.9214,0.014,0.0022,1.0485,0.6376,0.725,1.4712,0.035,1222.3102,758.9079,0.8694,0.0139,0.1803,823,"[775, 782, 775, 789, 809, 823]",866,True,2000000,12.5,24.0,Premium
MID_0862,Retail,Kolkata,2.2,poor,18800.16,-0.0265,0.5035,0.1312,0.0482,4.4367,0.1095,0.2837,0.9032,0.2849,514.7577,47.1569,0.4618,0.2868,0.5102,602,"[580, 596, 620, 642, 645, 602]",629,True,400000,18.5,12.0,Basic
MID_0863,EdTech,Pune,7.0,excellent,567903.01,0.1566,0.9289,0.0131,0.0025,1.0064,0.5428,0.8912,1.9175,0.0434,1138.1139,676.6965,0.9335,0.0245,0.2402,835,"[777, 777, 767, 759, 761, 835]",873,True,2000000,12.5,24.0,Premium
MID_0864,Gym,Delhi,5.7,average,85670.93,0.055,0.7193,0.0792,0.0153,2.2131,0.3062,0.5483,1.1145,0.1776,907.0736,284.3885,0.6133,0.1593,0.4418,733,"[696, 714, 701, 715, 709, 733]",761,True,1000000,15.0,18.0,Standard
MID_0865,Freelancer,Kolkata,7.7,good,332590.2,0.1351,0.7481,0.0512,0.0123,1.0017,0.4903,0.5721,1.5028,0.0791,741.9058,308.7332,0.8127,0.0482,0.2371,769,"[731, 733, 754, 755, 760, 769]",803,True,1000000,15.0,18.0,Standard
MID_0866,Pharmacy,Kolkata,4.5,average,105476.82,0.0702,0.7354,0.0773,0.0183,3.5588,0.2193,0.3862,1.1624,0.1486,984.3568,206.5811,0.6183,0.1272,0.5186,707,"[699, 715, 729, 752, 741, 707]",747,True,1000000,15.0,18.0,Standard
MID_0867,Auto Parts,Mumbai,3.4,average,65619.57,-0.0156,0.6028,0.0902,0.024,2.2903,0.196,0.4995,1.0511,0.1514,564.9956,72.2601,0.5827,0.1105,0.3728,702,"[636, 655, 659, 672, 678, 702]",745,True,1000000,15.0,18.0,Standard
MID_0868,Freelancer,Chennai,6.7,average,64537.81,0.0414,0.6749,0.0646,0.0124,3.7365,0.1981,0.4073,1.0837,0.1854,1227.6857,296.8396,0.6105,0.1885,0.4606,686,"[633, 636, 640, 651, 663, 686]",716,True,400000,18.5,12.0,Basic
MID_0869,Salon,Hyderabad,1.2,average,131023.18,-0.0032,0.6422,0.1364,0.0225,2.8973,0.2103,0.5707,1.1243,0.1419,596.6148,146.7354,0.633,0.1673,0.3642,711,"[672, 681, 689, 697, 698, 711]",731,True,1000000,15.0,18.0,Standard
MID_0870,Travel,Mumbai,1.4,good,344932.74,0.0849,0.7882,0.0547,0.0069,2.3665,0.3343,0.6278,1.5012,0.0984,1553.9792,184.374,0.8508,0.0462,0.3228,762,"[759, 756, 765, 752, 757, 762]",794,True,1000000,15.0,18.0,Standard
MID_0871,Travel,Chennai,3.3,poor,33210.47,-0.0556,0.4469,0.2458,0.046,5.0402,0.19,0.3206,1.1077,0.2014,695.428,119.915,0.4001,0.3138,0.532,617,"[579, 575, 593, 606, 599, 617]",631,True,400000,18.5,12.0,Basic
MID_0872,Freelancer,Chennai,6.7,poor,52524.46,0.0176,0.3744,0.2114,0.0255,3.5636,0.1773,0.2267,1.0355,0.2127,518.7639,52.5908,0.3725,0.2374,0.67,612,"[567, 554, 549, 569, 587, 612]",655,True,400000,18.5,12.0,Basic
MID_0873,Freelancer,Pune,6.3,average,112852.9,0.0229,0.6823,0.089,0.0218,3.0768,0.2031,0.4411,1.2188,0.1562,1174.0358,197.3914,0.5799,0.1129,0.4467,687,"[643, 632, 633, 621, 641, 687]",727,True,400000,18.5,12.0,Basic
MID_0874,Clothing,Kolkata,3.9,average,44325.33,0.0279,0.5953,0.0835,0.0102,3.8398,0.232,0.5231,1.1939,0.1735,1428.6254,64.455,0.6548,0.2055,0.5179,708,"[685, 677, 672, 669, 690, 708]",752,True,1000000,15.0,18.0,Standard
MID_0875,Retail,Chennai,2.7,good,303680.93,0.0919,0.8565,0.0378,0.0149,1.0616,0.4386,0.5989,1.5184,0.0757,2244.2666,315.3552,0.774,0.0961,0.3876,781,"[723, 722, 746, 731, 749, 781]",810,True,1000000,15.0,18.0,Standard
MID_0876,Gym,Pune,1.9,average,119943.06,0.0697,0.6435,0.0856,0.0225,2.2685,0.3226,0.5978,1.2053,0.1624,861.1421,254.4095,0.6155,0.1091,0.5304,701,"[669, 679, 671, 679, 704, 701]",722,True,1000000,15.0,18.0,Standard
MID_0877,Clothing,Ahmedabad,3.4,good,280909.66,0.1418,0.7877,0.0387,0.0067,1.6939,0.3463,0.6267,1.3843,0.0565,663.5625,675.9041,0.8408,0.0553,0.3354,789,"[719, 715, 726, 717, 702, 789]",810,True,1000000,15.0,18.0,Standard
MID_0878,EdTech,Hyderabad,2.5,good,354769.82,0.1077,0.8062,0.0415,0.0074,1.4174,0.3742,0.7378,1.4688,0.0767,2756.3247,278.0813,0.7067,0.0748,0.3617,766,"[739, 739, 749, 739, 737, 766]",793,True,1000000,15.0,18.0,Standard
MID_0879,Clothing,Pune,6.7,excellent,722218.02,0.0826,0.9487,0.0268,0.0073,1.5231,0.6054,0.7933,1.4904,0.0594,2814.3377,1336.7995,0.8511,0.0328,0.221,831,"[787, 796, 815, 819, 817, 831]",848,True,2000000,12.5,24.0,Premium
MID_0880,Healthcare,Jaipur,4.4,excellent,656805.16,0.2096,0.8942,0.0141,0.0046,1.4553,0.6836,0.9465,1.8177,0.0444,2488.2536,879.1244,0.9752,0.0272,0.1884,841,"[833, 836, 855, 866, 886, 841]",878,True,2000000,12.5,24.0,Premium
MID_0881,SaaS,Mumbai,1.1,good,215199.94,0.0307,0.7242,0.0679,0.013,1.5214,0.4903,0.6932,1.5727,0.0572,1480.4725,680.4885,0.7754,0.0982,0.2,771,"[743, 756, 756, 768, 763, 771]",792,True,1000000,15.0,18.0,Standard
MID_0882,Clothing,Chennai,5.7,bad,10436.57,-0.0459,0.3958,0.3439,0.0597,9.2977,0.0994,0.1273,0.9278,0.2837,167.2933,23.4032,0.3471,0.523,0.8871,517,"[502, 523, 544, 561, 564, 517]",561,True,100000,24.0,6.0,Micro
MID_0883,SaaS,Bangalore,7.2,poor,13475.09,0.0247,0.5442,0.163,0.0494,5.0475,0.1089,0.2712,1.0764,0.2487,621.1977,94.3348,0.5511,0.2542,0.7184,614,"[554, 551, 546, 561, 580, 614]",648,True,400000,18.5,12.0,Basic
MID_0884,Clothing,Pune,4.3,good,330621.78,0.031,0.8432,0.0725,0.0064,2.0985,0.3755,0.6167,1.5834,0.0927,1020.9906,631.3644,0.8157,0.0803,0.2738,782,"[732, 732, 736, 756, 757, 782]",795,True,1000000,15.0,18.0,Standard
MID_0885,Clothing,Kolkata,2.1,good,179311.18,0.1018,0.7613,0.0554,0.011,2.4944,0.4437,0.5965,1.3686,0.0972,876.348,255.6452,0.7792,0.0737,0.2954,778,"[725, 715, 718, 714, 713, 778]",815,True,1000000,15.0,18.0,Standard
MID_0886,Electronics,Kolkata,7.2,good,365905.41,0.0778,0.7701,0.0321,0.0111,2.819,0.483,0.6711,1.5069,0.0685,1739.4882,641.3683,0.7674,0.0618,0.2574,766,"[714, 723, 742, 745, 748, 766]",777,True,1000000,15.0,18.0,Standard
MID_0887,Healthcare,Hyderabad,4.1,average,92380.54,0.0081,0.603,0.072,0.0244,2.96,0.2594,0.3977,1.179,0.1351,587.4619,59.7682,0.6782,0.192,0.4803,696,"[659, 673, 680, 676, 663, 696]",731,True,400000,18.5,12.0,Basic
MID_0888,Pharmacy,Jaipur,1.6,poor,48590.9,-0.0554,0.4708,0.2446,0.03,4.9717,0.1239,0.2752,0.9451,0.208,573.7838,113.8561,0.4489,0.2057,0.6504,622,"[537, 540, 560, 567, 556, 622]",647,True,400000,18.5,12.0,Basic
MID_0889,Food Delivery,Chennai,4.9,poor,28647.67,-0.0452,0.3681,0.2096,0.0379,4.7031,0.1683,0.3834,1.1484,0.1921,171.2616,108.1068,0.4655,0.3348,0.5985,608,"[598, 601, 603, 592, 603, 608]",650,True,400000,18.5,12.0,Basic
MID_0890,Gym,Mumbai,2.6,average,93109.03,0.02,0.6802,0.1226,0.0158,3.7709,0.3004,0.3835,1.1119,0.1133,725.3509,294.2672,0.6496,0.102,0.4784,711,"[662, 647, 639, 652, 657, 711]",722,True,1000000,15.0,18.0,Standard
MID_0891,Pharmacy,Chennai,6.8,average,104002.21,0.0222,0.7329,0.0654,0.0108,2.1345,0.3289,0.497,1.1128,0.1308,599.7868,265.5799,0.5862,0.1709,0.3681,734,"[689, 686, 683, 673, 666, 734]",762,True,1000000,15.0,18.0,Standard
MID_0892,Retail,Mumbai,7.5,poor,40174.36,0.0191,0.402,0.1856,0.0394,5.5149,0.1991,0.3182,1.0869,0.278,701.5811,58.4301,0.5629,0.3556,0.6054,602,"[569, 575, 567, 558, 563, 602]",638,True,400000,18.5,12.0,Basic
MID_0893,Healthcare,Pune,4.5,excellent,308229.82,0.1744,0.9185,0.0261,0.0055,1.6938,0.5722,0.8506,1.5406,0.0449,3403.4822,1655.9226,0.9179,0.0382,0.2016,842,"[771, 771, 770, 776, 797, 842]",876,True,2000000,12.5,24.0,Premium
MID_0894,Gym,Pune,6.2,good,242452.74,0.1425,0.7355,0.041,0.0103,2.9092,0.3183,0.7283,1.4827,0.1013,2981.8813,772.3621,0.7117,0.0607,0.277,769,"[682, 704, 693, 702, 702, 769]",794,True,1000000,15.0,18.0,Standard
MID_0895,Healthcare,Mumbai,6.8,poor,12902.44,-0.0918,0.4223,0.1814,0.0258,3.272,0.0905,0.3592,0.922,0.2149,332.6381,82.3169,0.4334,0.3528,0.7095,602,"[576, 561, 564, 552, 566, 602]",638,True,400000,18.5,12.0,Basic
MID_0896,Pharmacy,Surat,4.6,average,71918.53,0.0257,0.6983,0.1166,0.0136,3.6004,0.2353,0.575,1.0359,0.1558,1465.8795,195.3853,0.5667,0.1488,0.4728,699,"[672, 684, 706, 728, 745, 699]",715,True,400000,18.5,12.0,Basic
MID_0897,Auto Parts,Kolkata,7.9,good,285365.74,0.0222,0.8632,0.0744,0.0135,2.4534,0.4273,0.582,1.225,0.106,808.7447,474.8831,0.7751,0.0803,0.2252,767,"[739, 740, 751, 752, 761, 767]",786,True,1000000,15.0,18.0,Standard
MID_0898,Restaurant,Jaipur,2.0,good,250751.09,0.1412,0.7338,0.0302,0.0085,1.4608,0.4324,0.6768,1.5612,0.1163,1379.2376,190.6544,0.7239,0.0902,0.2098,766,"[754, 758, 776, 784, 793, 766]",792,True,1000000,15.0,18.0,Standard
MID_0899,Healthcare,Hyderabad,4.7,bad,5226.97,-0.1696,0.2238,0.2466,0.083,4.2682,0.0742,0.167,0.9777,0.4214,297.274,11.6339,0.2953,0.5048,0.654,501,"[496, 514, 510, 511, 511, 501]",541,True,100000,24.0,6.0,Micro
MID_0900,Grocery,Ahmedabad,7.7,good,414983.64,0.1456,0.7267,0.059,0.0076,1.1669,0.4005,0.6957,1.3525,0.0805,2907.3419,281.7097,0.7063,0.112,0.2658,771,"[749, 753, 759, 764, 778, 771]",808,True,1000000,15.0,18.0,Standard
MID_0901,Travel,Surat,5.2,good,140716.88,0.1057,0.7284,0.0624,0.0139,1.2761,0.4183,0.7269,1.5961,0.106,2670.3404,489.2088,0.7016,0.0624,0.3661,772,"[686, 694, 680, 685, 678, 772]",798,True,1000000,15.0,18.0,Standard
MID_0902,Food Delivery,Jaipur,4.9,bad,9207.57,-0.1934,0.1921,0.3796,0.0574,4.4405,0.0769,0.1007,0.8379,0.4039,66.7229,21.2759,0.2208,0.3884,0.7098,496,"[436, 446, 464, 462, 456, 496]",531,False,0,,,Ineligible
MID_0903,Gym,Mumbai,6.6,good,230086.4,0.0872,0.8504,0.0564,0.0127,2.6694,0.3663,0.6878,1.1746,0.1124,1418.8999,564.473,0.8192,0.0931,0.3745,779,"[737, 752, 742, 736, 730, 779]",816,True,1000000,15.0,18.0,Standard
MID_0904,Auto Parts,Jaipur,4.4,average,116828.92,0.0482,0.7164,0.0988,0.0161,2.9904,0.1831,0.5888,1.0836,0.1802,484.4541,293.1272,0.6748,0.1689,0.5162,700,"[677, 665, 669, 690, 702, 700]",720,True,1000000,15.0,18.0,Standard
MID_0905,Auto Parts,Jaipur,5.8,average,96264.26,0.0257,0.6053,0.1374,0.011,3.2722,0.345,0.4649,1.2662,0.1929,757.1051,124.0399,0.5705,0.1898,0.3736,701,"[660, 669, 668, 666, 682, 701]",738,True,1000000,15.0,18.0,Standard
MID_0906,Grocery,Delhi,5.1,average,101461.28,0.0038,0.6945,0.1331,0.0107,3.9108,0.2397,0.4909,1.0551,0.1835,714.8034,89.8345,0.5564,0.191,0.4155,701,"[667, 657, 653, 660, 675, 701]",721,True,1000000,15.0,18.0,Standard
MID_0907,Gym,Kolkata,3.6,excellent,533385.47,0.2033,0.9067,0.0308,0.0077,1.8045,0.6686,0.9427,1.4922,0.0517,1625.4473,740.0218,0.8507,0.0435,0.15,844,"[822, 823, 847, 852, 874, 844]",871,True,2000000,12.5,24.0,Premium
MID_0908,Salon,Mumbai,3.1,average,139820.72,-0.0159,0.7281,0.0988,0.014,3.4955,0.3484,0.5193,1.0413,0.1136,1017.8643,234.8406,0.6172,0.1836,0.5087,700,"[635, 641, 666, 667, 682, 700]",719,True,1000000,15.0,18.0,Standard
MID_0909,Healthcare,Jaipur,3.2,excellent,744710.66,0.2259,0.9734,0.0391,0.0061,1.8498,0.6123,0.8641,1.69,0.0544,3629.026,1017.1797,0.9637,0.032,0.1134,835,"[822, 822, 826, 832, 828, 835]",873,True,2000000,12.5,24.0,Premium
MID_0910,EdTech,Surat,6.3,excellent,483091.23,0.1187,0.9366,0.0368,0.0059,1.9382,0.6018,0.7162,1.6383,0.0348,1443.3423,1419.6551,0.8861,0.0138,0.146,816,"[758, 754, 761, 766, 778, 816]",847,True,2000000,12.5,24.0,Premium
MID_0911,Freelancer,Surat,4.1,average,82027.92,0.0179,0.6138,0.1318,0.0172,2.7233,0.2315,0.5148,1.1946,0.1708,1030.2412,119.5386,0.7173,0.1518,0.4442,698,"[661, 684, 698, 716, 712, 698]",711,True,400000,18.5,12.0,Basic
MID_0912,Gym,Kolkata,7.6,average,67533.67,-0.0087,0.5921,0.1075,0.017,3.9882,0.2929,0.4042,1.2849,0.1643,801.0468,263.2901,0.6803,0.1737,0.4026,702,"[655, 660, 651, 674, 678, 702]",737,True,1000000,15.0,18.0,Standard
MID_0913,Grocery,Delhi,2.2,good,400095.33,0.1024,0.7694,0.0497,0.0083,2.2974,0.3935,0.6739,1.257,0.0666,861.4184,356.703,0.7671,0.0842,0.3668,771,"[692, 707, 704, 708, 730, 771]",807,True,1000000,15.0,18.0,Standard
MID_0914,Salon,Mumbai,1.7,poor,38438.94,0.0182,0.4945,0.1353,0.0258,3.5029,0.1056,0.3619,1.0968,0.2693,410.8277,46.5612,0.457,0.2453,0.6775,636,"[568, 592, 604, 609, 626, 636]",661,True,400000,18.5,12.0,Basic
MID_0915,Grocery,Delhi,4.7,poor,38699.5,0.0293,0.4692,0.1482,0.0482,4.1186,0.172,0.2082,1.0154,0.2067,677.2519,25.5812,0.3679,0.2626,0.6491,598,"[587, 609, 613, 629, 625, 598]",642,True,100000,24.0,6.0,Micro
MID_0916,Salon,Surat,1.8,average,66883.23,-0.0102,0.7308,0.0725,0.0212,2.7303,0.3178,0.432,1.1649,0.1791,960.9903,155.7441,0.6651,0.1424,0.3896,726,"[696, 695, 701, 703, 707, 726]",744,True,1000000,15.0,18.0,Standard
MID_0917,EdTech,Jaipur,2.1,poor,59893.51,-0.07,0.4294,0.1338,0.0258,3.0219,0.1127,0.2104,1.017,0.3,215.4779,81.7016,0.5744,0.2408,0.5891,619,"[586, 594, 596, 614, 602, 619]",662,True,400000,18.5,12.0,Basic
MID_0918,Restaurant,Hyderabad,5.8,poor,58623.16,-0.0986,0.3619,0.1793,0.0416,5.4138,0.1729,0.2961,0.9912,0.2939,372.8823,17.6449,0.39,0.353,0.5399,586,"[516, 525, 520, 536, 524, 586]",629,True,100000,24.0,6.0,Micro
MID_0919,Salon,Kolkata,7.5,excellent,638415.87,0.1844,0.9744,0.0339,0.0022,1.2639,0.6144,0.7806,1.4113,0.0351,4677.7462,1254.0456,0.9527,0.0319,0.2209,835,"[775, 799, 815, 818, 813, 835]",869,True,2000000,12.5,24.0,Premium
MID_0920,Auto Parts,Pune,5.8,good,291899.95,0.0612,0.7658,0.0338,0.0102,2.5946,0.4375,0.6831,1.4823,0.0987,713.3202,367.4326,0.781,0.0809,0.2037,757,"[715, 721, 734, 728, 746, 757]",799,True,1000000,15.0,18.0,Standard
MID_0921,Grocery,Delhi,4.5,poor,56298.77,0.0221,0.4098,0.2072,0.025,5.8384,0.1113,0.3149,0.9496,0.2253,782.3443,109.437,0.3756,0.2797,0.6192,598,"[582, 598, 620, 624, 628, 598]",608,True,100000,24.0,6.0,Micro
MID_0922,Salon,Ahmedabad,3.8,bad,7529.15,-0.143,0.1861,0.3509,0.0402,6.5264,0.0586,0.2225,0.891,0.3208,82.8332,11.6277,0.2148,0.5071,0.779,525,"[499, 507, 494, 515, 526, 525]",554,True,100000,24.0,6.0,Micro
MID_0923,Freelancer,Pune,6.5,good,226128.19,0.0588,0.8142,0.0342,0.0054,2.4358,0.4369,0.5961,1.4409,0.0771,2779.3068,657.2593,0.8024,0.1172,0.3439,775,"[731, 749, 774, 787, 796, 775]",792,True,1000000,15.0,18.0,Standard
MID_0924,EdTech,Delhi,6.0,good,256927.84,0.0444,0.879,0.0371,0.0089,2.909,0.3925,0.585,1.5804,0.1146,667.4618,274.2778,0.8622,0.0983,0.3562,758,"[681, 670, 678, 700, 686, 758]",797,True,1000000,15.0,18.0,Standard
MID_0925,Pharmacy,Chennai,4.4,excellent,695746.01,0.1707,0.8759,0.0398,0.0048,1.756,0.6569,0.748,1.8874,0.0456,817.8993,851.758,0.8811,0.0421,0.2277,817,"[790, 806, 819, 809, 829, 817]",846,True,2000000,12.5,24.0,Premium
MID_0926,Restaurant,Delhi,1.6,average,48735.89,0.0371,0.6235,0.1361,0.0187,2.9644,0.2783,0.585,1.1017,0.1758,983.7675,65.9912,0.7079,0.1098,0.4472,696,"[654, 642, 650, 638, 633, 696]",730,True,400000,18.5,12.0,Basic
MID_0927,Restaurant,Pune,1.2,good,248534.27,0.0501,0.8215,0.0578,0.0082,1.4781,0.377,0.6018,1.478,0.0817,2581.8208,420.2536,0.8558,0.0748,0.2121,768,"[752, 770, 793, 810, 813, 768]",792,True,1000000,15.0,18.0,Standard
MID_0928,Food Delivery,Delhi,5.3,average,56314.29,0.0028,0.5854,0.1064,0.0163,3.6574,0.3033,0.4533,1.2265,0.15,1474.0314,298.5817,0.6078,0.1935,0.4104,695,"[670, 689, 692, 709, 728, 695]",727,True,400000,18.5,12.0,Basic
MID_0929,Salon,Mumbai,6.9,poor,15925.94,-0.0933,0.4867,0.2303,0.0467,4.0796,0.1496,0.3957,1.1007,0.2379,182.1569,26.2878,0.4613,0.3788,0.604,604,"[581, 583, 587, 592, 609, 604]",638,True,400000,18.5,12.0,Basic
MID_0930,Freelancer,Surat,2.1,average,65841.26,0.0789,0.5549,0.0763,0.0102,3.0149,0.3426,0.4636,1.2575,0.1742,214.8301,152.807,0.673,0.1875,0.3864,718,"[634, 640, 662, 678, 682, 718]",756,True,1000000,15.0,18.0,Standard
MID_0931,Auto Parts,Ahmedabad,7.2,average,74204.38,-0.0159,0.6809,0.1056,0.0234,2.8125,0.244,0.4893,1.1768,0.1879,1250.2662,279.9275,0.5619,0.1942,0.361,686,"[635, 644, 636, 647, 633, 686]",706,True,400000,18.5,12.0,Basic
MID_0932,Grocery,Hyderabad,1.7,good,393998.33,0.0514,0.846,0.0408,0.0109,1.4596,0.356,0.5545,1.3006,0.0996,568.8249,693.7147,0.8706,0.0853,0.3949,773,"[762, 774, 766, 769, 789, 773]",791,True,1000000,15.0,18.0,Standard
MID_0933,SaaS,Chennai,1.2,average,61595.21,0.0515,0.5597,0.1228,0.0229,2.5298,0.2703,0.5622,1.1009,0.1532,1213.8341,128.5671,0.5681,0.2154,0.4764,694,"[665, 664, 662, 652, 669, 694]",732,True,400000,18.5,12.0,Basic
MID_0934,Salon,Chennai,7.8,good,335181.5,0.0824,0.8575,0.0776,0.0105,2.2751,0.3893,0.6294,1.4394,0.0529,2305.2668,765.6688,0.7304,0.0599,0.215,785,"[783, 804, 812, 835, 857, 785]",803,True,1000000,15.0,18.0,Standard
MID_0935,EdTech,Ahmedabad,4.7,poor,15288.92,0.0151,0.4643,0.2274,0.041,3.7548,0.0989,0.2681,0.9906,0.2372,503.3941,26.8755,0.5606,0.3039,0.5681,605,"[566, 573, 558, 543, 541, 605]",626,True,400000,18.5,12.0,Basic
MID_0936,EdTech,Ahmedabad,2.8,average,44690.43,-0.0179,0.6862,0.1184,0.0198,2.0073,0.3029,0.4876,1.0893,0.1947,286.8702,111.611,0.6347,0.1165,0.523,715,"[680, 700, 698, 713, 729, 715]",750,True,1000000,15.0,18.0,Standard
MID_0937,Freelancer,Surat,3.9,good,354469.26,0.0499,0.8354,0.0328,0.0103,2.534,0.3585,0.6586,1.5694,0.0632,533.4921,777.3167,0.7914,0.0795,0.3804,758,"[717, 719, 736, 755, 754, 758]",777,True,1000000,15.0,18.0,Standard
MID_0938,Clothing,Bangalore,3.5,excellent,588876.67,0.1563,0.915,0.013,0.0054,1.007,0.5412,0.8806,1.6958,0.0399,4921.1096,1955.7762,0.937,0.0111,0.1194,825,"[805, 812, 826, 816, 810, 825]",863,True,2000000,12.5,24.0,Premium
MID_0939,Food Delivery,Mumbai,6.7,average,123310.54,0.0554,0.6671,0.1004,0.0189,2.2063,0.271,0.5863,1.2726,0.1914,1253.7203,60.1046,0.6932,0.1962,0.4792,718,"[661, 664, 683, 686, 699, 718]",747,True,1000000,15.0,18.0,Standard
MID_0940,Auto Parts,Bangalore,2.7,poor,54448.92,-0.0242,0.3864,0.1369,0.038,4.5514,0.1454,0.3525,0.9445,0.2714,766.7288,116.6239,0.5604,0.331,0.5518,617,"[554, 574, 569, 562, 559, 617]",648,True,400000,18.5,12.0,Basic
MID_0941,Food Delivery,Chennai,5.2,average,93829.46,0.0404,0.7234,0.089,0.0117,3.808,0.308,0.5673,1.0668,0.1519,1079.2537,51.1828,0.5766,0.2099,0.3594,710,"[644, 641, 637, 646, 647, 710]",721,True,1000000,15.0,18.0,Standard
MID_0942,Travel,Mumbai,4.8,excellent,195852.09,0.1898,0.9128,0.0243,0.0019,1.879,0.5514,0.8736,1.9783,0.0533,1328.7411,671.0583,0.87,0.0113,0.1619,818,"[766, 762, 780, 804, 826, 818]",837,True,2000000,12.5,24.0,Premium
MID_0943,Gym,Hyderabad,1.3,poor,44981.41,-0.076,0.3919,0.1604,0.022,4.474,0.184,0.2926,1.1424,0.1818,108.0678,21.9064,0.4112,0.3653,0.6754,612,"[575, 578, 575, 566, 573, 612]",642,True,400000,18.5,12.0,Basic
MID_0944,SaaS,Kolkata,5.6,bad,12448.37,-0.1404,0.3836,0.4457,0.055,7.5708,0.0832,0.1082,0.9307,0.316,155.4182,37.7867,0.2043,0.4473,0.6607,519,"[485, 508, 496, 493, 496, 519]",548,True,100000,24.0,6.0,Micro
MID_0945,Grocery,Bangalore,3.9,average,137573.83,0.0506,0.6136,0.1127,0.0108,3.8422,0.2099,0.4347,1.1202,0.1493,386.6907,223.3857,0.5604,0.1519,0.5401,685,"[641, 638, 632, 640, 649, 685]",708,True,400000,18.5,12.0,Basic
MID_0946,Travel,Surat,7.0,poor,45078.83,-0.0773,0.4578,0.2102,0.03,3.5944,0.1793,0.3817,0.9247,0.211,113.7857,65.5472,0.4138,0.2447,0.6976,610,"[533, 522, 514, 511, 515, 610]",654,True,400000,18.5,12.0,Basic
MID_0947,Pharmacy,Hyderabad,5.9,average,37109.62,0.003,0.559,0.1333,0.016,2.251,0.3197,0.4519,1.2457,0.1487,316.7067,286.2746,0.6051,0.2031,0.3608,712,"[667, 663, 654, 665, 677, 712]",743,True,1000000,15.0,18.0,Standard
MID_0948,Salon,Chennai,1.0,average,47576.79,0.0613,0.7212,0.0705,0.0135,3.6016,0.1861,0.487,1.1551,0.1586,1297.8247,253.7968,0.6746,0.2063,0.5307,716,"[650, 673, 695, 719, 729, 716]",733,True,1000000,15.0,18.0,Standard
MID_0949,Pharmacy,Ahmedabad,6.9,good,245323.19,0.0358,0.8691,0.0516,0.0073,2.9176,0.4264,0.5763,1.2388,0.0672,2599.7389,401.4083,0.8341,0.0507,0.3704,782,"[743, 757, 751, 742, 762, 782]",819,True,1000000,15.0,18.0,Standard
MID_0950,Retail,Pune,0.8,good,183288.92,0.0931,0.7817,0.0704,0.0117,1.8401,0.3891,0.7255,1.253,0.098,2231.826,395.7207,0.8643,0.0804,0.349,762,"[734, 749, 763, 782, 796, 762]",803,True,1000000,15.0,18.0,Standard
MID_0951,Food Delivery,Jaipur,4.4,average,101098.21,0.0007,0.6062,0.1379,0.0159,2.2292,0.3395,0.5021,1.0342,0.1967,815.0718,179.2708,0.6099,0.1633,0.487,714,"[690, 677, 685, 684, 685, 714]",734,True,1000000,15.0,18.0,Standard
MID_0952,Salon,Ahmedabad,1.8,excellent,441027.35,0.0812,0.9135,0.0347,0.0061,1.9835,0.4781,0.8672,1.9054,0.0379,3455.5492,1024.5825,0.8957,0.0213,0.1699,821,"[778, 771, 787, 796, 819, 821]",854,True,2000000,12.5,24.0,Premium
MID_0953,Retail,Chennai,3.1,good,252492.64,0.0735,0.8627,0.043,0.0098,2.1286,0.4888,0.6258,1.3576,0.0792,1431.4356,707.8781,0.7608,0.0793,0.2202,777,"[766, 783, 801, 794, 791, 777]",792,True,1000000,15.0,18.0,Standard
MID_0954,EdTech,Mumbai,7.4,average,54069.39,0.0732,0.5533,0.0626,0.0152,3.6698,0.2388,0.4529,1.2373,0.124,810.6431,163.9726,0.6851,0.1022,0.39,713,"[673, 664, 666, 666, 673, 713]",723,True,1000000,15.0,18.0,Standard
MID_0955,Food Delivery,Delhi,1.6,average,49205.08,0.0175,0.7136,0.087,0.0104,2.1156,0.2382,0.5098,1.0094,0.1994,1135.8976,213.1101,0.6496,0.1661,0.3918,715,"[673, 677, 675, 664, 657, 715]",743,True,1000000,15.0,18.0,Standard
MID_0956,Clothing,Jaipur,2.1,average,32082.05,0.038,0.6082,0.085,0.0192,3.2369,0.2184,0.3839,1.2075,0.1714,338.2636,297.8133,0.6463,0.1773,0.4128,701,"[682, 694, 694, 700, 717, 701]",732,True,1000000,15.0,18.0,Standard
MID_0957,Electronics,Ahmedabad,6.3,average,34003.01,-0.0034,0.6,0.0704,0.0234,2.5739,0.2433,0.5436,1.1355,0.1848,1439.49,87.9576,0.5634,0.1443,0.4628,686,"[630, 621, 641, 661, 647, 686]",721,True,400000,18.5,12.0,Basic
MID_0958,Salon,Mumbai,5.8,poor,54780.86,-0.0717,0.3792,0.1885,0.0288,3.8262,0.1562,0.2074,1.0392,0.292,391.3989,49.2704,0.4589,0.3101,0.6824,615,"[575, 561, 552, 576, 589, 615]",659,True,400000,18.5,12.0,Basic
MID_0959,EdTech,Kolkata,1.9,excellent,671137.59,0.0969,0.86,0.021,0.0026,1.0737,0.6589,0.7275,1.6731,0.0478,2397.0879,885.1672,0.9263,0.0149,0.1395,834,"[775, 776, 761, 765, 781, 834]",876,True,2000000,12.5,24.0,Premium
MID_0960,SaaS,Delhi,6.7,poor,46460.4,-0.02,0.5187,0.2301,0.0314,4.9733,0.1519,0.3954,1.0816,0.2373,486.5481,96.5916,0.4166,0.3744,0.5485,610,"[550, 540, 559, 578, 589, 610]",641,True,400000,18.5,12.0,Basic
MID_0961,Auto Parts,Delhi,5.7,good,180852.38,0.0351,0.8598,0.0634,0.0081,1.9009,0.4005,0.6328,1.3863,0.0692,619.416,799.5267,0.7696,0.048,0.3321,773,"[742, 737, 755, 770, 771, 773]",791,True,1000000,15.0,18.0,Standard
MID_0962,Healthcare,Bangalore,3.9,average,88191.9,0.0069,0.5609,0.1181,0.0104,2.4296,0.3488,0.4789,1.0775,0.1627,997.4679,292.0898,0.6265,0.1725,0.3959,713,"[693, 703, 691, 709, 710, 713]",723,True,1000000,15.0,18.0,Standard
MID_0963,Food Delivery,Kolkata,0.6,good,318100.18,0.0786,0.7574,0.0333,0.0115,1.0909,0.3978,0.7396,1.2207,0.098,590.5143,118.7336,0.7961,0.0725,0.2665,764,"[726, 726, 723, 710, 713, 764]",799,True,1000000,15.0,18.0,Standard
MID_0964,Gym,Surat,2.8,average,114561.87,0.0436,0.7133,0.1073,0.0176,3.0335,0.2594,0.5776,1.0739,0.1808,232.9591,53.9249,0.7016,0.1958,0.3508,718,"[660, 671, 669, 690, 699, 718]",730,True,1000000,15.0,18.0,Standard
MID_0965,Gym,Jaipur,1.3,bad,3568.72,-0.2255,0.3259,0.3058,0.0431,4.2191,0.0693,0.1089,0.7278,0.3431,80.1459,48.7282,0.232,0.6048,0.7557,520,"[466, 477, 492, 516, 538, 520]",540,True,100000,24.0,6.0,Micro
MID_0966,Clothing,Surat,7.9,average,104632.86,0.0619,0.6954,0.0888,0.0236,3.7529,0.3087,0.4484,1.2084,0.1586,434.146,202.892,0.7166,0.1257,0.4272,718,"[688, 682, 707, 700, 708, 718]",755,True,1000000,15.0,18.0,Standard
MID_0967,Travel,Bangalore,2.5,average,109121.73,0.0729,0.5892,0.1197,0.0184,2.698,0.2694,0.5687,1.2909,0.1244,1008.2544,265.0968,0.662,0.1466,0.4406,717,"[661, 657, 650, 640, 655, 717]",751,True,1000000,15.0,18.0,Standard
MID_0968,Gym,Mumbai,3.7,good,249128.38,0.0332,0.8596,0.0712,0.0096,1.2506,0.4762,0.5743,1.1681,0.0517,2243.7149,511.2136,0.8102,0.1148,0.2742,772,"[748, 761, 764, 753, 750, 772]",802,True,1000000,15.0,18.0,Standard
MID_0969,Pharmacy,Ahmedabad,0.5,poor,36179.97,-0.0691,0.5021,0.1818,0.0452,3.2972,0.1449,0.2869,1.1384,0.2616,205.6408,48.8262,0.489,0.3534,0.512,628,"[572, 559, 547, 570, 588, 628]",641,True,400000,18.5,12.0,Basic
MID_0970,Retail,Pune,3.7,average,132179.91,0.026,0.6624,0.123,0.0245,3.494,0.2866,0.398,1.2843,0.1855,201.5695,214.8723,0.6445,0.1168,0.5028,686,"[626, 636, 652, 664, 685, 686]",731,True,400000,18.5,12.0,Basic
MID_0971,Food Delivery,Kolkata,4.1,good,384704.0,0.0296,0.7622,0.0431,0.0062,2.3525,0.4888,0.6432,1.414,0.094,1531.7299,730.7313,0.7653,0.0654,0.2838,758,"[758, 765, 785, 771, 765, 758]",793,True,1000000,15.0,18.0,Standard
MID_0972,Food Delivery,Chennai,1.4,good,282476.23,0.1016,0.8348,0.0714,0.0066,1.8269,0.4529,0.6881,1.3182,0.0667,1766.8574,321.8049,0.8126,0.0873,0.2828,778,"[699, 715, 727, 740, 755, 778]",809,True,1000000,15.0,18.0,Standard
MID_0973,Electronics,Jaipur,1.6,poor,47925.6,0.0047,0.5596,0.1427,0.0466,3.7212,0.15,0.3331,1.0562,0.2249,702.0531,113.3097,0.422,0.3633,0.5912,619,"[583, 578, 600, 610, 626, 619]",656,True,400000,18.5,12.0,Basic
MID_0974,EdTech,Delhi,7.0,poor,12382.5,0.0018,0.4012,0.126,0.0277,4.815,0.1424,0.2705,1.0249,0.1919,333.7606,88.7605,0.4866,0.3188,0.6527,636,"[566, 570, 574, 584, 575, 636]",652,True,400000,18.5,12.0,Basic
MID_0975,Travel,Bangalore,0.6,poor,59091.59,0.024,0.4576,0.1351,0.0254,5.1734,0.1276,0.3595,0.9541,0.2066,456.104,22.6083,0.5331,0.2315,0.5703,643,"[570, 564, 567, 589, 596, 643]",675,True,400000,18.5,12.0,Basic
MID_0976,Gym,Surat,2.9,good,279673.01,0.1037,0.7434,0.066,0.0077,1.1707,0.3129,0.6851,1.5938,0.1174,1640.124,252.8926,0.795,0.0519,0.271,768,"[711, 711, 718, 732, 724, 768]",778,True,1000000,15.0,18.0,Standard
MID_0977,EdTech,Mumbai,3.2,bad,2747.19,-0.032,0.3249,0.3445,0.05,5.5165,0.071,0.1037,0.8399,0.4915,343.4962,12.7078,0.1754,0.6164,0.8207,508,"[480, 494, 518, 534, 530, 508]",529,True,100000,24.0,6.0,Micro
MID_0978,Restaurant,Ahmedabad,1.5,excellent,458284.36,0.0545,0.8883,0.0263,0.0028,1.6734,0.5592,0.8791,1.643,0.0479,4000.5363,576.8131,0.9014,0.0126,0.1937,815,"[803, 789, 788, 776, 782, 815]",859,True,2000000,12.5,24.0,Premium
MID_0979,Healthcare,Chennai,5.8,excellent,756910.54,0.0916,0.8562,0.0163,0.0011,1.4518,0.4823,0.7806,1.4075,0.0462,1769.8379,1469.701,0.8748,0.0209,0.1214,807,"[725, 719, 708, 711, 719, 807]",852,True,2000000,12.5,24.0,Premium
MID_0980,Restaurant,Surat,1.3,average,72598.03,-0.0076,0.718,0.1228,0.0192,3.6723,0.2601,0.5287,1.0028,0.1206,201.8655,137.1922,0.7047,0.1077,0.3538,710,"[640, 653, 649, 666, 664, 710]",741,True,1000000,15.0,18.0,Standard
MID_0981,Travel,Delhi,4.2,good,274935.11,0.0737,0.8309,0.0558,0.0109,1.5914,0.3238,0.5512,1.5091,0.0958,2910.8093,385.5618,0.8032,0.0964,0.2197,757,"[709, 707, 698, 693, 685, 757]",802,True,1000000,15.0,18.0,Standard
MID_0982,Auto Parts,Mumbai,2.9,poor,16733.09,-0.0407,0.4524,0.1595,0.0305,3.813,0.0869,0.3539,1.0783,0.2496,383.2143,113.534,0.5216,0.3217,0.6311,612,"[583, 575, 573, 578, 580, 612]",650,True,400000,18.5,12.0,Basic
MID_0983,Travel,Jaipur,4.6,good,91906.14,0.0307,0.7912,0.0566,0.0052,1.4759,0.3509,0.7428,1.5012,0.0874,2493.8267,104.8951,0.8367,0.0777,0.3674,782,"[708, 729, 722, 746, 740, 782]",813,True,1000000,15.0,18.0,Standard
MID_0984,Travel,Chennai,5.5,good,350121.4,0.0259,0.8378,0.0476,0.0091,1.6424,0.3992,0.6715,1.5263,0.0575,970.9173,414.4491,0.8066,0.0839,0.2037,773,"[719, 739, 737, 757, 746, 773]",783,True,1000000,15.0,18.0,Standard
MID_0985,EdTech,Surat,7.8,poor,58465.79,-0.0258,0.5597,0.1251,0.0427,5.6346,0.1591,0.4121,0.9454,0.2887,240.9923,89.4786,0.4869,0.2677,0.5017,621,"[590, 580, 585, 594, 599, 621]",645,True,400000,18.5,12.0,Basic
MID_0986,Restaurant,Ahmedabad,2.6,bad,20093.47,-0.078,0.3326,0.3431,0.0853,6.875,0.0907,0.2238,0.738,0.3031,367.2271,19.7762,0.2406,0.3646,0.8458,502,"[456, 477, 489, 509, 500, 502]",547,True,100000,24.0,6.0,Micro
MID_0987,Food Delivery,Surat,4.3,average,44972.26,0.0573,0.6016,0.0788,0.0186,2.7919,0.2213,0.5366,1.269,0.1009,205.2947,101.6751,0.6499,0.1739,0.546,718,"[656, 652, 655, 676, 688, 718]",747,True,1000000,15.0,18.0,Standard
MID_0988,Grocery,Delhi,6.9,excellent,396067.82,0.2311,0.8721,0.0228,0.0037,1.7712,0.5358,0.8635,1.5084,0.0381,2289.5572,1222.4811,0.9396,0.0112,0.22,828,"[774, 796, 802, 825, 836, 828]",841,True,2000000,12.5,24.0,Premium
MID_0989,Gym,Surat,5.8,average,81357.22,0.0306,0.6128,0.1006,0.0133,3.3439,0.2361,0.5265,1.2392,0.1072,820.0367,120.4518,0.69,0.2189,0.4854,719,"[711, 722, 711, 724, 727, 719]",735,True,1000000,15.0,18.0,Standard
MID_0990,Auto Parts,Hyderabad,2.9,excellent,573407.11,0.1484,0.9195,0.0216,0.0021,1.1907,0.6289,0.8253,1.4978,0.0295,1594.1797,1246.9571,0.9285,0.0152,0.1831,824,"[781, 806, 797, 815, 832, 824]",844,True,2000000,12.5,24.0,Premium
MID_0991,Gym,Hyderabad,2.9,average,68125.79,-0.0081,0.6746,0.0725,0.0189,2.1073,0.2037,0.4082,1.0804,0.1487,579.6249,245.9748,0.6061,0.104,0.3986,699,"[662, 648, 673, 659, 661, 699]",713,True,400000,18.5,12.0,Basic
MID_0992,Clothing,Kolkata,7.8,good,373731.92,0.0669,0.7639,0.0535,0.0089,2.5319,0.3216,0.6627,1.5636,0.0918,2891.3797,203.2325,0.8219,0.1005,0.2029,750,"[675, 666, 686, 707, 714, 750]",761,True,1000000,15.0,18.0,Standard
MID_0993,Pharmacy,Kolkata,2.7,average,118876.49,0.0048,0.5509,0.0805,0.0155,3.6226,0.2378,0.4533,1.0378,0.1408,1117.4006,151.463,0.635,0.1585,0.4578,686,"[613, 603, 605, 629, 637, 686]",712,True,400000,18.5,12.0,Basic
MID_0994,Freelancer,Kolkata,0.8,average,110361.37,0.0625,0.6301,0.0902,0.0199,3.6392,0.2042,0.5912,1.2669,0.1563,438.8642,218.2695,0.5754,0.1677,0.4249,686,"[676, 662, 673, 695, 680, 686]",717,True,400000,18.5,12.0,Basic
MID_0995,Freelancer,Delhi,1.8,excellent,541068.09,0.0918,0.8902,0.011,0.0041,1.4756,0.4909,0.7286,1.4276,0.023,3526.0244,1434.5607,0.9481,0.0427,0.1882,825,"[752, 774, 790, 799, 789, 825]",849,True,2000000,12.5,24.0,Premium
MID_0996,Restaurant,Ahmedabad,1.1,good,211844.88,0.1326,0.8636,0.0363,0.0065,1.4663,0.3927,0.6997,1.1909,0.1046,1288.8913,534.3098,0.7583,0.0988,0.3071,775,"[713, 714, 705, 718, 723, 775]",786,True,1000000,15.0,18.0,Standard
MID_0997,Retail,Bangalore,3.7,average,34996.27,0.0091,0.6332,0.0935,0.0175,2.6481,0.3059,0.4396,1.1225,0.1845,742.0428,220.0787,0.5533,0.1512,0.5161,685,"[649, 674, 666, 670, 673, 685]",711,True,400000,18.5,12.0,Basic
MID_0998,Gym,Ahmedabad,4.6,average,30709.18,-0.0196,0.6894,0.1085,0.0162,2.9571,0.2579,0.5709,1.2982,0.1086,1376.3464,173.6268,0.6531,0.2144,0.3806,708,"[693, 699, 723, 744, 757, 708]",742,True,1000000,15.0,18.0,Standard
MID_0999,Grocery,Delhi,3.8,excellent,293733.68,0.1485,0.9339,0.0382,0.0012,1.3872,0.6293,0.8357,1.3074,0.0281,3697.8896,1934.6512,0.9022,0.0222,0.1708,847,"[780, 788, 781, 770, 762, 847]",873,True,2000000,12.5,24.0,Premium
MID_1000,Electronics,Jaipur,5.6,good,208300.57,0.1091,0.7333,0.0499,0.0052,2.1536,0.3171,0.6734,1.4405,0.0889,1805.7487,101.9342,0.8264,0.0777,0.3384,773,"[745, 744, 731, 735, 724, 773]",813,True,1000000,15.0,18.0,Standard
