monthly_revenue,revenue_growth_rate,revenue_consistency,refund_rate,chargeback_rate,settlement_velocity_days,customer_repeat_rate,payment_diversity_score,peak_season_ratio,failed_payment_rate,avg_transaction_value,transaction_volume_monthly,dispute_resolution_rate,late_settlement_frequency,revenue_concentration_risk,years_active,credit_score,credit_tier
158924.44,0.1157,0.8283,0.0746,0.0059,1.8438,0.306,0.5937,1.3527,0.0519,997.0941,554.9191,0.7981,0.0576,0.3179,0.7,758,good
43012.87,-0.0303,0.5738,0.1692,0.0366,5.4882,0.1542,0.3896,1.0443,0.2786,132.0771,38.9293,0.4166,0.2144,0.5512,5.0,620,poor
390023.9,0.1032,0.8091,0.0642,0.0134,2.552,0.3458,0.5564,1.2577,0.0687,1027.4571,760.0368,0.8577,0.0652,0.3311,1.7,777,good
499769.73,0.2012,0.9619,0.0146,0.0021,1.6805,0.5991,0.7962,1.7171,0.0387,1855.9393,1195.8066,0.9725,0.0372,0.1172,8.0,851,excellent
533248.25,0.2183,0.916,0.016,0.0036,1.1615,0.6884,0.9306,1.9429,0.044,2852.144,401.3619,0.8972,0.0494,0.221,4.3,839,excellent
28660.07,-0.0725,0.474,0.2149,0.026,3.9351,0.1994,0.343,1.0095,0.2525,184.7029,38.5932,0.4278,0.3059,0.5506,2.5,613,poor
35589.67,-0.0684,0.4588,0.1729,0.0228,4.9769,0.1225,0.2904,1.116,0.1876,557.4188,82.8489,0.3639,0.3311,0.6761,5.9,605,poor
32942.68,-0.0107,0.7007,0.0789,0.0161,2.9627,0.327,0.5785,1.0494,0.1002,707.5483,280.8947,0.6835,0.1342,0.4893,5.4,730,average
132808.75,-0.0043,0.7422,0.0664,0.0128,3.1901,0.2948,0.4317,1.036,0.189,520.08,194.575,0.6553,0.1503,0.4667,4.9,725,average
42364.66,0.0338,0.6512,0.0706,0.0152,2.1376,0.2215,0.4427,1.1315,0.1543,593.2723,295.8019,0.6872,0.1635,0.4836,5.2,723,average
57486.37,0.0289,0.7311,0.1277,0.0114,2.8472,0.227,0.3808,1.2313,0.1637,540.5418,232.72,0.6438,0.1513,0.3519,2.0,722,average
118353.24,0.1214,0.8615,0.0503,0.0112,1.3091,0.486,0.7229,1.5881,0.1068,2703.5405,117.3505,0.8326,0.0666,0.3862,2.1,801,good
21107.82,-0.0142,0.4416,0.1562,0.0221,5.32,0.1221,0.3121,1.0699,0.2981,331.8049,17.8981,0.5517,0.247,0.6277,6.7,613,poor
739886.55,0.1577,0.9435,0.0323,0.0057,1.3642,0.4675,0.8661,1.5311,0.0326,4361.6642,1495.5577,0.889,0.0224,0.1613,5.8,820,excellent
317382.68,0.0989,0.7716,0.0521,0.0118,2.0223,0.4587,0.742,1.468,0.0961,1209.466,564.6977,0.8115,0.0475,0.3904,2.8,770,good
312571.98,0.0207,0.8402,0.0685,0.0061,1.8503,0.3352,0.7416,1.359,0.0535,1122.9957,693.8354,0.7822,0.1041,0.3335,4.2,774,good
50969.03,-0.0639,0.5289,0.183,0.0272,4.3196,0.1656,0.2516,0.984,0.305,156.4044,30.8372,0.4381,0.2275,0.5471,3.9,620,poor
218542.98,0.1359,0.8537,0.0569,0.0123,2.5997,0.4796,0.6476,1.2365,0.084,1472.143,568.2115,0.8437,0.0979,0.3681,7.6,795,good
197869.72,0.119,0.7807,0.0676,0.0133,1.5045,0.3164,0.5539,1.3697,0.12,1374.9009,555.1009,0.8406,0.0921,0.3508,3.3,751,good
14737.88,0.0065,0.5719,0.1341,0.0208,3.9359,0.1613,0.4108,0.9992,0.2801,153.1975,87.5145,0.4943,0.2183,0.6699,5.1,656,poor
815496.74,0.1771,0.9577,0.0312,0.004,1.7338,0.6914,0.7675,1.8657,0.0415,2830.6895,984.0341,0.945,0.0207,0.2278,6.7,826,excellent
166898.22,0.0975,0.8608,0.0578,0.0102,1.3821,0.3483,0.6313,1.3776,0.0668,1690.2328,598.2897,0.7807,0.0414,0.2588,3.2,771,good
253788.34,0.0739,0.9197,0.0329,0.0023,1.2164,0.571,0.8811,1.9836,0.041,1988.5946,380.947,0.8752,0.0191,0.1269,2.4,828,excellent
53010.31,-0.0149,0.7382,0.0982,0.0223,2.8014,0.1926,0.5185,1.0161,0.1149,931.6915,118.9972,0.719,0.1142,0.5029,4.0,718,average
154322.1,0.1059,0.7451,0.0387,0.0058,1.0054,0.3901,0.6688,1.2456,0.0662,2267.3896,592.0913,0.7817,0.095,0.3848,7.6,779,good
132503.81,0.0721,0.6378,0.0975,0.0146,2.805,0.2263,0.4988,1.1313,0.1598,1356.2498,230.9788,0.6526,0.1031,0.3958,6.4,724,average
259372.59,0.1025,0.7987,0.0346,0.0085,1.6666,0.434,0.7215,1.2649,0.0986,1220.5445,761.6355,0.8464,0.084,0.291,7.4,779,good
87581.24,-0.0148,0.6034,0.0705,0.0143,3.7617,0.2624,0.3864,1.189,0.1799,1122.7177,120.795,0.5523,0.149,0.3949,5.2,677,average
289903.73,0.1699,0.947,0.0141,0.0015,1.7727,0.6636,0.785,1.8514,0.0307,810.7741,1506.8918,0.9589,0.0332,0.199,3.9,839,excellent
10312.3,-0.0032,0.5122,0.2255,0.0316,4.9911,0.1785,0.4158,1.0238,0.1852,451.6038,76.9689,0.55,0.3574,0.5969,2.3,634,poor
55826.53,-0.0506,0.4228,0.2134,0.0428,5.6171,0.0843,0.2151,1.0578,0.3089,798.1981,93.4105,0.4498,0.2177,0.6394,6.9,587,poor
145712.1,0.0992,0.7812,0.0642,0.01,2.1663,0.3464,0.6776,1.3298,0.0967,2747.2713,425.6773,0.7518,0.0837,0.2148,5.6,782,good
145599.47,0.0095,0.7456,0.1127,0.0141,3.1319,0.2966,0.5438,1.0147,0.1606,845.7455,275.0804,0.5987,0.1959,0.4714,4.8,716,average
129285.0,0.1383,0.7723,0.0508,0.007,2.573,0.4753,0.6232,1.3509,0.0691,911.3611,739.8343,0.87,0.1174,0.259,0.8,791,good
524616.8,0.141,0.9375,0.0302,0.0051,1.8224,0.6851,0.7271,1.4637,0.021,4513.7863,1210.5333,0.969,0.0189,0.1095,6.4,849,excellent
111537.19,0.0746,0.6338,0.1194,0.0123,2.8298,0.1968,0.4877,1.1224,0.1952,242.5312,136.3378,0.6254,0.2141,0.5211,3.9,705,average
30711.7,0.0587,0.5987,0.0701,0.0185,2.1372,0.3101,0.4256,1.0648,0.187,627.1274,78.3641,0.7031,0.1003,0.5217,5.3,699,average
457418.52,0.0727,0.8583,0.0234,0.0035,1.5937,0.563,0.7554,1.7306,0.0491,4616.7571,1386.0255,0.8892,0.0357,0.1047,2.5,824,excellent
68508.72,0.0795,0.6561,0.0963,0.0191,2.1984,0.2993,0.5676,1.1953,0.1769,1137.0919,95.906,0.6268,0.1274,0.4178,5.2,716,average
47904.17,-0.0277,0.4849,0.193,0.0299,3.3667,0.1224,0.3464,1.0876,0.3015,604.7425,116.6819,0.4881,0.2633,0.6271,1.2,632,poor
34455.85,0.0729,0.7159,0.0814,0.0127,3.4054,0.2325,0.4548,1.0018,0.187,936.2174,144.2039,0.5741,0.176,0.3561,5.1,702,average
188565.32,0.1386,0.9051,0.0282,0.0039,1.2156,0.5781,0.7863,1.3776,0.0471,3291.1639,1148.4814,0.8901,0.0188,0.2477,6.2,815,excellent
136270.13,0.0606,0.5644,0.1289,0.0106,2.0375,0.3366,0.5697,1.1727,0.1573,1122.3487,148.6004,0.5696,0.1025,0.415,5.8,719,average
306942.73,0.0299,0.8213,0.0565,0.0069,2.5525,0.3702,0.7416,1.4227,0.0603,757.0113,279.1778,0.7312,0.0522,0.3518,6.1,781,good
441236.82,0.1106,0.8857,0.0117,0.0046,1.3104,0.563,0.7142,1.8822,0.0231,4429.8501,1739.5281,0.93,0.0303,0.1694,1.6,829,excellent
57520.92,-0.089,0.4986,0.1251,0.0412,5.973,0.1429,0.3342,0.991,0.3085,371.1916,96.3188,0.5061,0.2094,0.6388,6.6,605,poor
290331.29,0.1061,0.7406,0.0654,0.0058,2.1178,0.4287,0.6157,1.1639,0.0992,2867.7716,798.0149,0.8642,0.0475,0.3341,7.4,759,good
127550.99,0.0327,0.6824,0.1301,0.0193,3.1945,0.2062,0.4198,1.2079,0.1625,1373.4528,227.5076,0.5574,0.1437,0.4939,4.3,694,average
66499.04,0.0182,0.6555,0.1373,0.0223,3.6025,0.2035,0.435,1.1924,0.1874,920.903,66.6733,0.6938,0.2021,0.407,7.9,683,average
216792.63,0.0306,0.7559,0.0459,0.006,2.4294,0.3671,0.5792,1.1192,0.1142,1681.1373,681.7773,0.8366,0.0775,0.3231,3.5,745,good
29572.34,-0.0856,0.5582,0.1976,0.0205,4.5461,0.109,0.2316,1.0073,0.2661,268.395,58.7396,0.5028,0.2154,0.7144,3.6,626,poor
317334.71,0.1814,0.8635,0.0275,0.0063,1.1334,0.5381,0.7846,1.75,0.0532,3675.6668,1965.4745,0.9122,0.0173,0.1202,3.2,838,excellent
61932.09,0.0662,0.5596,0.1125,0.0141,3.5987,0.2543,0.468,1.1319,0.1956,640.7476,88.5725,0.6677,0.1441,0.5095,0.8,683,average
106326.27,0.0152,0.5585,0.1296,0.0153,3.9963,0.2267,0.5956,1.2844,0.1075,1028.7663,134.4609,0.6862,0.1815,0.5406,5.0,699,average
313064.92,0.0946,0.8047,0.0499,0.0115,1.4992,0.3227,0.6971,1.3495,0.0771,1904.1818,283.2437,0.7469,0.0757,0.3993,7.6,779,good
69854.7,0.01,0.5815,0.1168,0.0205,2.3482,0.2415,0.4293,1.2955,0.1792,507.757,168.4457,0.6114,0.1687,0.4435,5.8,679,average
108863.34,0.0145,0.7256,0.1224,0.0196,2.3639,0.3443,0.4752,1.2732,0.1055,361.4095,79.784,0.578,0.1387,0.4919,5.3,726,average
92186.39,-0.0029,0.6749,0.1322,0.0151,3.8479,0.187,0.57,1.0244,0.1949,1202.3291,108.8105,0.5858,0.1687,0.4736,5.3,704,average
75870.07,-0.0056,0.7223,0.0855,0.0248,2.6907,0.2478,0.5473,1.1545,0.1106,514.2592,71.8557,0.6264,0.1169,0.3601,3.6,723,average
32587.14,-0.0883,0.4404,0.1794,0.0272,4.75,0.0858,0.2619,1.0494,0.298,570.7644,45.0036,0.3519,0.2193,0.5295,4.0,602,poor
17527.71,-0.2227,0.3938,0.2985,0.0877,6.0345,0.0951,0.2083,0.7597,0.392,225.0273,7.0387,0.1815,0.4499,0.7684,2.6,502,bad
24424.73,0.006,0.4347,0.2076,0.0494,4.7511,0.1756,0.3596,1.072,0.1837,432.2131,116.5424,0.5301,0.3397,0.6271,4.5,617,poor
79976.88,0.0004,0.6504,0.1089,0.0171,3.6968,0.3037,0.5353,1.1556,0.1561,1497.5597,164.3765,0.6141,0.2148,0.4419,3.8,702,average
9276.23,-0.1835,0.2018,0.3762,0.059,6.0928,0.0947,0.2152,0.782,0.3068,286.8178,22.0862,0.3754,0.5955,0.8887,2.2,502,bad
588486.13,0.1674,0.8815,0.0301,0.0047,1.6379,0.4631,0.8033,1.8022,0.024,4037.2174,209.3266,0.9215,0.0472,0.161,5.7,831,excellent
390671.95,0.0429,0.8671,0.0799,0.009,1.9908,0.4873,0.7424,1.563,0.1114,523.1679,497.5733,0.7193,0.1186,0.2569,7.3,778,good
362246.86,0.109,0.9377,0.0158,0.0053,1.6387,0.5514,0.8069,1.5295,0.036,1200.6174,1967.0333,0.9121,0.0474,0.101,5.9,824,excellent
146569.19,0.0688,0.704,0.1152,0.0196,3.8813,0.2425,0.4286,1.2872,0.1478,791.4723,297.0979,0.6135,0.1842,0.5326,1.7,706,average
55467.13,-0.0737,0.4734,0.1414,0.0456,4.3255,0.1616,0.3577,1.0222,0.3058,411.8379,20.8418,0.3803,0.2748,0.6241,1.3,611,poor
761713.88,0.0563,0.9032,0.0331,0.0064,1.9783,0.6115,0.8051,1.995,0.0353,4452.4052,1832.1812,0.8988,0.0373,0.1993,7.5,820,excellent
86829.56,0.0623,0.5995,0.0877,0.0141,3.8748,0.3033,0.4048,1.2428,0.1419,1195.8695,269.7767,0.5527,0.1247,0.3702,5.6,704,average
383921.92,0.0949,0.8124,0.0686,0.0132,1.4738,0.4753,0.7471,1.3606,0.0789,1187.8848,489.7027,0.8065,0.0988,0.235,8.0,786,good
136661.3,0.0101,0.6915,0.1245,0.0237,3.1248,0.3445,0.5026,1.0402,0.1243,464.3378,208.1435,0.7068,0.2017,0.3685,6.2,702,average
9186.85,-0.0409,0.203,0.2475,0.0845,8.4813,0.0803,0.2355,0.9087,0.4348,188.8212,15.7699,0.224,0.4349,0.7666,2.1,489,bad
60774.07,-0.0054,0.6022,0.1348,0.0187,2.8352,0.2059,0.4526,1.114,0.1833,849.0919,210.1981,0.6664,0.1309,0.5143,3.6,693,average
10945.83,0.0063,0.3612,0.1208,0.0241,4.8921,0.0882,0.2332,0.9547,0.2438,142.3151,81.9615,0.5648,0.3643,0.645,4.4,619,poor
257033.2,0.0884,0.9184,0.0345,0.0029,1.3969,0.5433,0.8015,1.6955,0.0596,1748.6005,1431.2749,0.9602,0.0361,0.2287,1.3,809,excellent
7658.41,-0.0427,0.3231,0.3417,0.0563,9.545,0.0748,0.1277,0.8629,0.4248,112.7741,43.2692,0.1536,0.4121,0.686,7.2,518,bad
39745.77,0.0545,0.6192,0.0678,0.0135,2.152,0.2829,0.5151,1.1787,0.1969,624.2896,204.872,0.6832,0.1541,0.3956,6.4,714,average
120621.6,0.0117,0.5713,0.0604,0.0146,2.7198,0.2259,0.4092,1.0562,0.1449,921.162,146.0915,0.5545,0.1425,0.3686,5.8,691,average
174957.42,0.039,0.7468,0.0438,0.008,2.5653,0.3722,0.7388,1.4604,0.0847,2041.672,420.5031,0.7244,0.0405,0.2791,1.8,760,good
188745.02,0.1155,0.8213,0.0784,0.0128,1.6518,0.3561,0.7072,1.2825,0.1152,999.5001,798.0854,0.7324,0.1014,0.2054,1.8,784,good
108137.03,0.0589,0.5648,0.1393,0.0172,2.8016,0.2661,0.5825,1.2075,0.1544,1227.9372,133.4777,0.7022,0.1644,0.4776,2.3,714,average
309901.83,0.1994,0.9225,0.0306,0.0025,1.3741,0.5658,0.8699,1.7833,0.026,4990.3514,1068.988,0.8884,0.0468,0.1129,1.3,845,excellent
13832.58,0.0104,0.499,0.208,0.0249,5.9517,0.1093,0.2384,0.94,0.2584,770.9238,39.3448,0.4432,0.2332,0.6409,2.8,604,poor
78845.34,-0.0003,0.5728,0.1137,0.0173,3.9318,0.2333,0.4655,1.1178,0.1114,657.5804,159.0438,0.5793,0.1808,0.5101,6.5,687,average
96799.57,0.0719,0.7361,0.0739,0.0125,2.5777,0.2118,0.5652,1.1858,0.1866,1437.3945,165.9983,0.5832,0.1461,0.4623,3.7,716,average
238296.31,0.1165,0.8425,0.0575,0.0061,1.2284,0.455,0.7147,1.2834,0.1076,604.0263,603.2862,0.7983,0.1192,0.2205,4.5,798,good
42277.55,-0.0443,0.4917,0.222,0.0444,5.4163,0.1484,0.3171,1.0492,0.2036,785.3001,45.7266,0.4817,0.3714,0.6132,5.7,616,poor
46281.35,-0.0121,0.4626,0.1951,0.0281,4.2427,0.1342,0.3394,1.12,0.193,460.9294,44.2137,0.5654,0.2664,0.7091,5.8,617,poor
33490.55,-0.058,0.4152,0.1912,0.0239,5.5573,0.1746,0.3967,1.0906,0.1864,538.3257,102.8537,0.3537,0.3673,0.5348,7.8,632,poor
387949.17,0.0415,0.7834,0.0453,0.012,1.4683,0.4311,0.6907,1.1005,0.0834,831.7495,258.3336,0.8224,0.0407,0.3391,2.4,788,good
15526.39,0.0291,0.3829,0.189,0.0203,4.9501,0.1328,0.3589,1.057,0.2012,388.1969,87.0894,0.5478,0.2156,0.5221,6.3,642,poor
70793.9,0.0318,0.6519,0.1198,0.0144,2.1091,0.3326,0.59,1.1485,0.1113,849.4573,194.4217,0.6398,0.2173,0.5474,6.9,706,average
354535.57,0.1433,0.7837,0.0443,0.0121,2.5342,0.3847,0.6305,1.4203,0.0876,881.7011,158.518,0.7142,0.1137,0.3949,0.6,756,good
88201.13,0.0409,0.6119,0.1193,0.0211,2.2389,0.3003,0.5343,1.0491,0.1953,879.907,243.5766,0.6725,0.12,0.3754,1.1,703,average
760774.42,0.0834,0.8705,0.0332,0.0073,1.6741,0.4788,0.8852,1.3018,0.0543,851.6099,282.7668,0.8973,0.0468,0.1268,4.3,798,excellent
34824.73,0.0023,0.6532,0.0637,0.016,3.754,0.3272,0.5502,1.0932,0.1086,793.77,135.919,0.5996,0.1941,0.4979,1.4,703,average
108351.07,-0.019,0.617,0.1207,0.0156,3.4762,0.2323,0.4251,1.2949,0.142,1449.5406,292.8654,0.5742,0.1336,0.3588,4.6,702,average
144914.84,0.0037,0.6022,0.0852,0.022,3.4015,0.305,0.45,1.0816,0.1075,463.5264,242.7836,0.6494,0.1186,0.3829,4.8,699,average
23601.83,-0.0881,0.4071,0.1662,0.0354,5.0316,0.1112,0.4179,0.9078,0.2366,416.5408,93.5482,0.4075,0.2832,0.6769,0.8,591,poor
702999.01,0.1387,0.8667,0.0372,0.0068,1.3315,0.4607,0.8152,1.4176,0.043,4251.0787,910.9976,0.8538,0.0373,0.1259,0.7,803,excellent
197915.77,0.1035,0.8476,0.0425,0.0149,2.0873,0.3039,0.6265,1.4567,0.0836,2453.5878,340.8239,0.8018,0.0657,0.2541,1.2,772,good
254454.6,0.1229,0.8379,0.0682,0.0145,2.1514,0.4965,0.6277,1.5676,0.1194,934.2801,265.5858,0.7572,0.099,0.2718,2.4,780,good
317903.08,0.0938,0.9184,0.01,0.0074,1.2015,0.4826,0.8792,1.9431,0.0538,2159.073,239.4432,0.9263,0.0467,0.2162,4.2,830,excellent
16637.5,-0.2099,0.3922,0.3734,0.0957,8.722,0.0379,0.1801,0.7526,0.3475,290.9745,10.7307,0.3176,0.6346,0.8872,6.4,485,bad
409037.07,0.0418,0.8617,0.0344,0.0121,2.2782,0.4773,0.6393,1.2326,0.0675,669.487,279.6606,0.7194,0.0401,0.2772,6.1,789,good
22084.47,-0.0586,0.5689,0.1296,0.0251,4.1264,0.1678,0.3204,1.1245,0.193,515.8214,79.4327,0.461,0.2056,0.7073,1.1,654,poor
423864.06,0.1599,0.9138,0.0116,0.001,1.0876,0.656,0.8563,1.6362,0.0239,1669.2025,1348.7432,0.977,0.0289,0.1173,2.7,847,excellent
165271.42,0.028,0.8404,0.0634,0.0059,1.6876,0.4083,0.7441,1.3949,0.0888,2601.9929,672.8837,0.7754,0.0828,0.3734,4.0,786,good
23682.11,-0.0641,0.1815,0.3058,0.0993,6.6124,0.0998,0.1866,0.9502,0.3367,368.7816,46.1378,0.1654,0.4664,0.7493,1.8,478,bad
4237.0,-0.2257,0.3449,0.3964,0.092,9.2808,0.0902,0.1249,0.8964,0.4058,215.5663,12.749,0.2427,0.5355,0.8202,4.9,460,bad
42732.45,0.0264,0.4024,0.1591,0.0423,5.3221,0.1185,0.3603,1.0512,0.1925,409.2016,110.9104,0.4436,0.2872,0.6136,6.8,600,poor
213892.8,0.1393,0.8327,0.0437,0.0132,2.0103,0.4271,0.5748,1.1153,0.0761,1985.109,224.3086,0.8567,0.087,0.27,6.8,792,good
206871.28,0.0226,0.8448,0.0684,0.0051,2.823,0.4295,0.6702,1.1042,0.0677,2512.7139,313.8218,0.8741,0.0914,0.2848,5.6,772,good
117536.77,0.0283,0.8781,0.062,0.0136,1.5223,0.4422,0.7285,1.2494,0.0605,2413.686,729.7809,0.845,0.1042,0.32,5.1,786,good
89240.13,0.0741,0.6217,0.084,0.0125,3.3152,0.2749,0.4446,1.1412,0.1741,1142.7426,185.3482,0.7051,0.2136,0.5299,5.6,698,average
139105.68,-0.0129,0.7279,0.1,0.023,2.7633,0.2307,0.3919,1.2563,0.1137,460.3856,146.3899,0.6468,0.2088,0.4415,7.0,705,average
12072.66,-0.0201,0.4957,0.1724,0.049,4.1499,0.0845,0.2439,0.9933,0.182,325.5492,102.489,0.3938,0.3218,0.6379,4.2,610,poor
356378.74,0.1494,0.7748,0.0751,0.0086,1.3769,0.4896,0.7336,1.3017,0.066,2317.9221,191.844,0.8321,0.0872,0.2338,5.0,796,good
239374.02,0.0817,0.7445,0.0648,0.0113,1.6022,0.4323,0.6825,1.235,0.0924,842.9088,681.4569,0.7189,0.0975,0.2235,3.6,756,good
84370.64,0.0035,0.5525,0.0671,0.0117,3.1483,0.264,0.5889,1.2339,0.1075,1140.6491,275.2426,0.6595,0.1548,0.5455,7.3,693,average
182372.74,0.0769,0.8195,0.0739,0.0059,2.6299,0.3366,0.6302,1.5812,0.069,1464.2887,695.4701,0.844,0.0919,0.3594,5.5,774,good
127613.01,0.068,0.6955,0.1313,0.0172,2.9762,0.3309,0.477,1.019,0.1655,216.0683,265.7664,0.6392,0.1892,0.4948,6.3,724,average
31117.01,0.0734,0.6511,0.0975,0.0174,2.3308,0.3077,0.4505,1.0993,0.1278,859.0081,183.1288,0.6144,0.1981,0.3658,7.2,716,average
561481.44,0.1738,0.8896,0.0253,0.0024,1.6715,0.6876,0.7908,1.338,0.0289,2708.7319,1208.2715,0.9306,0.0289,0.1986,0.5,824,excellent
49532.15,-0.0468,0.4085,0.1455,0.0236,5.5566,0.1059,0.3814,0.9476,0.2273,630.0045,19.8825,0.4956,0.321,0.5271,4.2,622,poor
18785.32,-0.2101,0.3538,0.2259,0.0795,7.637,0.0457,0.2298,0.8256,0.414,292.3804,16.1707,0.2415,0.4529,0.7235,6.4,490,bad
67442.2,0.0145,0.6845,0.1385,0.0198,3.9167,0.2657,0.5327,1.0967,0.1115,657.9091,164.8962,0.647,0.1801,0.4335,2.0,713,average
49064.22,-0.0138,0.7069,0.0763,0.0181,2.7174,0.2569,0.5155,1.2027,0.1562,491.5996,208.2511,0.6161,0.1613,0.5094,7.9,711,average
29148.92,-0.0707,0.4958,0.2122,0.031,4.7652,0.1686,0.2432,1.0812,0.2071,414.1704,118.2626,0.3671,0.3732,0.6617,7.0,594,poor
43004.65,0.0096,0.4193,0.2227,0.0365,3.2186,0.1649,0.3156,1.1392,0.2529,650.3808,31.7339,0.4749,0.2726,0.5769,5.0,628,poor
14938.98,-0.1071,0.3897,0.3706,0.0593,9.4956,0.0956,0.1456,0.8621,0.3422,368.9676,41.9949,0.2362,0.5908,0.7614,3.8,519,bad
42980.62,0.0338,0.6905,0.1381,0.0216,3.2931,0.3398,0.5443,1.0461,0.1459,631.23,62.7554,0.5592,0.1953,0.4616,7.0,695,average
25727.82,-0.0346,0.4167,0.2092,0.0382,3.8446,0.1912,0.2839,1.1055,0.1843,209.4264,38.0859,0.5218,0.3434,0.6869,0.8,621,poor
78121.97,0.0348,0.567,0.0768,0.0211,3.4519,0.216,0.5792,1.2554,0.1142,439.1905,200.3901,0.593,0.1138,0.4842,0.8,684,average
116113.63,0.1052,0.736,0.061,0.014,1.6356,0.3901,0.6733,1.2528,0.0909,1913.88,355.1454,0.7569,0.0743,0.201,4.2,759,good
543430.31,0.0664,0.8865,0.0348,0.0072,1.1964,0.6334,0.8567,1.8092,0.0557,4368.2665,1336.9277,0.9556,0.0332,0.2154,4.2,809,excellent
358091.25,0.0521,0.8811,0.0389,0.0079,1.6842,0.6393,0.7351,1.4115,0.0427,3176.4126,1769.9513,0.869,0.0393,0.2409,4.3,816,excellent
41748.43,0.0768,0.6767,0.0819,0.0211,3.1573,0.2769,0.4629,1.1136,0.1588,1367.6946,60.2377,0.5928,0.2167,0.3946,0.8,715,average
199971.89,0.1132,0.7389,0.0415,0.0131,2.4405,0.3963,0.6458,1.2054,0.0613,2583.4125,115.7122,0.7078,0.0859,0.2322,2.1,750,good
268747.35,0.0813,0.7971,0.041,0.0091,1.2854,0.4165,0.7035,1.4116,0.0858,919.3043,579.9138,0.866,0.0877,0.2138,7.6,774,good
470059.8,0.0761,0.9285,0.0348,0.0073,1.7749,0.6123,0.8305,1.5593,0.0217,3025.2294,613.0753,0.9543,0.0416,0.1572,4.3,833,excellent
295905.76,0.1226,0.8125,0.0359,0.0051,2.3091,0.4376,0.6132,1.2811,0.0608,2128.9398,277.5429,0.8539,0.0739,0.2731,3.6,791,good
130229.47,0.1323,0.7391,0.0415,0.0128,2.8985,0.3201,0.6517,1.493,0.1061,2035.0634,579.1951,0.7094,0.0711,0.3272,6.3,764,good
3404.04,-0.0721,0.1938,0.3236,0.0406,9.1034,0.0945,0.1681,0.7584,0.4525,228.6917,36.4302,0.2915,0.5522,0.7399,2.6,527,bad
37152.74,-0.0242,0.4299,0.226,0.0268,5.8892,0.1346,0.2889,0.9012,0.2045,454.3667,73.6562,0.4657,0.2612,0.5257,4.6,610,poor
54927.98,-0.0373,0.4093,0.1697,0.0437,3.6611,0.1641,0.376,1.0031,0.2294,474.9563,88.5859,0.4106,0.2517,0.5878,5.6,611,poor
160058.8,0.0498,0.8536,0.0718,0.0086,2.5579,0.324,0.5657,1.5779,0.0845,516.5592,699.9625,0.8724,0.1078,0.2742,2.3,777,good
95629.48,0.0302,0.6287,0.1149,0.0126,3.953,0.2987,0.4812,1.2068,0.1012,473.9781,191.0621,0.6053,0.1735,0.4019,6.5,698,average
525757.04,0.0957,0.863,0.0181,0.0027,1.4322,0.5452,0.7365,1.9714,0.026,4183.8071,517.8931,0.9149,0.0498,0.2274,1.8,821,excellent
195116.64,0.0928,0.8691,0.0429,0.0052,1.2425,0.4735,0.7426,1.1995,0.0903,2122.8274,222.1772,0.8405,0.0684,0.3346,3.9,803,good
10816.38,-0.0789,0.4025,0.1612,0.0287,3.8024,0.1574,0.2597,1.0112,0.3008,354.2154,76.6266,0.5721,0.2745,0.5405,4.8,629,poor
315714.93,0.0308,0.762,0.0378,0.0115,2.7709,0.3619,0.5995,1.2421,0.0939,828.1928,686.9624,0.7051,0.0931,0.3721,0.7,746,good
93932.68,0.0709,0.6463,0.0782,0.0113,2.6157,0.2501,0.4143,1.0032,0.1523,1185.7815,75.4381,0.5987,0.1642,0.4876,3.8,716,average
39173.38,0.0077,0.4007,0.1303,0.0388,4.5498,0.176,0.3349,1.0735,0.2181,553.9199,70.8541,0.4118,0.2338,0.5151,2.4,612,poor
427483.87,0.0516,0.8617,0.0104,0.0025,1.4202,0.6464,0.8246,1.56,0.0479,933.2959,344.4016,0.9476,0.0158,0.14,2.6,827,excellent
6434.17,-0.0809,0.1735,0.3665,0.0525,6.3347,0.0969,0.2392,0.7476,0.4402,310.6536,29.7311,0.1781,0.4944,0.7247,2.4,498,bad
619790.65,0.1451,0.9275,0.0211,0.0016,1.1577,0.4729,0.8547,1.9516,0.0599,3425.5558,307.5952,0.9338,0.0381,0.2187,0.6,819,excellent
613363.01,0.1618,0.9206,0.0247,0.005,1.5436,0.5309,0.8171,1.9074,0.0439,4414.3556,488.6181,0.919,0.028,0.2229,2.4,824,excellent
71587.72,0.0324,0.6495,0.1041,0.0192,2.6452,0.289,0.4043,1.157,0.1067,1285.7514,73.7413,0.6985,0.1242,0.4471,5.4,712,average
21203.69,-0.1423,0.3097,0.2902,0.0846,9.3426,0.0858,0.215,0.7175,0.4157,235.1573,38.0435,0.3419,0.3734,0.704,5.4,486,bad
109383.18,0.0503,0.6354,0.0683,0.0219,3.0999,0.2658,0.5247,1.1602,0.16,1413.576,274.6461,0.6435,0.2196,0.519,6.2,705,average
174507.73,0.1069,0.8521,0.0141,0.0072,1.0066,0.6961,0.7537,1.5204,0.0509,4762.0612,1680.2074,0.9695,0.0305,0.1856,7.7,815,excellent
48573.46,-0.0775,0.5399,0.2096,0.0373,5.723,0.1514,0.2661,1.0827,0.2607,154.9342,20.8719,0.5273,0.2626,0.6798,6.0,622,poor
69753.09,0.0498,0.5806,0.1139,0.025,3.9421,0.308,0.5066,1.027,0.1432,1222.2788,78.4832,0.6071,0.1571,0.4991,2.9,684,average
61939.98,0.0066,0.636,0.1148,0.0186,2.2251,0.2503,0.4604,1.0571,0.1345,1052.0328,240.1171,0.5788,0.142,0.5143,8.0,701,average
46744.22,-0.0982,0.5096,0.1345,0.0335,3.0682,0.1051,0.3184,0.951,0.2533,281.0606,65.7178,0.5179,0.2254,0.6537,7.5,631,poor
140899.23,0.016,0.5716,0.0834,0.0233,2.773,0.3466,0.4919,1.2129,0.1904,830.0608,195.2477,0.565,0.1239,0.5434,5.5,699,average
13772.19,-0.0633,0.3064,0.4197,0.0934,8.8892,0.0224,0.1743,0.7841,0.3134,364.0114,34.5619,0.1702,0.4647,0.8902,2.3,477,bad
57225.76,-0.0062,0.6877,0.1319,0.0236,2.8601,0.3345,0.5494,1.1969,0.1565,405.4623,57.6317,0.6406,0.1863,0.3868,4.9,696,average
323539.76,0.0996,0.7627,0.0584,0.0073,1.4644,0.4375,0.6219,1.4441,0.0834,1755.8115,523.2982,0.8282,0.0699,0.3704,1.3,764,good
26152.69,-0.0506,0.2725,0.2812,0.0675,5.4807,0.0524,0.0871,0.9206,0.3637,159.5141,32.5177,0.3208,0.5281,0.7813,1.0,529,bad
37517.17,0.0091,0.6296,0.0844,0.0224,2.9227,0.2518,0.5149,1.0164,0.1517,384.9115,255.7723,0.6268,0.1867,0.3726,4.4,714,average
272402.83,0.1125,0.7462,0.0667,0.0059,2.4125,0.4268,0.5671,1.4536,0.1009,2937.9786,528.4508,0.7288,0.084,0.2088,1.2,761,good
283988.55,0.1745,0.8829,0.0238,0.007,1.5435,0.4514,0.9207,1.4665,0.0436,2797.9904,938.2725,0.8603,0.034,0.1367,1.4,825,excellent
50792.24,0.0472,0.6722,0.1153,0.0189,3.5746,0.2102,0.4802,1.1737,0.1931,321.0642,117.8166,0.6127,0.1455,0.3635,0.9,701,average
148284.66,0.0284,0.6877,0.1347,0.0248,2.5744,0.2835,0.4496,1.1576,0.1995,660.0093,73.7254,0.6456,0.1624,0.4764,6.0,688,average
64777.04,0.036,0.6775,0.0609,0.013,2.5633,0.3143,0.4477,1.152,0.1324,207.9706,218.3173,0.608,0.1869,0.4732,8.0,705,average
124413.56,0.0728,0.5612,0.1017,0.0185,3.3564,0.2744,0.3841,1.1732,0.1332,1391.0424,246.9035,0.5613,0.1179,0.5181,7.2,687,average
718177.43,0.1243,0.9578,0.0191,0.0047,1.175,0.5436,0.7093,1.4415,0.0237,2925.1777,1638.2455,0.9676,0.0162,0.151,2.5,841,excellent
33432.22,-0.0995,0.5644,0.2093,0.0378,3.2612,0.136,0.2102,1.0301,0.2723,318.7366,75.6438,0.4218,0.3606,0.5706,3.9,605,poor
64573.89,0.0743,0.7108,0.1059,0.0126,2.6228,0.3317,0.4989,1.0152,0.1029,1374.2801,53.1186,0.6152,0.1103,0.4284,4.6,739,average
710292.88,0.1897,0.8626,0.0193,0.0055,1.7665,0.5676,0.9369,1.4006,0.0558,1883.8216,854.2088,0.8738,0.0467,0.1495,4.8,823,excellent
13708.88,-0.0277,0.3663,0.1593,0.0338,4.7716,0.1086,0.2536,0.9398,0.2475,146.242,36.865,0.5096,0.2776,0.7156,3.5,602,poor
68688.02,0.0206,0.6697,0.1148,0.0189,3.6397,0.2357,0.5219,1.0184,0.1218,380.5918,190.9997,0.6783,0.1972,0.5014,1.2,700,average
24505.96,-0.116,0.3029,0.3276,0.0909,9.115,0.025,0.2332,0.9904,0.2802,246.0106,49.0413,0.1752,0.4347,0.6578,5.9,492,bad
394440.68,0.1071,0.7415,0.0336,0.0052,2.4427,0.3973,0.6373,1.5951,0.0559,2105.6072,391.0988,0.7821,0.1031,0.3209,6.8,761,good
15524.78,-0.2423,0.1595,0.3208,0.0621,7.4816,0.0969,0.0936,0.9191,0.3958,350.7727,38.7762,0.2143,0.5051,0.7808,2.5,475,bad
93079.46,0.0534,0.6342,0.1368,0.022,2.5784,0.186,0.583,1.2248,0.1727,932.8182,55.9686,0.6304,0.1203,0.3603,4.0,713,average
263328.18,0.1684,0.8696,0.0234,0.0067,1.2613,0.6252,0.8212,1.8596,0.0545,2239.9616,351.9226,0.8689,0.0474,0.1231,0.6,842,excellent
93504.34,0.0276,0.7397,0.1338,0.0135,3.367,0.2463,0.4378,1.1591,0.1435,575.4299,247.3004,0.6149,0.1379,0.4561,0.9,695,average
45324.76,-0.0045,0.4854,0.1453,0.0301,5.0708,0.1016,0.3205,1.0682,0.2964,108.373,25.2584,0.3739,0.2803,0.5483,3.4,609,poor
130524.54,0.0366,0.7434,0.1317,0.0204,2.5067,0.2594,0.586,1.1916,0.1923,559.2986,151.0157,0.7036,0.1924,0.4147,1.5,704,average
253905.41,0.0387,0.843,0.0409,0.0114,2.8252,0.4431,0.5707,1.1365,0.09,1126.4909,412.1174,0.8614,0.0519,0.3281,5.1,774,good
803043.34,0.2136,0.9127,0.027,0.0075,1.3589,0.6205,0.8002,1.7426,0.0584,1180.8013,1162.3273,0.9749,0.0132,0.1689,4.6,842,excellent
54600.58,-0.0164,0.5551,0.1397,0.0136,2.7775,0.3148,0.5215,1.1499,0.1965,1255.3115,291.3093,0.5528,0.1407,0.4175,7.1,691,average
574727.7,0.1442,0.9693,0.0114,0.0059,1.1305,0.4931,0.7125,1.5151,0.0517,2715.9753,507.2409,0.9268,0.0427,0.1159,0.8,834,excellent
44040.05,-0.0229,0.4272,0.1357,0.0242,4.2455,0.1636,0.3217,1.0097,0.3096,128.4892,25.4966,0.5449,0.3102,0.6711,6.8,628,poor
86769.05,0.0212,0.7376,0.1088,0.0106,2.36,0.265,0.5891,1.1882,0.1783,652.2096,41.1882,0.5901,0.1141,0.456,2.0,717,average
359362.55,0.027,0.7783,0.0405,0.0075,2.2336,0.478,0.6406,1.1522,0.0537,1843.4016,210.6319,0.7052,0.0812,0.2142,4.2,768,good
140000.6,0.0812,0.7975,0.0745,0.0064,2.8558,0.391,0.6275,1.1682,0.1004,2080.0528,782.8891,0.7364,0.0502,0.3384,7.0,752,good
651044.71,0.1478,0.9794,0.0277,0.0069,1.2792,0.6325,0.884,1.4727,0.0331,3233.7615,1805.2807,0.9269,0.016,0.1861,6.9,855,excellent
33376.17,0.0532,0.74,0.0706,0.0144,3.2953,0.1954,0.4856,1.0915,0.1703,1315.2987,234.2945,0.5542,0.1546,0.5044,2.3,703,average
43352.16,-0.0204,0.4823,0.1469,0.0405,4.8614,0.1203,0.4051,1.0287,0.3074,354.7934,20.4141,0.4381,0.2838,0.509,2.7,623,poor
36800.39,-0.045,0.3625,0.1685,0.0336,4.5044,0.1795,0.3034,1.033,0.2956,729.6158,62.4577,0.4347,0.3212,0.6525,2.9,617,poor
138124.07,0.0321,0.6755,0.0835,0.0245,3.0829,0.2024,0.4563,1.1332,0.1645,578.9718,56.3669,0.6982,0.1279,0.5395,5.7,696,average
348233.89,0.0495,0.7795,0.0444,0.0135,1.2967,0.3569,0.7412,1.4093,0.0613,1838.2917,227.5964,0.7316,0.0966,0.3809,7.2,754,good
53029.1,0.0102,0.7341,0.0924,0.0175,2.2908,0.2579,0.4504,1.0013,0.1738,1468.2813,126.133,0.6699,0.1569,0.408,3.3,728,average
542075.1,0.0941,0.8965,0.0198,0.0053,1.1951,0.5816,0.8953,1.837,0.0278,1151.0761,1729.0125,0.938,0.0483,0.2464,1.4,826,excellent
374442.0,0.1337,0.734,0.0664,0.0094,2.9852,0.4607,0.6077,1.5028,0.1179,1559.5805,727.5002,0.7251,0.087,0.2172,2.6,763,good
49800.77,-0.0822,0.3928,0.1696,0.0366,3.1267,0.1791,0.3836,0.976,0.2583,424.4163,17.8182,0.3506,0.2473,0.7103,4.7,610,poor
217033.12,0.0767,0.7613,0.0643,0.0147,2.6366,0.3746,0.6966,1.1088,0.0682,1954.1362,202.296,0.783,0.0955,0.2715,5.0,758,good
173355.06,0.0611,0.8552,0.07,0.0077,2.3959,0.3725,0.6569,1.2758,0.0601,842.3736,296.9924,0.8402,0.073,0.3842,5.0,764,good
4826.49,-0.2198,0.1543,0.2871,0.0815,4.8341,0.0554,0.2479,0.8569,0.4934,110.2725,18.7108,0.3212,0.3856,0.6822,3.6,502,bad
702312.42,0.1527,0.8577,0.0136,0.0028,1.0662,0.6169,0.8886,1.8477,0.0568,1662.685,1822.1148,0.874,0.0241,0.1136,0.8,846,excellent
124822.44,0.0764,0.5844,0.1203,0.0101,3.4507,0.3371,0.5825,1.2554,0.1475,1107.5728,88.1327,0.6645,0.1129,0.5169,6.2,714,average
344634.49,0.0731,0.8869,0.028,0.0032,1.9762,0.561,0.8385,1.5034,0.0542,1592.8969,325.2965,0.9593,0.029,0.2019,4.7,834,excellent
9638.87,-0.1132,0.3977,0.2307,0.0903,8.3512,0.0423,0.2013,0.8746,0.3401,326.3225,33.9724,0.2421,0.4927,0.8008,1.0,500,bad
34854.32,-0.0021,0.6709,0.0862,0.0145,3.2465,0.3092,0.5254,1.156,0.1492,805.8284,116.3264,0.6346,0.1606,0.4585,6.7,711,average
130927.73,0.0103,0.6912,0.0993,0.012,3.4314,0.2629,0.4041,1.2025,0.166,1090.9864,188.7747,0.6309,0.2025,0.4513,0.7,702,average
25584.32,-0.0873,0.4294,0.1665,0.0305,4.9837,0.1097,0.3426,1.0481,0.3075,145.8502,47.0158,0.4276,0.2035,0.5717,0.7,622,poor
109242.35,0.0006,0.6493,0.1249,0.02,2.3333,0.2309,0.5933,1.0605,0.1635,1466.3394,59.5835,0.6946,0.1257,0.403,1.2,712,average
39956.47,-0.0608,0.5349,0.1763,0.0362,3.6002,0.1283,0.3375,1.0133,0.2869,226.4206,16.9533,0.5118,0.3553,0.6269,2.1,636,poor
235591.95,0.1871,0.889,0.0231,0.0032,1.8302,0.4661,0.7509,1.5887,0.0529,3513.3791,661.6039,0.9282,0.0262,0.117,3.2,814,excellent
270156.88,0.1038,0.7268,0.0661,0.0128,1.1107,0.4793,0.6128,1.249,0.0545,2887.7212,727.7413,0.8209,0.1109,0.2794,6.4,784,good
116740.39,0.1249,0.7727,0.0592,0.0089,2.4967,0.3472,0.6346,1.1721,0.0623,2924.8087,407.6328,0.7458,0.0872,0.2981,7.1,779,good
15649.41,-0.0565,0.3156,0.4352,0.0814,8.7328,0.0392,0.174,0.7928,0.4909,176.9993,41.5513,0.1781,0.6101,0.8644,0.7,482,bad
46735.85,-0.0472,0.3578,0.2326,0.0447,5.8215,0.1365,0.2909,1.1103,0.2804,713.7329,101.1253,0.5396,0.3257,0.6114,5.2,594,poor
256968.84,0.0344,0.7599,0.0657,0.0127,2.2984,0.326,0.6688,1.3052,0.1158,1628.7247,711.4541,0.724,0.0539,0.3186,2.0,744,good
137793.16,0.0774,0.5897,0.1161,0.0125,2.8021,0.2529,0.4372,1.0267,0.1368,1431.4166,70.5111,0.6722,0.1522,0.534,5.4,710,average
8771.01,-0.0942,0.2546,0.3021,0.0488,5.7412,0.0409,0.185,0.9722,0.3613,289.4935,25.6174,0.1524,0.39,0.7308,5.0,533,bad
25711.81,-0.1124,0.3371,0.2114,0.0552,7.7179,0.0442,0.1471,0.8113,0.493,245.8461,31.1219,0.2099,0.5011,0.8826,8.0,499,bad
345032.83,0.0997,0.8419,0.0432,0.0081,2.7853,0.3631,0.7489,1.4818,0.0606,2632.5842,560.1936,0.8437,0.0443,0.2297,7.4,771,good
49484.03,-0.0839,0.3715,0.2329,0.0254,3.5049,0.141,0.26,1.1227,0.262,508.4832,117.0209,0.471,0.3027,0.5916,4.2,619,poor
640132.3,0.1819,0.909,0.0387,0.0052,1.0058,0.6924,0.864,1.9656,0.033,3872.4899,1521.7752,0.9745,0.0328,0.1317,1.7,850,excellent
349752.74,0.057,0.8404,0.0627,0.0062,1.9817,0.3865,0.7113,1.2551,0.0979,828.2167,565.8642,0.8498,0.081,0.2979,6.9,778,good
108894.43,0.0514,0.7361,0.1022,0.0197,2.1679,0.2596,0.3974,1.2405,0.13,1479.4421,217.9216,0.6011,0.1298,0.4355,7.8,714,average
41486.49,0.0462,0.5859,0.0746,0.0159,2.1666,0.329,0.4455,1.1762,0.1455,1071.3378,202.1907,0.5951,0.216,0.5243,1.1,694,average
103492.32,0.0544,0.6952,0.0842,0.0222,3.2335,0.2974,0.5919,1.2025,0.1805,313.9257,75.1296,0.5824,0.1979,0.4892,4.0,693,average
736063.59,0.1978,0.9079,0.0246,0.0011,1.4495,0.5107,0.7737,1.8806,0.0357,2202.1702,384.7943,0.9602,0.0273,0.1624,3.7,835,excellent
72346.29,-0.0136,0.7286,0.0934,0.0171,2.9896,0.3396,0.4563,1.2093,0.1021,574.414,89.9723,0.6085,0.1279,0.3939,4.5,711,average
39413.2,-0.0633,0.5223,0.2067,0.0239,3.5985,0.1527,0.2222,1.004,0.3191,312.5563,36.9905,0.3608,0.2033,0.6938,6.5,608,poor
48849.73,0.0001,0.4781,0.2365,0.0456,5.6211,0.1525,0.2229,0.9126,0.3125,659.2908,116.0779,0.5238,0.3754,0.672,8.0,607,poor
132630.67,-0.0046,0.6227,0.1255,0.0118,2.4038,0.3448,0.5492,1.002,0.1835,815.7623,114.5572,0.5791,0.1319,0.493,6.2,711,average
91409.27,0.0389,0.7216,0.0703,0.0144,1.1696,0.363,0.7464,1.1822,0.0543,2397.981,562.1233,0.8155,0.1122,0.2116,6.5,773,good
242302.38,0.1397,0.832,0.0523,0.0071,2.0889,0.4577,0.6804,1.4487,0.1121,2453.9077,383.154,0.7355,0.0641,0.2074,0.6,791,good
59470.17,0.0632,0.6108,0.0938,0.0176,3.464,0.3231,0.4371,1.1522,0.1124,1183.5279,284.7492,0.6263,0.1687,0.351,7.2,700,average
35169.79,-0.0678,0.4254,0.1957,0.0447,4.0838,0.0918,0.3566,1.1071,0.1915,143.5356,108.2935,0.4595,0.2803,0.5812,5.5,611,poor
235301.73,0.1922,0.8668,0.0311,0.007,1.1181,0.5032,0.8183,1.8225,0.0578,2351.1947,1913.2792,0.9282,0.0263,0.1181,6.7,811,excellent
339981.7,0.0835,0.7396,0.0474,0.0137,1.8352,0.4146,0.6632,1.5501,0.1047,1688.0689,604.0234,0.809,0.101,0.301,7.2,764,good
83461.03,0.0077,0.5677,0.0732,0.0104,3.2602,0.3112,0.4479,1.1935,0.1644,310.6976,288.3438,0.6421,0.1909,0.5415,0.8,706,average
34872.88,0.0662,0.5547,0.095,0.0162,3.7193,0.234,0.4366,1.0344,0.1099,418.6028,77.4489,0.5934,0.1108,0.4114,5.1,687,average
10790.22,-0.0688,0.4873,0.1507,0.0353,4.5133,0.1939,0.2592,0.9796,0.2574,145.8207,18.0352,0.4957,0.3645,0.5041,7.6,623,poor
19603.29,-0.1264,0.2559,0.4279,0.0671,4.006,0.0572,0.221,0.7868,0.4939,50.19,47.0078,0.2609,0.5294,0.8599,3.3,498,bad
58293.58,0.0142,0.3985,0.1856,0.0441,5.6518,0.1934,0.3397,1.1449,0.2791,291.1092,84.5391,0.424,0.2379,0.711,6.7,616,poor
44667.41,-0.0899,0.3571,0.2282,0.0401,5.0167,0.1224,0.3788,1.1069,0.2301,224.0306,95.6364,0.5103,0.2015,0.6018,4.5,602,poor
74326.57,0.0081,0.7309,0.1166,0.0131,2.3922,0.3196,0.4671,1.261,0.1569,842.2147,183.4641,0.6622,0.1679,0.4865,2.3,703,average
97846.72,0.0053,0.662,0.0963,0.0241,3.2819,0.3403,0.3914,1.2816,0.1433,1493.6384,111.2493,0.6656,0.156,0.4223,7.9,712,average
36157.29,0.005,0.5829,0.0849,0.0194,2.1935,0.2616,0.5578,1.1778,0.1626,634.5933,105.1065,0.5683,0.1286,0.4182,7.8,696,average
46081.26,0.0017,0.3643,0.2243,0.0216,4.8322,0.1318,0.2224,0.9139,0.1873,694.9505,57.1767,0.492,0.274,0.6902,3.3,620,poor
111702.25,0.0974,0.7308,0.0695,0.0069,2.1464,0.4275,0.6013,1.3105,0.1007,1611.5608,270.2067,0.8435,0.0448,0.2623,3.0,785,good
37340.78,0.0307,0.717,0.1287,0.0163,2.3908,0.2141,0.5799,1.2356,0.1342,1068.2182,220.6432,0.7169,0.172,0.4162,4.9,733,average
59246.53,0.0281,0.7037,0.1252,0.0221,2.7518,0.2481,0.5617,1.002,0.101,665.2527,184.2198,0.5742,0.1528,0.4763,5.7,702,average
58704.97,-0.0973,0.5058,0.1693,0.0436,3.3329,0.1923,0.2671,0.96,0.2933,562.6361,113.822,0.5747,0.3796,0.694,0.7,601,poor
130159.73,0.0094,0.5797,0.0798,0.0194,2.5601,0.2015,0.4918,1.1752,0.1489,1145.4881,244.013,0.6845,0.1738,0.3835,6.2,711,average
125250.98,0.045,0.5914,0.1316,0.0168,2.4688,0.2172,0.4735,1.1131,0.1157,1295.1611,106.1776,0.5644,0.1902,0.409,4.9,689,average
300979.73,0.0667,0.7332,0.0721,0.0101,2.2873,0.4572,0.7353,1.1492,0.055,595.7035,240.2146,0.7354,0.0663,0.2605,1.8,775,good
396993.85,0.143,0.8515,0.0679,0.0051,2.3082,0.4979,0.7403,1.5327,0.0659,2308.3397,246.9125,0.7421,0.087,0.3105,2.6,800,good
25713.94,-0.0041,0.465,0.2057,0.0306,3.6765,0.1311,0.3656,1.0907,0.2767,309.746,76.6303,0.4805,0.2058,0.5306,1.5,647,poor
484394.33,0.1403,0.9663,0.0128,0.0017,1.5529,0.458,0.8723,1.642,0.0275,1091.8623,1933.3902,0.8869,0.0193,0.1989,1.9,816,excellent
6862.25,-0.0498,0.2274,0.4045,0.0799,4.9527,0.066,0.1328,0.7609,0.4377,210.6348,14.0766,0.3779,0.4837,0.8561,3.4,495,bad
53583.58,-0.046,0.3913,0.2003,0.033,4.154,0.1591,0.3537,0.9239,0.2778,130.5651,107.9819,0.3863,0.3589,0.6183,3.4,594,poor
145454.15,0.0258,0.7243,0.0619,0.0118,1.9238,0.3687,0.6299,1.1972,0.0526,1126.5143,596.3697,0.7246,0.0936,0.2928,3.6,741,good
15694.45,-0.0127,0.3526,0.1555,0.0332,3.5338,0.1657,0.3964,1.0331,0.2419,133.4292,81.653,0.4703,0.3193,0.6452,1.4,628,poor
9818.76,-0.2058,0.3172,0.2551,0.0929,8.7815,0.0864,0.1085,0.7501,0.3714,87.6893,19.7214,0.2793,0.4069,0.7018,3.7,498,bad
274664.96,0.0257,0.8617,0.0506,0.0127,1.9992,0.4981,0.6925,1.4956,0.1146,1923.0127,276.3581,0.7171,0.0659,0.3262,5.4,784,good
71655.32,0.0441,0.5965,0.107,0.0248,2.4652,0.2848,0.5773,1.0927,0.1738,1184.4195,201.1392,0.5602,0.1449,0.4093,5.1,691,average
92764.85,0.1301,0.773,0.0421,0.0104,2.8133,0.433,0.5997,1.4437,0.1004,2020.158,367.0401,0.7579,0.0754,0.2012,5.4,757,good
24216.56,-0.0062,0.4063,0.1429,0.0275,3.8561,0.1338,0.3398,0.968,0.2894,156.0112,117.1183,0.4416,0.2302,0.5971,1.1,634,poor
22885.24,-0.0397,0.4543,0.1688,0.0382,3.2158,0.0964,0.3032,0.9387,0.2065,108.984,67.5735,0.5168,0.2885,0.7037,1.6,634,poor
53408.69,0.0003,0.5229,0.1653,0.0413,4.9049,0.1242,0.2127,0.9963,0.2394,272.7543,65.1612,0.5619,0.2651,0.6554,1.7,625,poor
148458.88,0.0198,0.6672,0.1321,0.0178,2.3776,0.2519,0.5625,1.0759,0.1302,1457.9885,211.2064,0.6151,0.137,0.4323,6.3,717,average
225994.3,0.0326,0.8438,0.0509,0.0092,1.5767,0.3862,0.5853,1.1932,0.0594,1716.1781,451.8296,0.7198,0.0854,0.2425,0.5,776,good
205948.04,0.0559,0.8805,0.0246,0.0063,1.0095,0.5165,0.9388,1.7657,0.0516,975.8092,579.923,0.9529,0.025,0.178,1.1,815,excellent
391114.74,0.1161,0.863,0.0237,0.0059,1.7252,0.672,0.7347,1.7213,0.0548,1973.7636,1458.6763,0.956,0.0247,0.1928,3.3,822,excellent
245764.73,0.1161,0.847,0.0474,0.0144,2.883,0.3952,0.6817,1.4497,0.057,1462.1464,525.0217,0.8281,0.1096,0.3752,5.6,779,good
139115.8,0.1179,0.8256,0.0345,0.0093,2.4315,0.332,0.7358,1.5513,0.1036,1050.9401,280.34,0.7857,0.1118,0.2246,5.5,777,good
56481.7,-0.0432,0.4037,0.1537,0.0287,3.3341,0.1208,0.3303,0.947,0.3119,500.9873,28.3788,0.4221,0.2684,0.6621,5.4,619,poor
25787.03,0.0061,0.4183,0.1485,0.0404,3.4423,0.114,0.3644,1.1123,0.2959,124.0407,48.6146,0.4655,0.3239,0.5602,0.6,621,poor
687796.21,0.0858,0.9134,0.0218,0.0079,1.6593,0.6621,0.9478,1.6836,0.0335,3647.1745,1982.5657,0.9485,0.0256,0.1792,5.8,839,excellent
81653.75,0.0697,0.592,0.1243,0.0129,3.3025,0.2416,0.5684,1.0306,0.1785,1315.96,137.9045,0.7171,0.1815,0.3836,4.8,706,average
166165.6,0.0975,0.7476,0.0673,0.0128,2.9823,0.4341,0.5679,1.3318,0.1073,1455.2523,542.6335,0.7801,0.0409,0.2233,1.4,765,good
24714.45,-0.0837,0.4248,0.2128,0.0459,4.6125,0.1286,0.3542,0.9984,0.2944,648.4322,70.6592,0.3647,0.3507,0.6186,8.0,594,poor
296902.19,0.0822,0.9231,0.0355,0.0012,1.9799,0.5765,0.7909,1.6811,0.0369,4769.9596,200.154,0.8891,0.0478,0.1779,1.4,824,excellent
186249.89,0.0783,0.9613,0.0165,0.0019,1.5521,0.5979,0.7693,1.8104,0.0369,3109.3642,669.214,0.9345,0.0165,0.1684,5.5,835,excellent
46294.46,0.0792,0.6367,0.0621,0.0191,2.155,0.2012,0.4042,1.1645,0.1066,1032.2307,134.3331,0.6067,0.1328,0.5238,5.0,690,average
252948.38,0.0567,0.7634,0.035,0.0055,1.636,0.4504,0.5861,1.503,0.0974,2471.8685,486.1702,0.8588,0.0722,0.3185,1.2,780,good
86764.58,0.0239,0.6208,0.0975,0.0143,3.9052,0.2685,0.5381,1.2771,0.1229,1026.3258,62.605,0.602,0.1925,0.519,5.6,687,average
511396.21,0.187,0.938,0.026,0.0019,1.0139,0.4975,0.9078,1.3051,0.037,3044.1643,821.1091,0.9792,0.0364,0.2381,7.5,852,excellent
137774.91,0.0223,0.6258,0.0899,0.0117,3.8281,0.2225,0.4986,1.2299,0.1118,588.9314,116.3217,0.5862,0.1886,0.4638,6.8,694,average
111994.02,0.0655,0.8356,0.0501,0.0051,1.8616,0.3395,0.6558,1.5493,0.0788,2782.7728,104.8373,0.8385,0.06,0.2941,4.0,773,good
14307.2,-0.063,0.3807,0.1747,0.0299,3.0948,0.1599,0.4086,1.1399,0.3176,183.1546,66.3521,0.464,0.3227,0.528,7.1,630,poor
21903.47,-0.0118,0.4287,0.2469,0.0421,4.303,0.1147,0.3069,1.0902,0.2147,206.747,68.6802,0.4074,0.338,0.6901,4.3,593,poor
764453.13,0.2358,0.9054,0.0285,0.0016,1.051,0.5518,0.7766,1.7433,0.0293,2211.947,1062.5514,0.9163,0.0358,0.1456,1.5,831,excellent
78779.76,0.0052,0.6483,0.0867,0.0117,3.3379,0.2961,0.5495,1.0391,0.1361,1253.0458,233.1623,0.6501,0.1726,0.3977,2.6,716,average
501111.45,0.1186,0.9443,0.0397,0.0024,1.7208,0.461,0.7479,1.6853,0.0301,4483.7164,1736.1889,0.9679,0.049,0.2342,7.4,825,excellent
793634.84,0.088,0.9559,0.0249,0.0047,1.5135,0.4687,0.8094,1.6565,0.0425,2439.037,1292.9931,0.8769,0.0101,0.1858,7.7,803,excellent
284513.92,0.0578,0.8693,0.0365,0.0075,1.2704,0.6477,0.8606,1.4743,0.0529,3045.2987,202.5199,0.8952,0.0342,0.1554,1.8,826,excellent
15066.98,-0.0249,0.3445,0.3951,0.0464,8.4746,0.0506,0.1912,0.961,0.4195,242.8072,41.7581,0.2007,0.4306,0.7954,1.8,529,bad
123329.72,0.0448,0.5542,0.073,0.0127,2.7884,0.2833,0.3953,1.0216,0.1245,1381.8704,292.3002,0.567,0.1632,0.4954,1.9,701,average
120433.91,-0.0191,0.7083,0.1034,0.0223,3.7054,0.1944,0.4106,1.2279,0.1892,1260.1044,119.9201,0.6314,0.1293,0.4587,7.5,690,average
614681.67,0.0952,0.9643,0.0215,0.0072,1.8228,0.4781,0.7424,1.3771,0.0241,4814.5661,843.1542,0.93,0.0147,0.2385,3.7,827,excellent
693937.88,0.1823,0.9713,0.0343,0.006,1.0764,0.4505,0.9333,1.4041,0.0462,2145.0752,903.0792,0.9438,0.0414,0.1718,3.1,837,excellent
43509.98,0.0744,0.7343,0.0907,0.0182,3.0775,0.2637,0.498,1.069,0.1084,1129.3974,177.0059,0.682,0.1974,0.3939,5.0,717,average
656597.89,0.2444,0.9687,0.0173,0.0068,1.0559,0.4845,0.9405,1.7928,0.0351,910.6569,1936.8437,0.8983,0.0381,0.1994,2.7,851,excellent
528188.56,0.2398,0.9111,0.0317,0.0041,1.6448,0.4533,0.7278,1.342,0.0457,3337.5291,512.4444,0.8708,0.0259,0.1635,4.0,820,excellent
273659.02,0.1738,0.8785,0.0155,0.0062,1.5593,0.6604,0.9041,1.6279,0.0325,3495.9415,1689.0566,0.8714,0.0421,0.197,7.8,821,excellent
370742.06,0.0512,0.7336,0.0585,0.0054,2.973,0.3968,0.5596,1.1466,0.0716,2951.3541,626.1756,0.8726,0.08,0.2629,1.9,759,good
9982.29,-0.079,0.5069,0.1302,0.0388,5.8585,0.1078,0.2474,1.0704,0.1997,602.9882,119.3087,0.4654,0.3786,0.6339,4.1,613,poor
146736.48,0.0367,0.7489,0.0678,0.0102,3.5326,0.2326,0.5709,1.2392,0.1895,848.5859,158.25,0.5789,0.1355,0.3636,8.0,715,average
159550.12,0.0732,0.8191,0.064,0.0094,2.025,0.4249,0.6127,1.1417,0.0789,1625.2307,714.186,0.8784,0.0434,0.3955,4.2,783,good
215728.76,0.0896,0.8509,0.0355,0.0068,1.2167,0.4919,0.6294,1.3166,0.0781,661.1788,339.6965,0.8088,0.057,0.3483,5.5,787,good
6559.46,-0.2014,0.1557,0.3897,0.0654,5.5124,0.0341,0.1041,0.7822,0.298,355.8216,25.3139,0.2465,0.4142,0.8733,6.4,479,bad
148362.39,0.037,0.7146,0.1049,0.0234,2.3971,0.3029,0.5073,1.0434,0.1664,1270.555,230.9327,0.6903,0.188,0.3528,7.7,729,average
36133.27,0.0546,0.5875,0.1157,0.0216,3.2019,0.2167,0.4261,1.0573,0.168,1441.6358,136.2667,0.6118,0.1362,0.4114,5.3,679,average
274657.18,0.0411,0.7897,0.0443,0.0116,2.3606,0.4268,0.6904,1.569,0.1134,748.0627,161.3341,0.8507,0.0472,0.2033,3.9,762,good
42392.21,0.0656,0.7401,0.088,0.0219,2.9279,0.3344,0.5219,1.2354,0.1396,1421.5019,243.371,0.6363,0.1321,0.4817,6.3,732,average
251774.88,0.0759,0.8089,0.0496,0.0112,1.7866,0.3103,0.7364,1.3146,0.1158,1476.0292,609.6789,0.7726,0.0654,0.2317,2.9,776,good
149784.28,0.204,0.8699,0.0285,0.0048,1.9724,0.5929,0.7063,1.8139,0.0593,3464.7452,1599.6615,0.8743,0.0361,0.1333,1.2,831,excellent
743033.88,0.0745,0.8684,0.0179,0.0023,1.0774,0.6612,0.9282,1.4456,0.024,4140.8541,944.7412,0.9132,0.035,0.1315,7.0,846,excellent
107458.62,0.0346,0.5817,0.1193,0.0239,2.3857,0.185,0.3851,1.1535,0.1152,1326.9365,69.845,0.5869,0.1393,0.394,8.0,702,average
7527.33,-0.2045,0.3615,0.3793,0.0977,4.6174,0.0835,0.1799,0.7497,0.3253,302.7211,24.5062,0.2526,0.5289,0.7179,7.6,483,bad
139962.56,0.075,0.6561,0.0919,0.0117,3.6181,0.253,0.4209,1.0736,0.1215,683.1584,77.7103,0.6035,0.1012,0.4877,3.6,700,average
41100.32,-0.0254,0.4986,0.2087,0.0331,5.4402,0.1038,0.2109,1.0235,0.1866,292.0908,27.5222,0.4541,0.3083,0.6301,7.6,597,poor
611641.54,0.0639,0.8624,0.0341,0.0061,1.2747,0.6384,0.8001,1.6895,0.0325,3371.7467,907.9895,0.9405,0.0282,0.2273,7.4,808,excellent
53653.75,0.0061,0.4736,0.1206,0.0406,3.1575,0.186,0.2095,0.912,0.2226,284.609,87.2318,0.5321,0.2683,0.6537,1.2,633,poor
84726.74,0.0081,0.7045,0.0986,0.0114,3.5324,0.3009,0.4577,1.2507,0.1242,1041.2746,262.5245,0.6681,0.109,0.4489,2.3,721,average
130913.83,-0.0094,0.576,0.1333,0.0158,2.9049,0.2855,0.4247,1.1201,0.1069,750.0222,218.4292,0.7118,0.1693,0.3704,5.8,690,average
49467.88,0.0302,0.6516,0.0643,0.0141,2.1956,0.2903,0.541,1.1268,0.1294,723.4997,194.4528,0.64,0.1592,0.4367,1.1,724,average
81498.09,0.002,0.7148,0.1153,0.0174,2.3421,0.2146,0.5201,1.2118,0.1288,204.0389,88.1205,0.7043,0.1747,0.4978,5.7,717,average
98716.03,0.1083,0.8565,0.0597,0.0147,2.1663,0.3977,0.5995,1.1547,0.1073,1918.1668,793.2892,0.8504,0.082,0.2335,1.8,762,good
189115.23,0.0873,0.8262,0.0733,0.0134,1.9687,0.354,0.6539,1.4199,0.0604,1525.7974,254.1789,0.8789,0.0686,0.2062,6.7,783,good
16678.96,0.0183,0.4302,0.1631,0.0377,5.8358,0.1131,0.2419,1.0449,0.2783,683.9201,27.9109,0.5329,0.302,0.6744,7.9,596,poor
8324.5,-0.0947,0.4151,0.1971,0.0216,3.9175,0.1316,0.3453,0.9002,0.2152,345.1528,44.7429,0.5476,0.3198,0.6692,2.7,612,poor
4344.59,-0.1899,0.2255,0.2777,0.0738,8.0735,0.0458,0.1783,0.905,0.3239,97.4918,29.9428,0.2192,0.3757,0.7917,3.7,495,bad
77870.28,-0.0172,0.6618,0.1366,0.0163,3.5117,0.2846,0.4465,1.0728,0.1512,365.4573,181.2501,0.6461,0.1352,0.5011,3.7,694,average
226987.37,0.0631,0.7297,0.067,0.0117,2.4787,0.3106,0.591,1.1721,0.1018,1738.2616,256.4805,0.8216,0.1082,0.2602,1.2,766,good
451324.78,0.1281,0.9704,0.019,0.0044,1.184,0.5087,0.9119,1.4822,0.0445,2644.3454,1384.6868,0.866,0.0158,0.1032,1.3,841,excellent
44410.72,0.0217,0.635,0.0622,0.0169,3.1284,0.1819,0.4466,1.1935,0.1893,1005.8394,51.0843,0.7042,0.2155,0.4436,3.4,691,average
25747.49,-0.007,0.5309,0.1562,0.0429,3.9088,0.1273,0.4016,1.0613,0.2327,430.2266,84.192,0.4825,0.3669,0.6706,3.1,614,poor
115978.26,0.0124,0.5963,0.1217,0.0238,3.5912,0.1979,0.5738,1.2184,0.1384,1465.3156,279.8177,0.5605,0.1301,0.3575,5.5,689,average
59924.99,0.0001,0.5824,0.1251,0.0221,2.3846,0.279,0.5184,1.2006,0.1204,1253.0115,272.2557,0.6111,0.149,0.4593,2.4,688,average
48811.96,-0.0429,0.4939,0.2336,0.0371,3.3816,0.1421,0.2222,1.0247,0.1872,478.3766,17.367,0.5389,0.2522,0.6822,7.2,618,poor
41473.08,0.0271,0.7335,0.081,0.0104,2.6761,0.2243,0.4536,1.2294,0.1139,911.2136,230.8069,0.7071,0.1796,0.5257,0.9,706,average
638381.81,0.0708,0.9146,0.0168,0.0035,1.4776,0.6454,0.9191,1.4594,0.0572,910.686,1607.2806,0.8755,0.0343,0.1569,4.1,815,excellent
133487.58,0.0767,0.7293,0.0416,0.0109,1.4543,0.4495,0.7277,1.4966,0.0898,2977.3468,110.429,0.8296,0.105,0.2153,7.9,768,good
6569.54,-0.0878,0.3534,0.4244,0.0915,6.6613,0.0442,0.1424,0.8654,0.4712,135.472,45.184,0.2233,0.5124,0.6761,1.1,482,bad
16274.81,0.0271,0.5106,0.2045,0.0336,3.3427,0.1399,0.2074,0.9695,0.2338,679.0252,23.8718,0.4142,0.3098,0.609,3.3,621,poor
27246.69,0.0077,0.4104,0.2179,0.0265,3.082,0.1671,0.3367,1.1164,0.2896,749.9965,94.0021,0.5357,0.2996,0.7095,7.3,622,poor
650550.52,0.2402,0.8611,0.0175,0.0048,1.3375,0.5487,0.8539,1.5532,0.0464,4086.1904,1658.4671,0.929,0.015,0.1853,1.5,827,excellent
733866.89,0.1603,0.9739,0.0232,0.0028,1.7867,0.5149,0.8237,1.4592,0.027,4459.2046,1380.7607,0.8802,0.0362,0.1276,4.8,829,excellent
107341.53,0.0777,0.8018,0.0418,0.0083,1.7427,0.4645,0.6332,1.4209,0.1113,857.6987,328.5784,0.8419,0.0668,0.2816,5.0,779,good
34691.15,-0.0244,0.4291,0.1479,0.0449,3.0978,0.1672,0.2838,1.1495,0.191,154.118,113.2294,0.4017,0.2906,0.6264,4.3,614,poor
156495.15,0.1198,0.7779,0.0528,0.0125,1.2308,0.3482,0.6966,1.5401,0.0753,1379.9615,453.9504,0.8646,0.0923,0.321,2.7,774,good
124709.0,0.0731,0.8008,0.0374,0.0099,2.7629,0.3396,0.586,1.327,0.0617,1546.564,635.8567,0.828,0.0776,0.2202,6.5,777,good
194792.36,0.1272,0.7739,0.0604,0.0061,2.4444,0.3148,0.7341,1.575,0.1137,2077.08,618.4882,0.7784,0.1006,0.34,2.3,774,good
104345.1,0.0745,0.5694,0.0838,0.0151,3.1283,0.3325,0.5076,1.2532,0.1427,619.6401,122.8304,0.5803,0.1172,0.5128,3.8,721,average
379837.19,0.0537,0.817,0.0353,0.0073,1.5573,0.3192,0.6604,1.3543,0.0618,1995.9788,127.8215,0.8603,0.083,0.239,2.2,787,good
63604.0,0.0665,0.7486,0.1185,0.0117,2.7074,0.1934,0.5545,1.2182,0.1327,859.1782,111.7881,0.6572,0.1615,0.5054,3.8,714,average
137049.91,0.002,0.5891,0.0976,0.0173,2.3742,0.2644,0.409,1.1904,0.1089,871.1981,228.0537,0.5864,0.1521,0.4481,2.3,703,average
45854.83,-0.0363,0.4949,0.1977,0.0363,3.8863,0.1063,0.4118,1.1242,0.287,393.7158,61.9532,0.4069,0.2765,0.5388,6.8,625,poor
336606.35,0.0732,0.81,0.0462,0.0117,1.8225,0.4618,0.635,1.2303,0.0538,1713.7635,253.2637,0.8145,0.0437,0.2895,2.5,790,good
57505.5,-0.0003,0.4772,0.2051,0.0356,4.0863,0.1038,0.2345,1.0339,0.3004,260.5341,99.135,0.5595,0.2597,0.5474,1.2,634,poor
36336.16,0.055,0.7126,0.0902,0.016,3.6366,0.329,0.5696,1.023,0.1505,1114.536,230.4861,0.5534,0.1891,0.4583,5.2,701,average
271765.54,0.0813,0.7666,0.0347,0.0147,2.122,0.3967,0.7315,1.3666,0.0671,543.0313,447.9244,0.7709,0.0698,0.3093,2.0,761,good
32969.67,-0.0675,0.3825,0.2001,0.0342,5.1691,0.148,0.2511,1.0919,0.2153,318.0185,50.4762,0.3846,0.2579,0.6244,1.8,585,poor
4027.28,-0.2258,0.3248,0.2939,0.0854,4.9726,0.0799,0.1083,0.8313,0.4938,63.6717,24.0882,0.1893,0.5909,0.7718,6.9,484,bad
51484.48,0.0414,0.6929,0.1016,0.0138,2.9258,0.3392,0.584,1.216,0.1852,375.941,176.3384,0.691,0.1012,0.4333,1.6,712,average
127361.87,0.0145,0.5528,0.0754,0.0143,3.823,0.2524,0.5405,1.1102,0.1767,1414.6003,185.8892,0.6591,0.1243,0.4685,1.0,690,average
50174.94,0.0583,0.7478,0.0673,0.0221,2.293,0.208,0.5724,1.097,0.1896,267.8459,173.0434,0.6247,0.1798,0.4154,5.5,704,average
39756.77,-0.0363,0.5315,0.2091,0.0367,4.3062,0.1218,0.2056,0.9914,0.2453,569.0274,91.4916,0.3992,0.3008,0.7195,5.8,604,poor
29912.05,0.0073,0.6794,0.1113,0.016,3.9915,0.2997,0.4403,1.0172,0.1572,239.5544,226.6877,0.63,0.1729,0.4409,7.4,708,average
14715.25,-0.0424,0.5134,0.1609,0.0457,3.8324,0.1823,0.3441,1.0844,0.2266,570.3936,109.465,0.5565,0.2305,0.717,1.1,623,poor
58931.79,-0.0001,0.6511,0.0738,0.0212,3.6757,0.1805,0.4402,1.1052,0.1341,938.6252,221.036,0.6463,0.1556,0.3733,1.1,702,average
141735.75,0.0665,0.6995,0.119,0.0147,2.7586,0.2288,0.4414,1.1695,0.1414,1285.8578,110.9279,0.5839,0.2175,0.4019,2.8,694,average
12229.92,-0.1014,0.3205,0.2722,0.0605,9.8109,0.0641,0.2063,0.7807,0.3929,123.7527,14.8215,0.21,0.6266,0.7793,4.8,500,bad
71537.64,0.0703,0.5874,0.0886,0.0124,3.0936,0.3078,0.4766,1.185,0.1594,1102.848,230.0483,0.6305,0.1292,0.4947,1.7,708,average
35039.07,0.0312,0.7345,0.1309,0.0245,3.8857,0.2137,0.5939,1.2256,0.113,633.0912,289.5775,0.715,0.1371,0.5032,7.7,707,average
275658.97,0.1208,0.7208,0.038,0.006,2.0997,0.3788,0.5925,1.3362,0.0763,1658.71,269.9194,0.8651,0.071,0.2637,5.9,771,good
201424.33,0.0852,0.7203,0.06,0.009,1.1545,0.346,0.65,1.1221,0.0711,732.1259,368.8466,0.7324,0.0521,0.2622,1.8,765,good
126871.71,-0.0039,0.5757,0.1006,0.0203,2.0232,0.2911,0.5274,1.1267,0.1055,752.4756,232.9369,0.5697,0.1969,0.5316,5.4,705,average
16368.81,-0.2045,0.3532,0.3819,0.0673,4.2913,0.0425,0.1007,0.8469,0.3608,361.2081,35.8874,0.208,0.4512,0.724,3.0,512,bad
199519.78,0.1954,0.9323,0.0229,0.0029,1.9719,0.6222,0.761,1.8779,0.0534,3877.2887,1142.4057,0.9096,0.0131,0.1559,2.4,848,excellent
48694.76,-0.0035,0.3682,0.2386,0.049,5.3809,0.1485,0.4189,1.0539,0.2555,655.6064,87.897,0.3612,0.3032,0.5473,1.9,588,poor
44762.96,0.0067,0.6698,0.1381,0.0148,2.4426,0.1831,0.4514,1.0191,0.1288,1125.6437,255.0135,0.6499,0.1762,0.4158,0.6,715,average
696277.33,0.2435,0.9321,0.0268,0.0034,1.2076,0.6962,0.7923,1.5043,0.0326,3632.9058,253.2162,0.9312,0.0167,0.1527,2.4,864,excellent
15760.67,-0.2089,0.1898,0.3944,0.0841,6.4067,0.0527,0.2077,0.8255,0.4118,161.7912,21.3429,0.1743,0.6154,0.8901,2.1,458,bad
44032.97,-0.0147,0.5072,0.1328,0.0374,4.2543,0.1302,0.2416,0.9073,0.2114,526.7942,67.8529,0.3685,0.3027,0.5899,0.5,622,poor
17631.74,-0.052,0.5512,0.1428,0.0481,5.7642,0.1187,0.2645,1.1236,0.209,422.8257,40.7299,0.4887,0.3781,0.6753,7.0,605,poor
97224.34,0.027,0.6271,0.1226,0.0244,3.7667,0.2713,0.5375,1.1821,0.1989,1129.1935,154.0155,0.6907,0.1072,0.5123,5.6,702,average
271766.22,0.1326,0.8942,0.0374,0.0066,1.2101,0.4743,0.8605,1.3518,0.056,2864.6231,640.5112,0.8838,0.0218,0.1667,6.2,824,excellent
36701.87,-0.0604,0.514,0.2075,0.0246,5.4156,0.0954,0.3336,1.1148,0.216,259.5426,104.3465,0.4841,0.2267,0.5027,2.8,628,poor
33016.48,-0.078,0.4708,0.1428,0.0469,3.0427,0.1936,0.2753,0.9773,0.2114,294.8209,96.6915,0.5315,0.317,0.5784,3.3,634,poor
59347.17,0.0762,0.7193,0.103,0.0112,3.5958,0.2559,0.495,1.0734,0.1797,437.4901,283.4467,0.6958,0.1274,0.4935,7.6,732,average
105516.37,0.0264,0.6574,0.1225,0.0148,3.2678,0.2134,0.4056,1.025,0.1197,905.0795,95.8984,0.6328,0.1683,0.4663,2.2,687,average
241190.18,0.0868,0.8722,0.045,0.0137,1.498,0.3551,0.6623,1.2544,0.0808,2943.0725,761.9879,0.7878,0.0655,0.3949,4.2,763,good
259089.67,0.0616,0.8049,0.0351,0.008,2.2191,0.4142,0.5809,1.1782,0.1036,2464.5278,696.6501,0.8098,0.0526,0.3913,6.2,772,good
23445.25,-0.06,0.4796,0.2192,0.0202,5.82,0.0866,0.2899,1.0614,0.1996,419.8228,43.7918,0.5383,0.2364,0.6457,6.0,633,poor
177555.83,0.0824,0.8354,0.0535,0.0147,1.092,0.4319,0.6876,1.5544,0.0841,1200.3565,524.6934,0.7675,0.0481,0.3279,1.3,773,good
101671.06,0.0238,0.6156,0.1037,0.0199,3.1133,0.3189,0.5317,1.0421,0.177,1331.9429,221.8053,0.6756,0.2149,0.4222,4.9,711,average
118121.49,0.0598,0.7163,0.0648,0.0248,2.7469,0.2762,0.599,1.2879,0.1873,625.191,180.0904,0.598,0.1401,0.3634,5.3,704,average
66544.03,0.0251,0.7261,0.1191,0.0198,2.1461,0.2901,0.4548,1.1583,0.1693,1266.2711,152.4233,0.5537,0.169,0.3513,6.3,694,average
43018.93,-0.025,0.3934,0.1393,0.0293,3.3027,0.144,0.4078,0.9099,0.1978,343.9637,22.273,0.5502,0.3671,0.6448,7.4,624,poor
54436.01,-0.0729,0.3613,0.177,0.026,5.313,0.1508,0.2274,1.1423,0.2509,504.8125,69.2321,0.3875,0.2377,0.707,0.7,596,poor
154631.02,-0.01,0.6221,0.0848,0.011,3.8919,0.2908,0.4305,1.2104,0.165,1253.2203,267.7449,0.5527,0.2157,0.4959,3.4,677,average
47498.06,-0.0028,0.7373,0.1372,0.0211,3.6206,0.2109,0.5734,1.0328,0.1162,846.822,119.5769,0.6563,0.2091,0.403,3.3,713,average
152231.65,0.0746,0.7306,0.0784,0.0096,1.8302,0.4796,0.6381,1.5285,0.1067,501.8041,433.3704,0.8619,0.0605,0.2646,1.3,786,good
21392.19,-0.02,0.4074,0.1526,0.0419,3.9033,0.1653,0.3017,1.0477,0.2524,791.35,43.0062,0.5569,0.259,0.5824,6.1,629,poor
279589.54,0.0829,0.775,0.0614,0.0132,2.1544,0.3904,0.593,1.4107,0.0882,794.5478,295.5136,0.8383,0.1139,0.2675,1.7,757,good
534201.95,0.0689,0.9768,0.0349,0.0018,1.7127,0.4816,0.7869,1.6168,0.0421,4746.1042,1939.3266,0.9763,0.0173,0.223,3.7,822,excellent
165027.27,0.1431,0.8049,0.0487,0.006,1.3313,0.4269,0.6736,1.5216,0.1026,880.1277,759.5344,0.8097,0.1087,0.2557,6.5,800,good
52835.99,0.0533,0.6688,0.0653,0.0213,2.2806,0.2618,0.4153,1.2916,0.1976,1471.8506,141.722,0.5771,0.1503,0.4683,5.8,697,average
8247.86,-0.0848,0.4216,0.1333,0.0389,4.4133,0.1593,0.2657,0.9312,0.284,418.0572,22.3923,0.5752,0.3639,0.5751,5.5,626,poor
799442.92,0.1707,0.9279,0.0209,0.0071,1.6649,0.6592,0.9408,1.5952,0.0455,4433.7024,704.3664,0.9441,0.021,0.1378,2.2,840,excellent
46081.98,-0.0271,0.5426,0.1689,0.0356,5.7757,0.1259,0.3324,1.0476,0.2911,767.85,75.4407,0.377,0.3375,0.5794,1.3,623,poor
118357.44,0.0469,0.5551,0.1054,0.0104,3.8919,0.1968,0.5825,1.2406,0.1729,1304.2591,105.9137,0.6891,0.1413,0.5447,6.6,698,average
50605.82,-0.0776,0.465,0.1316,0.0306,4.6147,0.1766,0.4125,0.9791,0.2228,739.9199,24.4954,0.4434,0.3119,0.6407,6.1,617,poor
19325.57,-0.1211,0.3392,0.3346,0.0639,8.1738,0.0359,0.0954,0.8794,0.4729,191.623,16.8517,0.3147,0.5098,0.7492,4.9,489,bad
429365.72,0.0234,0.7559,0.0648,0.0072,2.7503,0.3881,0.7123,1.1727,0.0708,2911.4762,700.2719,0.787,0.0751,0.3113,2.3,754,good
352376.86,0.0505,0.8065,0.0339,0.0119,1.6433,0.4655,0.6905,1.4978,0.0905,741.5535,742.2356,0.8774,0.0967,0.3071,3.7,790,good
38349.41,0.0796,0.5544,0.0959,0.0198,3.7917,0.261,0.5354,1.0191,0.1354,1441.1545,111.7835,0.5928,0.2076,0.3555,3.8,696,average
521484.86,0.1863,0.8909,0.0102,0.0053,1.7121,0.5396,0.7299,1.9841,0.0446,3025.0423,1514.6846,0.9452,0.02,0.1902,7.6,815,excellent
139662.79,-0.0017,0.6122,0.0742,0.0165,2.504,0.1954,0.4373,1.0602,0.1351,1041.3929,61.2078,0.6268,0.1113,0.4016,3.4,688,average
60641.82,-0.0755,0.4928,0.1436,0.0266,4.0357,0.1847,0.4008,1.0499,0.2604,724.0057,89.1686,0.5523,0.2319,0.5327,4.7,629,poor
111745.6,0.0451,0.7448,0.0607,0.0084,1.9093,0.4317,0.7164,1.492,0.1161,2171.7627,145.8245,0.7443,0.0513,0.3921,4.9,772,good
135442.42,0.0363,0.6904,0.1017,0.0214,3.2864,0.228,0.4098,1.2291,0.1293,1014.2411,145.1019,0.6141,0.1589,0.4482,1.2,698,average
38799.07,-0.0775,0.4221,0.1262,0.0208,5.9003,0.1262,0.2774,1.0344,0.2953,578.9158,60.5494,0.4669,0.3529,0.6119,7.2,597,poor
139177.77,-0.0195,0.5981,0.1251,0.0225,3.9688,0.3478,0.5618,1.1115,0.1838,258.1838,76.834,0.5918,0.1802,0.5264,2.0,690,average
16903.61,0.0013,0.4083,0.1214,0.0408,3.1254,0.1721,0.2284,1.0724,0.1899,180.0663,31.687,0.532,0.212,0.6181,3.3,637,poor
83165.13,-0.0073,0.7491,0.0975,0.0116,2.4573,0.3216,0.4206,1.2288,0.1806,514.2774,199.9834,0.6245,0.1171,0.4694,7.6,729,average
307373.13,0.0709,0.7445,0.0446,0.0056,1.3679,0.3389,0.6816,1.3194,0.111,673.4572,272.0433,0.7951,0.0845,0.2287,3.1,757,good
162215.36,0.0617,0.9004,0.027,0.007,1.7622,0.4588,0.8364,1.3139,0.053,2800.9986,1228.6854,0.9002,0.0374,0.158,5.6,801,excellent
57202.64,-0.0495,0.4092,0.1408,0.0422,4.2952,0.116,0.2094,1.0026,0.3032,696.1786,118.6864,0.3788,0.3128,0.5458,2.7,608,poor
148523.0,0.1336,0.8255,0.0609,0.014,2.0964,0.4528,0.6316,1.422,0.0649,853.3287,176.0551,0.8174,0.064,0.3666,2.1,781,good
65162.81,0.0546,0.6627,0.0725,0.016,3.5637,0.2136,0.4705,1.1406,0.1868,369.7216,282.1256,0.6038,0.212,0.4725,3.4,709,average
150967.97,0.1293,0.7781,0.0755,0.0108,2.6565,0.395,0.6907,1.2449,0.0571,1904.7189,730.5719,0.7274,0.0732,0.3065,2.0,758,good
674201.08,0.1446,0.912,0.033,0.0051,1.9878,0.5406,0.8102,1.7003,0.0379,883.398,1085.1807,0.9373,0.0238,0.151,1.2,821,excellent
50071.01,-0.0539,0.5762,0.1843,0.0387,4.771,0.199,0.2803,0.9632,0.2519,787.4255,109.9494,0.3554,0.2573,0.5367,2.7,626,poor
17514.96,-0.081,0.1548,0.2952,0.0943,6.2801,0.0229,0.1942,0.9091,0.3538,331.1011,43.4132,0.3303,0.4722,0.7355,1.5,498,bad
250941.37,0.2024,0.8816,0.0153,0.0015,1.5719,0.5092,0.7218,1.3528,0.0489,3893.3148,814.0427,0.9682,0.0128,0.1874,7.2,841,excellent
427462.06,0.1871,0.8773,0.0315,0.0037,1.6255,0.4982,0.9044,1.7958,0.0398,3766.3507,1044.5788,0.9451,0.0337,0.2291,5.9,828,excellent
18449.53,-0.0487,0.5423,0.1586,0.0324,4.9218,0.1062,0.2552,0.9862,0.2137,104.8881,108.5084,0.5072,0.2507,0.5355,6.9,627,poor
18607.14,-0.1107,0.3898,0.3423,0.0836,5.9144,0.0486,0.2179,0.8111,0.3461,221.1806,29.5663,0.3213,0.4184,0.6926,6.3,517,bad
222215.08,0.1133,0.9787,0.029,0.0038,1.014,0.6478,0.8654,1.4209,0.0437,1572.4204,370.7232,0.9009,0.016,0.1506,3.6,837,excellent
773066.19,0.1912,0.929,0.0142,0.0046,1.4942,0.5041,0.8226,1.9698,0.0453,2222.0381,759.1015,0.9304,0.0345,0.1899,3.2,825,excellent
23899.67,-0.1042,0.3755,0.319,0.0568,6.0445,0.0835,0.1987,0.9706,0.4924,323.5583,30.7524,0.3596,0.5624,0.8023,5.7,519,bad
55727.55,-0.0654,0.4534,0.2211,0.0437,3.8286,0.0972,0.3865,0.9148,0.2145,543.1489,49.3575,0.5397,0.2869,0.5321,5.0,612,poor
342391.94,0.0567,0.8465,0.0511,0.0132,1.0218,0.3522,0.5788,1.1126,0.0956,2405.9341,155.0968,0.7837,0.1128,0.2295,6.0,770,good
170509.11,0.1153,0.912,0.0143,0.0068,1.375,0.4564,0.8086,1.5267,0.0271,3374.9446,1568.9567,0.9337,0.023,0.2135,2.9,818,excellent
216956.63,0.1176,0.7988,0.0573,0.0102,2.2836,0.3792,0.581,1.5114,0.107,1621.2454,180.6744,0.8641,0.0609,0.2479,7.8,775,good
45586.57,-0.0975,0.5261,0.184,0.0401,5.0914,0.146,0.2088,1.0474,0.2092,507.9174,15.751,0.5114,0.3047,0.581,2.9,601,poor
148575.81,0.1367,0.7828,0.0625,0.0095,1.8911,0.4935,0.6844,1.485,0.0643,781.7337,371.2164,0.7192,0.1146,0.2411,6.2,787,good
151675.39,0.2159,0.9618,0.0162,0.0076,1.3886,0.5318,0.9461,1.7213,0.0266,2865.0655,1209.4938,0.8871,0.0495,0.2286,2.1,841,excellent
365587.26,0.1792,0.9762,0.0323,0.0036,1.28,0.6134,0.7744,1.3245,0.0248,1395.7199,1022.4698,0.9712,0.0493,0.2372,7.7,843,excellent
92471.19,0.0932,0.7301,0.0646,0.0072,1.7951,0.3755,0.5574,1.3162,0.0826,937.5572,109.2883,0.8615,0.0925,0.3919,5.7,770,good
31790.86,0.0238,0.4624,0.1501,0.0455,3.1419,0.1237,0.3316,1.0141,0.2461,214.7263,84.1531,0.4354,0.2992,0.5321,7.1,619,poor
4144.46,-0.1918,0.1844,0.4312,0.0787,6.7046,0.0631,0.1957,0.9669,0.3556,371.4045,49.2221,0.1834,0.4525,0.8082,3.6,487,bad
59674.51,0.035,0.7385,0.1192,0.0203,3.5754,0.2632,0.4516,1.2509,0.1373,1418.0065,176.0115,0.6893,0.1263,0.4202,4.4,718,average
16887.15,-0.1795,0.339,0.2757,0.0526,7.8295,0.0961,0.1125,0.7049,0.3451,122.4806,42.2445,0.3065,0.3701,0.7631,4.2,539,bad
158143.81,0.03,0.6203,0.0805,0.0171,3.5957,0.308,0.5494,1.1268,0.1587,1344.8265,286.7718,0.6664,0.2194,0.426,5.0,714,average
2739.95,-0.1787,0.3443,0.4137,0.053,6.4636,0.0208,0.1018,0.9588,0.4518,377.4384,24.9993,0.2655,0.489,0.8243,2.3,515,bad
116262.94,0.0769,0.5654,0.0986,0.0137,2.7746,0.3066,0.5239,1.053,0.1377,592.9596,98.0899,0.6971,0.17,0.4487,5.0,723,average
106389.72,0.0435,0.5713,0.0979,0.0142,3.1146,0.2518,0.3943,1.0788,0.1949,664.9354,144.345,0.7063,0.2088,0.5251,0.7,683,average
268685.36,0.1101,0.9471,0.0217,0.0036,1.5102,0.453,0.8311,1.4861,0.0412,2074.0454,1660.6311,0.8915,0.0197,0.1721,1.4,826,excellent
34029.89,0.0287,0.3667,0.1414,0.0388,4.2405,0.1551,0.4063,1.107,0.2369,626.6597,19.5054,0.4237,0.271,0.5424,1.6,619,poor
91166.48,-0.0125,0.67,0.0934,0.0184,3.4089,0.3121,0.55,1.012,0.1277,565.0835,209.0434,0.7177,0.141,0.5173,2.3,724,average
71290.21,0.0317,0.6763,0.0801,0.014,2.5425,0.2291,0.493,1.0939,0.1906,1379.3829,187.1639,0.6092,0.1368,0.5151,1.2,704,average
58309.47,0.0263,0.654,0.0694,0.0208,2.5829,0.222,0.5116,1.19,0.1337,1353.4552,250.4901,0.6137,0.147,0.4934,5.8,703,average
138288.73,0.0384,0.6054,0.1054,0.013,2.102,0.2527,0.596,1.1786,0.1476,702.9501,71.0556,0.5808,0.1434,0.5103,7.5,720,average
64437.98,0.023,0.5961,0.1095,0.0186,2.5335,0.2739,0.565,1.0455,0.1554,611.7331,97.1668,0.687,0.199,0.3906,3.0,721,average
57951.38,-0.0637,0.3507,0.2073,0.0331,5.5827,0.182,0.2982,0.958,0.2986,385.9742,61.634,0.3846,0.3599,0.6871,5.1,576,poor
79961.47,0.0503,0.6702,0.1159,0.0157,3.5761,0.2152,0.4491,1.1215,0.1249,577.8825,100.0328,0.6521,0.1564,0.3549,6.8,699,average
143150.56,0.0677,0.8795,0.0539,0.0067,2.7073,0.429,0.6698,1.5051,0.1092,2947.9037,355.2003,0.8369,0.0472,0.3832,1.2,784,good
53815.79,-0.0108,0.5604,0.1124,0.0218,3.9077,0.3401,0.4187,1.1644,0.1942,1363.3986,101.4238,0.6873,0.1234,0.4925,2.8,675,average
172855.88,0.1257,0.8001,0.0747,0.0089,1.334,0.3938,0.7193,1.221,0.0926,1417.9771,648.2102,0.7832,0.0764,0.342,2.9,768,good
34029.47,-0.0158,0.4695,0.2222,0.0373,5.5129,0.1286,0.2553,1.1342,0.2034,700.5488,28.2552,0.3584,0.2132,0.7188,5.9,592,poor
44575.77,-0.0607,0.4062,0.1221,0.0268,4.3171,0.1384,0.3026,1.0163,0.3035,424.3095,58.659,0.3618,0.3706,0.6973,6.4,600,poor
21873.21,-0.2344,0.2329,0.2776,0.0704,4.0663,0.0281,0.2065,0.8685,0.2932,228.3273,33.3804,0.2354,0.4845,0.7335,0.8,507,bad
40837.77,0.0768,0.7366,0.0902,0.0199,2.8797,0.3028,0.4388,1.0427,0.1915,321.1465,139.8113,0.617,0.105,0.4106,6.0,706,average
249051.39,0.0286,0.7949,0.0791,0.0142,1.987,0.316,0.6419,1.5497,0.0932,2948.6453,695.4157,0.872,0.0606,0.3117,6.9,769,good
356325.38,0.0591,0.8756,0.0796,0.0055,2.1834,0.4603,0.6015,1.512,0.0889,2611.2205,253.2668,0.8721,0.0771,0.2307,3.8,785,good
434015.84,0.1364,0.9038,0.0394,0.0033,1.3704,0.527,0.8216,1.9985,0.0571,2464.6476,585.2514,0.9059,0.0194,0.1365,7.4,819,excellent
47778.96,-0.0803,0.3618,0.1813,0.021,3.8743,0.1812,0.3493,1.1295,0.278,566.2408,24.1896,0.388,0.2558,0.522,7.5,608,poor
126882.46,0.0084,0.563,0.1085,0.0139,3.2869,0.299,0.4011,1.1819,0.1689,241.6439,261.5607,0.6631,0.1834,0.5121,5.1,693,average
10185.73,-0.0924,0.5513,0.1392,0.0499,3.3783,0.1667,0.2621,0.9832,0.2248,267.4778,65.5677,0.4443,0.3674,0.647,4.0,619,poor
30821.2,0.0257,0.5303,0.2321,0.0335,5.4473,0.1694,0.3556,1.0646,0.3141,626.0599,106.1541,0.3923,0.3565,0.5361,3.4,605,poor
44065.55,-0.0075,0.534,0.1685,0.0201,4.4484,0.1789,0.3102,0.9528,0.2266,561.0659,92.3373,0.4661,0.2956,0.6957,3.6,642,poor
201242.86,0.1015,0.8467,0.0537,0.0138,2.8581,0.4828,0.6718,1.2155,0.0721,1977.2342,414.4899,0.7541,0.0922,0.2077,0.8,789,good
326164.7,0.0911,0.7867,0.0551,0.0145,2.5893,0.428,0.6112,1.4001,0.0536,2972.171,249.3902,0.819,0.063,0.2232,6.5,785,good
22636.29,-0.0145,0.5045,0.174,0.0472,3.6123,0.0997,0.2215,1.1329,0.2233,479.6237,72.6115,0.3658,0.3769,0.6921,1.5,587,poor
569439.85,0.1057,0.8608,0.0337,0.0035,1.3879,0.4973,0.9362,1.8077,0.0564,3405.4363,1944.9598,0.9496,0.0497,0.1243,4.0,824,excellent
46386.17,0.0421,0.6467,0.1069,0.0205,3.9523,0.3066,0.5636,1.2801,0.1781,924.6951,159.0418,0.6048,0.1443,0.53,6.3,690,average
41155.25,-0.027,0.3768,0.1377,0.0348,5.9884,0.1671,0.275,1.0562,0.1845,684.6587,48.292,0.4218,0.348,0.5646,1.1,595,poor
120085.82,0.0207,0.5552,0.0828,0.0128,2.1862,0.2034,0.4955,1.1799,0.11,347.3864,293.4062,0.6806,0.1382,0.3747,3.2,712,average
128601.77,0.0458,0.5701,0.0923,0.024,2.6238,0.3293,0.4005,1.1,0.1741,377.9591,64.5219,0.7106,0.1005,0.5283,7.0,709,average
649531.62,0.1441,0.9447,0.0138,0.0062,1.8222,0.6206,0.7596,1.5855,0.0473,4475.3055,1238.0434,0.9449,0.0437,0.1739,5.8,827,excellent
42968.64,-0.0669,0.4892,0.1202,0.0234,4.7722,0.1696,0.3521,1.0442,0.294,506.1429,116.5533,0.4072,0.328,0.5508,5.1,613,poor
239008.99,0.0391,0.8237,0.0362,0.0087,2.9545,0.3757,0.6538,1.2375,0.0964,2644.3906,202.1408,0.7701,0.055,0.3332,3.6,756,good
111082.36,0.0573,0.7654,0.0389,0.0127,1.9465,0.4525,0.5631,1.3272,0.0712,1060.7893,240.6468,0.8555,0.1072,0.3927,4.4,764,good
118184.67,0.0072,0.6817,0.124,0.0212,2.0406,0.2764,0.5747,1.0724,0.1283,1252.6232,237.0116,0.6636,0.1667,0.4727,5.9,713,average
121276.0,0.0598,0.8423,0.0426,0.013,2.1724,0.4258,0.684,1.5803,0.0896,1392.2188,365.9451,0.8124,0.1112,0.2649,0.5,770,good
225174.43,0.1495,0.7316,0.064,0.0148,1.8826,0.3271,0.6976,1.2092,0.0568,1141.1413,742.7424,0.7736,0.1193,0.3286,7.0,776,good
108045.68,0.0496,0.5513,0.1274,0.0223,2.4327,0.25,0.4528,1.0266,0.1583,1402.2544,112.1942,0.6226,0.1419,0.4214,5.7,699,average
121926.37,0.0799,0.8259,0.0413,0.0063,1.2358,0.4824,0.5908,1.4136,0.1116,1248.9841,580.7318,0.7277,0.0451,0.3802,2.0,761,good
49535.64,0.0514,0.6927,0.1307,0.018,3.8018,0.2806,0.5916,1.1757,0.133,788.9717,255.4816,0.651,0.1793,0.3931,3.8,703,average
142151.8,0.0675,0.5731,0.1156,0.0235,2.4595,0.299,0.5889,1.0339,0.1479,1382.1329,190.9722,0.6754,0.1162,0.4536,3.3,702,average
254051.0,0.1277,0.727,0.0545,0.0134,1.2794,0.458,0.6898,1.1447,0.0603,1605.8691,395.4857,0.8141,0.0464,0.352,1.2,783,good
38593.71,-0.0895,0.5082,0.1825,0.0442,4.3169,0.1873,0.3425,0.9143,0.2683,778.0506,17.7133,0.3844,0.2636,0.5834,1.7,623,poor
15479.14,0.0072,0.4165,0.2008,0.0213,4.1383,0.0848,0.2956,0.9066,0.2639,101.9569,42.435,0.4065,0.2622,0.5751,4.4,622,poor
52253.75,-0.0512,0.3596,0.2129,0.0388,3.1591,0.1049,0.2902,1.114,0.2582,532.6638,97.5849,0.3539,0.3124,0.64,3.2,610,poor
20364.43,-0.0047,0.5713,0.2037,0.0364,4.4209,0.1857,0.2548,0.9485,0.2805,231.3788,83.013,0.4419,0.2436,0.6481,7.4,621,poor
656477.94,0.219,0.906,0.0131,0.0077,1.2518,0.5655,0.7102,1.5731,0.0578,3452.8558,482.0096,0.973,0.0249,0.1436,6.2,822,excellent
313955.55,0.1322,0.8021,0.078,0.0103,2.8325,0.3045,0.5952,1.1545,0.0669,2243.5154,463.1228,0.8495,0.062,0.3451,4.0,768,good
26914.05,0.0077,0.4093,0.161,0.0413,4.1842,0.1066,0.2311,0.9255,0.1932,519.8986,70.2522,0.5159,0.3417,0.6198,2.1,604,poor
24956.24,-0.1093,0.2762,0.3896,0.0596,6.336,0.0569,0.1651,0.8222,0.4016,352.4056,45.1321,0.1525,0.4054,0.8551,5.9,491,bad
124483.83,0.0623,0.6692,0.1368,0.0236,3.8333,0.33,0.5296,1.1175,0.161,649.5303,270.3298,0.563,0.1724,0.5117,5.3,702,average
15014.39,-0.072,0.4885,0.1392,0.0272,3.8251,0.1205,0.2169,0.9638,0.1851,622.211,91.7264,0.3799,0.2965,0.7069,2.0,614,poor
682978.57,0.0536,0.8555,0.0158,0.0079,1.5203,0.5008,0.7976,1.9192,0.0235,4459.1878,249.0851,0.87,0.0282,0.1481,1.4,795,excellent
147422.26,0.0421,0.7468,0.1265,0.0144,3.9263,0.1997,0.4469,1.1664,0.1794,1480.691,242.8632,0.6082,0.1285,0.5226,3.7,707,average
405968.06,0.1629,0.942,0.0341,0.003,1.1818,0.4539,0.9488,1.9943,0.0433,1495.5244,1561.1937,0.9418,0.035,0.1939,5.0,835,excellent
77258.21,0.0184,0.7404,0.0799,0.015,2.2059,0.1836,0.4901,1.0929,0.1619,1467.3099,90.5573,0.5798,0.1228,0.387,2.7,722,average
85136.17,0.0218,0.7283,0.1114,0.0126,2.4318,0.2755,0.5988,1.0684,0.1607,623.5115,212.2613,0.7043,0.178,0.5297,1.7,727,average
255021.21,0.1304,0.7436,0.0595,0.0086,2.3531,0.3868,0.6032,1.4918,0.0768,1445.7403,384.8475,0.7131,0.1063,0.203,5.1,763,good
125403.18,0.0964,0.8437,0.0725,0.0077,2.798,0.4709,0.7165,1.1821,0.1027,502.4454,567.4014,0.7925,0.088,0.3815,6.3,791,good
545834.01,0.066,0.9319,0.0122,0.0062,1.0543,0.5519,0.7443,1.7407,0.0278,3246.3422,997.9645,0.9034,0.0157,0.2095,3.3,812,excellent
44853.94,-0.0063,0.5539,0.1239,0.0212,2.9842,0.2863,0.4843,1.1153,0.1048,409.2634,221.8129,0.6523,0.1923,0.4027,6.2,695,average
10902.72,-0.1425,0.3818,0.3161,0.0523,9.9767,0.0926,0.1953,0.7236,0.3159,182.9403,14.8492,0.247,0.5976,0.8949,2.0,509,bad
20630.48,-0.1757,0.1852,0.2989,0.0706,9.8385,0.0276,0.1268,0.9985,0.332,121.7116,16.2557,0.1734,0.4911,0.6771,0.9,476,bad
263731.98,0.0539,0.8689,0.051,0.0107,1.6803,0.4659,0.7069,1.4434,0.0807,2394.6961,706.6085,0.7417,0.1058,0.2486,4.5,781,good
80325.46,0.0727,0.5738,0.0983,0.0109,3.7218,0.2644,0.5781,1.1555,0.1808,1318.1314,44.0201,0.68,0.1451,0.3787,4.6,702,average
77711.44,-0.005,0.5646,0.1121,0.0241,2.1455,0.277,0.452,1.1194,0.1457,972.4225,50.2531,0.6504,0.1927,0.4037,7.5,696,average
146010.58,0.0398,0.6883,0.1006,0.0144,2.26,0.33,0.4543,1.2206,0.1512,1018.3708,208.2904,0.5982,0.1542,0.4591,5.5,724,average
6292.71,-0.0352,0.263,0.2951,0.0447,7.6841,0.0776,0.1928,0.8384,0.4143,222.3649,29.389,0.3471,0.5224,0.7591,4.5,543,bad
119036.83,0.0592,0.6237,0.1156,0.0232,3.3271,0.3275,0.5462,1.117,0.1728,631.44,158.7252,0.5565,0.1808,0.3836,0.5,691,average
109137.8,-0.0067,0.6565,0.1061,0.014,2.7828,0.3273,0.5706,1.0584,0.196,1400.9025,282.9794,0.6078,0.1197,0.3659,2.7,708,average
65681.17,0.0408,0.6873,0.0682,0.0229,3.8792,0.1981,0.5363,1.1108,0.1026,1039.5671,174.9231,0.7126,0.2139,0.4617,2.2,700,average
52877.14,-0.0221,0.3879,0.1459,0.045,4.0008,0.1083,0.3746,0.9215,0.231,376.1715,24.2618,0.4175,0.2194,0.6821,1.1,601,poor
7541.43,-0.0553,0.3243,0.3608,0.0465,9.7023,0.0834,0.086,0.8062,0.3805,265.5016,47.6589,0.1781,0.5275,0.7682,0.8,515,bad
15966.03,-0.04,0.344,0.304,0.0973,9.1842,0.0667,0.1506,0.9263,0.3986,147.8383,43.8167,0.1818,0.5618,0.7776,7.2,491,bad
21587.22,-0.0274,0.3531,0.307,0.0599,4.8168,0.0881,0.23,0.7129,0.4564,180.3763,15.3308,0.2989,0.4196,0.8896,1.5,550,bad
124058.42,0.0482,0.6068,0.0827,0.0178,3.2338,0.2456,0.5164,1.215,0.1144,1452.0239,219.4938,0.7092,0.1508,0.5298,5.3,714,average
309993.92,0.2127,0.942,0.0342,0.0017,1.1337,0.6591,0.7316,1.7246,0.0551,3509.6211,1328.4415,0.9311,0.0124,0.2107,7.6,841,excellent
143146.8,0.0655,0.7943,0.043,0.0147,2.1241,0.3531,0.5771,1.1774,0.09,581.7344,199.712,0.7162,0.1053,0.371,5.5,748,good
207565.64,0.1132,0.7548,0.0582,0.0108,1.3723,0.4676,0.5559,1.1909,0.0609,2887.982,736.7491,0.7385,0.073,0.2342,3.9,770,good
254708.02,0.1363,0.7525,0.0578,0.0081,1.8358,0.3978,0.6789,1.4686,0.1118,1047.1651,665.7693,0.7522,0.1154,0.3142,5.8,762,good
45716.85,0.0131,0.6833,0.1077,0.0214,3.8213,0.3022,0.4271,1.2124,0.1818,379.758,287.3214,0.7108,0.1623,0.3761,4.8,708,average
95567.7,0.074,0.727,0.1015,0.0176,3.1378,0.2394,0.4263,1.222,0.1705,683.8508,173.727,0.5814,0.1765,0.4289,2.5,716,average
39852.54,-0.0134,0.717,0.073,0.0132,3.4559,0.3328,0.5709,1.0069,0.1149,950.345,242.5973,0.6741,0.1704,0.4196,6.9,716,average
42771.37,0.0767,0.579,0.0639,0.0123,2.3036,0.2152,0.406,1.206,0.17,798.4482,161.3037,0.6622,0.1064,0.4712,2.1,695,average
6324.36,-0.1067,0.3324,0.2093,0.0743,6.5887,0.047,0.1711,0.8981,0.3802,356.9054,41.5067,0.3286,0.3811,0.8411,6.2,510,bad
89295.44,0.127,0.751,0.0723,0.0149,1.7,0.3761,0.7082,1.5052,0.1015,503.0902,751.4905,0.8288,0.0855,0.269,5.0,773,good
381641.3,0.0476,0.7243,0.0771,0.0139,2.557,0.3051,0.748,1.5651,0.0796,1404.5564,213.3677,0.7415,0.0796,0.2121,3.3,741,good
349000.71,0.1276,0.8295,0.0621,0.0072,2.4207,0.3571,0.5999,1.1623,0.0931,2769.9513,383.878,0.7893,0.1131,0.328,3.1,781,good
723149.29,0.1002,0.9064,0.0133,0.0049,1.7692,0.6493,0.8285,1.3271,0.0211,4628.1651,1626.5539,0.922,0.014,0.1598,4.1,818,excellent
354844.37,0.0622,0.861,0.0253,0.0039,1.1017,0.4635,0.8782,1.5325,0.0588,4214.588,717.9055,0.9761,0.0482,0.1738,7.0,813,excellent
53266.51,0.0361,0.6168,0.14,0.0221,3.554,0.2832,0.4144,1.243,0.1939,1398.56,257.966,0.7012,0.1524,0.3798,5.0,682,average
200520.9,0.0733,0.9081,0.0246,0.0043,1.9139,0.4593,0.8873,1.4839,0.0294,4026.7453,1193.6623,0.9567,0.0325,0.205,5.2,824,excellent
49771.28,0.0208,0.4409,0.1988,0.0497,4.9166,0.1578,0.2437,1.0476,0.2759,669.5657,55.1332,0.478,0.2527,0.5904,2.7,593,poor
85248.03,0.0391,0.6078,0.1055,0.0117,3.2211,0.3172,0.3947,1.2468,0.1264,1348.4525,260.5116,0.7125,0.1167,0.3929,2.1,712,average
21734.79,-0.011,0.5227,0.1943,0.0379,5.6549,0.1736,0.2987,0.9367,0.1957,783.2079,116.0645,0.5181,0.2968,0.6377,7.6,635,poor
27968.04,-0.0333,0.5632,0.1942,0.0332,4.5205,0.1325,0.2025,0.9431,0.2937,281.6505,19.9163,0.4591,0.2852,0.5206,3.9,631,poor
275137.0,0.0928,0.8007,0.0532,0.0125,2.1572,0.4998,0.736,1.3386,0.0945,1167.8362,512.1892,0.7413,0.0494,0.3809,2.5,778,good
109944.23,0.141,0.813,0.0729,0.0116,2.2824,0.3363,0.678,1.5424,0.1148,2255.0276,298.128,0.8098,0.0707,0.2497,3.0,775,good
265986.24,0.0558,0.8075,0.03,0.0147,2.9203,0.4557,0.6032,1.3001,0.0988,1069.8802,128.7616,0.7785,0.1188,0.279,4.8,777,good
38133.45,0.0059,0.5797,0.2335,0.0414,3.3239,0.1056,0.3583,1.1236,0.2278,786.7088,19.598,0.4085,0.3001,0.5208,3.2,638,poor
41001.3,-0.0644,0.5312,0.1741,0.0454,4.4101,0.1688,0.3972,1.1328,0.1891,461.0511,88.5204,0.4867,0.3032,0.6203,5.4,624,poor
39160.33,0.0195,0.4941,0.2431,0.0364,4.8494,0.1446,0.377,0.9622,0.3165,377.0793,79.9472,0.4513,0.3675,0.5839,6.4,626,poor
386108.52,0.1356,0.7271,0.0357,0.0097,1.845,0.4456,0.5954,1.398,0.1027,1888.0985,376.42,0.7758,0.0599,0.3952,8.0,756,good
8290.28,-0.2392,0.3801,0.4497,0.0809,5.6438,0.0922,0.2265,0.884,0.3749,193.6611,19.7094,0.2502,0.3985,0.855,2.7,491,bad
9090.18,-0.083,0.5471,0.168,0.044,5.6277,0.174,0.3879,0.9461,0.2386,590.4189,20.6902,0.4412,0.2601,0.6338,6.4,601,poor
72646.3,0.0564,0.6727,0.0912,0.0116,2.3538,0.3006,0.402,1.1118,0.1972,854.3686,288.7018,0.6407,0.162,0.4276,5.7,721,average
143670.36,0.0244,0.7071,0.0611,0.022,2.8922,0.349,0.4699,1.0789,0.1164,1255.5857,59.7963,0.6742,0.2103,0.3607,1.8,710,average
16118.66,0.0278,0.568,0.1427,0.0238,5.0152,0.1634,0.2512,0.9811,0.2155,657.8411,117.8946,0.4117,0.2057,0.7078,3.1,643,poor
115830.38,0.0531,0.6483,0.1352,0.021,3.9666,0.2566,0.5783,1.1194,0.1206,1063.8475,207.7169,0.6653,0.12,0.3839,2.6,718,average
22687.61,-0.0071,0.3947,0.1703,0.0498,5.9366,0.119,0.32,1.1074,0.2173,725.656,49.7575,0.4028,0.255,0.5079,7.7,605,poor
166119.71,0.1392,0.8729,0.0431,0.0093,2.6517,0.3421,0.657,1.2808,0.0546,2006.9185,252.2099,0.8268,0.0842,0.2031,3.1,791,good
35354.12,-0.0447,0.4849,0.1869,0.0247,5.6602,0.1629,0.2134,1.1483,0.224,505.1426,28.9487,0.4602,0.2494,0.5989,6.0,617,poor
101324.64,-0.0037,0.5971,0.1054,0.0115,3.9516,0.3475,0.5251,1.15,0.1392,1261.9848,285.3624,0.6463,0.218,0.4534,6.7,690,average
211473.23,0.0349,0.8656,0.0554,0.0113,2.3429,0.4116,0.7104,1.3404,0.077,528.0102,158.528,0.7532,0.0698,0.3594,5.7,783,good
44053.08,-0.0285,0.3818,0.1609,0.0323,5.9473,0.118,0.3488,0.9244,0.1805,613.3347,119.4314,0.4551,0.3353,0.7015,2.6,617,poor
82122.4,-0.0108,0.5526,0.1118,0.0237,2.5982,0.1947,0.3999,1.2522,0.1993,492.2341,113.3701,0.6873,0.165,0.3701,7.8,696,average
75173.19,0.0526,0.6629,0.0924,0.0158,2.9182,0.1826,0.4315,1.13,0.1555,1367.0179,187.0957,0.6303,0.2194,0.4821,2.0,702,average
208901.42,0.1363,0.9412,0.0396,0.0042,1.9634,0.5805,0.8398,1.9109,0.0352,2071.4478,341.5867,0.9611,0.0404,0.2471,2.3,841,excellent
333825.36,0.1704,0.9519,0.0129,0.0057,1.8348,0.5879,0.7701,1.726,0.0437,4747.8546,984.3364,0.873,0.0156,0.2415,5.5,829,excellent
251584.62,0.1286,0.771,0.069,0.0063,2.6898,0.3283,0.7189,1.2836,0.1081,2275.7665,112.6433,0.8322,0.0451,0.2799,3.1,785,good
137413.47,0.0685,0.606,0.0647,0.0173,3.3039,0.3351,0.4937,1.0483,0.1262,788.4112,63.4233,0.7189,0.1087,0.5383,7.4,729,average
15268.72,-0.0559,0.3715,0.2273,0.089,4.517,0.0349,0.0937,0.964,0.4437,129.5945,41.7623,0.3326,0.366,0.7924,4.8,507,bad
324195.59,0.1109,0.7563,0.0623,0.013,2.0438,0.3826,0.6611,1.2067,0.11,1361.5344,516.6246,0.7502,0.0778,0.2231,4.8,753,good
137841.94,0.1207,0.8262,0.0502,0.0118,1.1374,0.4785,0.5927,1.5408,0.1053,1399.8576,279.2235,0.8375,0.1059,0.2675,0.8,780,good
13092.63,-0.1242,0.3919,0.2795,0.0537,9.5268,0.0838,0.1872,0.9549,0.3693,98.2649,7.1345,0.2268,0.4837,0.7611,7.2,505,bad
300003.3,0.0339,0.7989,0.065,0.0123,2.3322,0.42,0.7279,1.1499,0.0558,750.2927,645.2364,0.8695,0.0476,0.3973,4.6,767,good
8425.94,-0.0337,0.3206,0.4496,0.0936,8.0012,0.0346,0.2332,0.9355,0.478,175.0705,48.2891,0.1524,0.608,0.8399,2.9,455,bad
32709.98,0.0635,0.57,0.0954,0.0129,2.2583,0.2811,0.3909,1.1062,0.1743,1076.2928,207.4175,0.7053,0.18,0.5158,3.0,719,average
21700.37,-0.1515,0.2766,0.3747,0.0856,4.3865,0.0634,0.1866,0.973,0.4902,396.67,20.1565,0.2915,0.6176,0.89,3.1,494,bad
497739.13,0.2386,0.9681,0.0264,0.0015,1.3869,0.5598,0.7657,1.8448,0.0558,4983.6869,1101.7169,0.9403,0.015,0.2335,0.6,830,excellent
265804.37,0.1196,0.8514,0.0248,0.0079,1.3131,0.4825,0.7978,1.5001,0.0384,1870.0389,1247.8033,0.9316,0.0365,0.1859,3.0,804,excellent
690628.66,0.1582,0.9688,0.0253,0.0027,1.1515,0.6757,0.7221,1.5748,0.0288,1371.5405,1869.5331,0.8866,0.0371,0.2437,3.2,834,excellent
24962.52,-0.0486,0.4031,0.2296,0.0326,5.4123,0.1015,0.2019,1.0736,0.2441,347.6062,34.5866,0.4088,0.377,0.6958,6.0,578,poor
46096.55,-0.0778,0.4311,0.2384,0.0436,4.5668,0.1892,0.359,1.0716,0.2592,403.6144,96.1443,0.4657,0.2381,0.5817,1.2,595,poor
51149.25,0.0192,0.4601,0.2195,0.041,5.5742,0.0881,0.4154,1.0522,0.2016,736.0304,65.3571,0.3896,0.2916,0.573,5.8,622,poor
127713.48,0.0029,0.6825,0.0724,0.0138,2.5548,0.2628,0.4413,1.0634,0.1132,1174.0979,176.4742,0.5687,0.1506,0.5407,4.5,709,average
633966.85,0.1496,0.9606,0.0138,0.0071,1.2437,0.6295,0.7104,1.8438,0.0252,1192.8556,803.8373,0.8561,0.0201,0.1296,2.1,840,excellent
46651.99,-0.0153,0.5779,0.1317,0.0405,5.4389,0.1974,0.2163,0.9746,0.3011,128.6136,114.2135,0.4839,0.372,0.548,2.2,605,poor
33220.84,-0.0144,0.6312,0.1308,0.0245,2.8354,0.3449,0.4665,1.2862,0.1877,252.7532,100.8056,0.617,0.1184,0.4641,7.5,691,average
143098.19,0.0742,0.7214,0.0624,0.0088,1.9072,0.3259,0.5838,1.1673,0.1117,793.6779,306.8624,0.7264,0.0573,0.2822,5.0,763,good
116431.09,-0.0102,0.6746,0.0926,0.0196,3.4487,0.3343,0.5365,1.1974,0.1571,694.3461,97.3568,0.6451,0.1966,0.5275,7.6,717,average
626527.45,0.0655,0.9418,0.021,0.0057,1.4995,0.457,0.945,1.487,0.0545,4069.1205,902.7278,0.9397,0.037,0.1749,7.6,819,excellent
144932.96,0.0071,0.6273,0.1183,0.0217,2.7646,0.3172,0.4748,1.2718,0.1126,430.2082,114.2432,0.5538,0.1837,0.3516,3.8,710,average
17870.29,0.0109,0.4051,0.1789,0.0494,3.4101,0.1242,0.3578,1.1468,0.2172,369.3642,112.9781,0.4158,0.3796,0.7098,3.5,608,poor
90603.89,-0.0096,0.7315,0.1323,0.0104,3.2912,0.3042,0.4891,1.1592,0.1356,417.1159,282.2995,0.5635,0.1876,0.4393,3.6,710,average
41510.56,-0.0118,0.3612,0.1846,0.0393,3.4908,0.1578,0.3795,0.9063,0.2541,657.6428,106.9078,0.5387,0.2401,0.5978,2.4,625,poor
60511.42,-0.0918,0.5633,0.1678,0.0395,4.9749,0.0855,0.2056,0.938,0.2999,224.727,28.4425,0.4211,0.2576,0.6458,6.6,591,poor
89380.35,0.0358,0.7805,0.0473,0.0121,2.0362,0.3782,0.7313,1.1134,0.0951,1939.0337,541.8173,0.7872,0.0597,0.2256,4.2,772,good
95521.17,-0.0199,0.6227,0.0979,0.0204,3.7888,0.3214,0.552,1.0677,0.1227,754.8679,171.8917,0.7152,0.1563,0.3683,1.9,722,average
50333.52,-0.01,0.679,0.1362,0.0247,2.4445,0.3437,0.5291,1.1896,0.1183,316.5327,263.3478,0.6633,0.201,0.4369,1.2,700,average
300658.15,0.0222,0.737,0.0604,0.0075,1.3079,0.412,0.6841,1.4703,0.0608,2539.217,793.5687,0.8136,0.0547,0.3469,1.6,756,good
89583.25,0.0072,0.6867,0.0993,0.0116,2.4726,0.2625,0.4494,1.257,0.195,1203.8213,209.8323,0.6051,0.1016,0.482,1.0,704,average
234952.76,0.067,0.7602,0.0336,0.0067,2.2524,0.3135,0.5673,1.5887,0.0687,693.7329,636.499,0.8212,0.0664,0.2543,2.9,769,good
258125.39,0.2453,0.9367,0.0121,0.0071,1.4961,0.484,0.8654,1.4048,0.0229,1647.4984,638.5716,0.9431,0.0462,0.193,6.6,838,excellent
234756.83,0.0706,0.8423,0.053,0.0084,2.1536,0.4061,0.6743,1.4244,0.0794,1093.0786,546.1817,0.7374,0.0905,0.3143,7.9,778,good
224865.05,0.0639,0.9595,0.0332,0.0044,1.3781,0.6983,0.8408,1.6193,0.0569,2815.7394,1479.7396,0.8502,0.0268,0.1842,1.4,823,excellent
282213.63,0.0244,0.8573,0.0317,0.0091,1.706,0.4398,0.6441,1.1188,0.1017,2937.6287,495.5324,0.811,0.117,0.2883,3.4,779,good
130176.68,0.0738,0.753,0.045,0.0149,2.7067,0.4228,0.7332,1.4104,0.0892,1924.7919,334.7794,0.7708,0.1138,0.2828,3.1,757,good
380661.66,0.0966,0.8405,0.0421,0.0121,2.7154,0.3552,0.6402,1.2132,0.1117,2692.6836,284.656,0.7946,0.0941,0.3315,5.1,755,good
4438.58,-0.2137,0.3918,0.4494,0.0856,6.6733,0.0249,0.1095,0.9581,0.4476,217.6256,18.5611,0.3459,0.4543,0.7218,4.9,483,bad
603501.49,0.0947,0.8571,0.0108,0.0073,1.8746,0.4767,0.8947,1.4428,0.0546,2199.9375,908.2681,0.8963,0.0383,0.1587,3.4,807,excellent
50579.09,0.0496,0.6293,0.0777,0.0111,3.8691,0.2736,0.3906,1.0614,0.189,447.6418,145.9229,0.7086,0.1889,0.3567,5.8,701,average
33032.32,0.0352,0.7303,0.136,0.0147,3.4157,0.2039,0.5693,1.1144,0.1583,265.1599,270.3915,0.6611,0.1776,0.5445,6.4,701,average
145006.51,0.0222,0.6177,0.0959,0.0151,3.7443,0.3368,0.4151,1.0603,0.152,399.3134,246.234,0.5516,0.1019,0.416,1.7,688,average
353859.26,0.0769,0.7883,0.0688,0.0111,1.6947,0.4628,0.5998,1.4742,0.0621,2104.3874,247.4266,0.7141,0.1123,0.382,6.4,766,good
19603.35,-0.0638,0.3493,0.4293,0.041,6.7253,0.033,0.1078,0.9391,0.3444,358.378,7.632,0.3373,0.5667,0.8791,3.9,538,bad
52488.16,-0.0762,0.4107,0.1702,0.0392,3.6822,0.1847,0.297,1.0972,0.2457,203.8366,68.1079,0.5642,0.2324,0.5697,5.2,636,poor
270639.54,0.1423,0.8471,0.035,0.0058,2.9587,0.3238,0.6416,1.3568,0.0665,1366.639,581.852,0.7749,0.1135,0.3228,2.4,785,good
96342.97,0.0052,0.621,0.1079,0.021,3.7948,0.1986,0.4024,1.0527,0.1905,1428.9504,234.594,0.5925,0.1669,0.3864,3.1,693,average
7646.96,-0.0299,0.395,0.2469,0.0288,4.3285,0.1886,0.2041,1.0256,0.2526,456.0022,75.9116,0.426,0.2488,0.5046,7.3,624,poor
11824.51,-0.104,0.2023,0.4369,0.0759,5.8992,0.0387,0.1114,0.9764,0.3843,328.1766,12.2008,0.2325,0.3961,0.7546,5.2,486,bad
58682.55,-0.0466,0.3597,0.1969,0.0295,4.9945,0.1498,0.2512,0.9611,0.2736,668.6548,82.804,0.3896,0.312,0.5653,2.9,592,poor
140865.56,-0.0156,0.6648,0.1281,0.0134,3.7111,0.1909,0.5213,1.053,0.1152,1434.6839,84.9529,0.563,0.1899,0.4523,2.2,682,average
258864.91,0.0276,0.7695,0.0453,0.0063,2.6736,0.3002,0.7089,1.1888,0.115,2788.9157,448.4796,0.8149,0.0784,0.3664,1.3,767,good
43492.13,-0.0059,0.736,0.1247,0.0127,2.3866,0.1829,0.5318,1.0136,0.1163,528.8163,96.4091,0.7153,0.1338,0.4471,2.1,729,average
298410.75,0.0344,0.8079,0.0329,0.0138,1.8445,0.3042,0.6876,1.184,0.0501,513.4566,755.3723,0.8346,0.0831,0.2387,1.2,780,good
227058.89,0.1253,0.7473,0.0689,0.0127,1.1249,0.3902,0.6568,1.3161,0.1076,2390.7163,753.4937,0.8544,0.0542,0.3112,4.6,785,good
55549.93,0.0187,0.5225,0.2198,0.0253,4.3646,0.1097,0.3215,1.1413,0.1952,781.2032,34.9366,0.5027,0.3424,0.5442,5.3,639,poor
19883.42,-0.0889,0.2515,0.4239,0.0696,4.5698,0.0235,0.2084,0.917,0.4616,108.4669,33.5662,0.3649,0.5068,0.8641,2.9,499,bad
58239.99,0.0493,0.62,0.0998,0.021,2.0333,0.3018,0.541,1.2104,0.1377,1104.7105,253.7136,0.6408,0.1916,0.4723,4.8,720,average
31006.47,0.0244,0.6096,0.0709,0.0229,2.0449,0.2256,0.4845,1.2294,0.1412,967.3454,299.2241,0.5607,0.1525,0.4737,5.5,699,average
127008.57,0.0602,0.7194,0.069,0.0169,2.578,0.2579,0.5876,1.103,0.1399,955.9825,250.1911,0.5682,0.1457,0.5053,1.1,711,average
460025.58,0.1293,0.8877,0.0281,0.0014,1.8399,0.4948,0.8337,1.4769,0.0408,4034.7243,200.9806,0.964,0.0329,0.1285,1.7,811,excellent
9333.71,0.0203,0.4528,0.1682,0.0204,3.0019,0.0855,0.2759,0.9976,0.275,171.2758,108.3035,0.5291,0.2641,0.5447,3.6,654,poor
84821.92,0.0521,0.5539,0.0695,0.0171,2.8289,0.2893,0.3877,1.0339,0.175,756.0448,271.0245,0.5709,0.1277,0.5338,4.8,707,average
11428.76,-0.0689,0.1815,0.2809,0.0607,7.5841,0.0898,0.1033,0.9797,0.449,114.4829,43.4799,0.1787,0.3524,0.709,1.7,510,bad
48460.25,0.0648,0.7136,0.1028,0.0147,2.9782,0.1939,0.4102,1.0999,0.1348,332.1156,222.3944,0.6965,0.1715,0.3507,2.2,703,average
58641.54,0.0443,0.6963,0.1094,0.0183,3.4247,0.2346,0.4514,1.0543,0.1669,421.4045,258.8415,0.5738,0.2031,0.3703,4.2,700,average
70142.37,0.0272,0.7029,0.1111,0.0153,2.2823,0.2545,0.4964,1.223,0.1732,345.7755,245.2624,0.6284,0.1428,0.4101,1.2,715,average
135796.06,-0.0131,0.5902,0.126,0.0178,3.2018,0.211,0.586,1.1539,0.1506,1356.5118,251.1421,0.6447,0.1423,0.3848,4.5,689,average
34733.5,0.0048,0.4677,0.1332,0.0369,3.3221,0.131,0.3052,0.9731,0.3017,447.5948,92.1982,0.4518,0.2682,0.5358,7.4,630,poor
102925.47,-0.0171,0.5574,0.0639,0.0189,2.6806,0.2187,0.3837,1.2718,0.1833,1088.8856,128.499,0.5662,0.1102,0.4689,0.9,677,average
137583.65,0.0624,0.728,0.0863,0.0206,2.6971,0.2684,0.588,1.2226,0.1843,266.7448,77.2994,0.625,0.1701,0.4962,3.8,727,average
18393.78,-0.1283,0.379,0.2657,0.0597,4.5933,0.0413,0.2374,0.8276,0.4473,105.9566,49.7711,0.3759,0.3814,0.6956,4.0,531,bad
9624.33,-0.2474,0.3553,0.3845,0.077,9.5015,0.0973,0.2024,0.8891,0.3167,86.8782,26.0605,0.1608,0.4447,0.7901,1.1,480,bad
734113.55,0.1137,0.8664,0.0218,0.0062,1.1215,0.5939,0.8968,1.3559,0.0299,4402.1258,426.1704,0.9246,0.029,0.1202,7.7,825,excellent
367140.33,0.0589,0.8343,0.0403,0.0057,1.6865,0.4394,0.7074,1.3481,0.0765,1505.1425,740.5088,0.7142,0.0952,0.3019,0.8,780,good
308871.92,0.0312,0.7735,0.0493,0.0088,2.1696,0.4136,0.6214,1.4949,0.0581,1449.5771,272.2695,0.8722,0.0891,0.332,5.2,781,good
263343.88,0.0691,0.7608,0.0334,0.012,1.8244,0.307,0.571,1.5996,0.0823,2871.9742,544.2242,0.7369,0.0828,0.3636,7.4,750,good
80605.78,0.0734,0.6518,0.0682,0.0195,3.3529,0.2571,0.4964,1.1737,0.1592,1232.521,280.9069,0.6478,0.169,0.359,1.6,703,average
120365.77,0.0671,0.7009,0.088,0.0228,2.4743,0.3213,0.4523,1.2246,0.1454,1299.6158,72.0543,0.5952,0.1236,0.4784,7.5,713,average
111668.19,0.0701,0.6515,0.0764,0.017,3.3038,0.2411,0.4926,1.2197,0.1214,569.1541,163.473,0.5524,0.1301,0.3965,7.6,693,average
137453.02,0.0251,0.7619,0.0628,0.0067,2.7398,0.4789,0.6722,1.4621,0.0749,1654.5632,105.126,0.8364,0.0453,0.2113,1.5,780,good
39029.7,0.0434,0.5789,0.1201,0.0182,2.9312,0.2799,0.5418,1.1424,0.1744,1477.8527,265.043,0.6476,0.1246,0.3855,4.1,705,average
35856.16,0.0105,0.6552,0.0679,0.0157,2.1005,0.182,0.5002,1.1346,0.1653,272.9177,281.7914,0.6824,0.1038,0.417,4.5,708,average
208204.38,0.0987,0.8934,0.0339,0.0078,1.026,0.5653,0.8538,1.3626,0.0501,945.3506,1012.6478,0.8708,0.0144,0.1811,5.0,806,excellent
63796.19,-0.0856,0.3885,0.225,0.0489,4.4219,0.0808,0.2565,0.9612,0.1875,784.8595,101.6305,0.5247,0.2528,0.673,6.1,584,poor
355554.28,0.1237,0.7959,0.039,0.0112,1.4165,0.3365,0.6783,1.2766,0.0566,2807.3731,429.2273,0.7142,0.0772,0.3637,4.9,756,good
72826.15,0.073,0.6663,0.1273,0.0126,2.8597,0.3297,0.5985,1.2109,0.1733,1243.0339,270.073,0.5934,0.1667,0.5082,1.3,716,average
116588.79,0.0776,0.7453,0.0688,0.0105,2.5832,0.3239,0.4087,1.1312,0.1044,724.7631,231.614,0.6799,0.212,0.5037,6.1,719,average
13289.79,-0.223,0.2935,0.3319,0.0591,6.5902,0.0318,0.2255,0.7505,0.4995,119.7557,37.7084,0.3079,0.5728,0.8666,3.9,492,bad
31305.46,0.0321,0.7036,0.1055,0.0113,2.5042,0.2491,0.3806,1.1739,0.1856,320.0489,187.6065,0.676,0.1183,0.397,5.0,704,average
22662.44,0.0286,0.5687,0.2426,0.046,4.6428,0.1376,0.2568,0.9612,0.1871,744.9516,100.6732,0.5737,0.2927,0.6505,4.6,613,poor
126785.43,0.0945,0.8488,0.0375,0.0052,2.2718,0.461,0.6829,1.1342,0.0642,2406.5978,294.4139,0.774,0.0757,0.275,5.7,789,good
50132.29,-0.0082,0.474,0.1319,0.0352,5.762,0.1583,0.3129,1.0491,0.2874,777.7022,30.6756,0.5549,0.2253,0.6168,7.1,611,poor
29953.04,-0.0113,0.674,0.1394,0.0184,2.279,0.2992,0.4036,1.0349,0.1419,290.2763,85.9392,0.6574,0.1393,0.4629,3.1,714,average
83283.83,-0.017,0.6947,0.1197,0.0126,3.9672,0.2016,0.5417,1.2776,0.1427,656.1017,72.5243,0.6613,0.1317,0.4565,4.7,704,average
141943.41,0.0388,0.7904,0.0794,0.0135,1.5997,0.465,0.555,1.411,0.0733,517.1089,449.4544,0.8338,0.0901,0.241,7.8,767,good
456957.65,0.2405,0.9013,0.0396,0.0046,1.8473,0.6259,0.7969,1.5458,0.048,2480.7953,474.757,0.8669,0.0493,0.2435,6.1,827,excellent
76198.28,-0.0164,0.745,0.0687,0.0177,3.0012,0.2622,0.4463,1.0437,0.1235,1323.3227,251.0407,0.6023,0.1369,0.4339,4.8,706,average
8792.99,-0.048,0.5089,0.2241,0.0393,3.2638,0.0948,0.3475,1.0531,0.2884,482.6914,23.4323,0.3838,0.2448,0.6886,2.4,605,poor
157836.94,0.0205,0.7232,0.0615,0.0227,3.6331,0.3488,0.42,1.0483,0.1878,604.3027,210.693,0.5974,0.1963,0.3873,6.5,693,average
6252.22,-0.2356,0.3247,0.2263,0.0668,8.9684,0.0698,0.2351,0.7148,0.2997,146.6079,47.2261,0.1983,0.6257,0.7687,3.4,486,bad
369259.46,0.0661,0.8344,0.0789,0.0149,2.4435,0.3517,0.6664,1.2424,0.1185,1666.6483,466.7184,0.8561,0.1137,0.3257,7.1,776,good
39972.14,-0.0927,0.4021,0.1346,0.0325,4.2803,0.1463,0.3126,1.0948,0.2458,684.3527,28.6267,0.3966,0.3072,0.6668,4.0,604,poor
718532.98,0.1594,0.9376,0.0315,0.0036,1.3519,0.6668,0.8251,1.3103,0.0461,3610.3446,727.6884,0.9538,0.0154,0.2315,7.2,829,excellent
712891.71,0.1864,0.8963,0.0231,0.0058,1.2459,0.6624,0.9286,1.5553,0.0499,4485.3819,455.6676,0.8918,0.0394,0.2258,5.5,847,excellent
369194.67,0.1114,0.8312,0.061,0.0137,2.1558,0.3577,0.7211,1.3517,0.0654,525.5472,739.0123,0.8329,0.0881,0.3619,7.2,769,good
21004.25,0.0128,0.4913,0.1629,0.0293,3.2721,0.0804,0.2038,0.9296,0.2865,738.4588,59.1642,0.5268,0.228,0.6112,3.5,638,poor
8841.46,-0.2273,0.2086,0.293,0.0738,7.0401,0.0473,0.1241,0.8129,0.4866,65.9651,35.2151,0.2877,0.3982,0.8336,7.3,476,bad
260457.67,0.2154,0.9103,0.0208,0.0066,1.7547,0.5702,0.9487,1.8268,0.0392,3835.1724,589.7235,0.9133,0.0223,0.1342,3.8,830,excellent
343411.25,0.1091,0.7845,0.0374,0.0095,2.11,0.4668,0.7494,1.3243,0.08,840.2669,411.7237,0.8606,0.0947,0.2288,1.8,798,good
112159.68,0.0636,0.6715,0.0925,0.0201,2.0604,0.2248,0.5821,1.157,0.1393,1083.2505,85.8549,0.668,0.1936,0.5055,2.1,709,average
87215.88,0.0449,0.825,0.0461,0.0095,2.4735,0.4,0.7264,1.3499,0.0737,1136.7276,405.4339,0.7139,0.0964,0.2055,3.7,772,good
84599.05,-0.0094,0.565,0.0972,0.0156,3.774,0.2524,0.4066,1.1475,0.1423,274.368,116.5773,0.6549,0.1652,0.3728,1.8,693,average
55140.82,0.0279,0.5328,0.1218,0.0499,5.6715,0.1021,0.2875,1.0239,0.1908,395.612,17.6537,0.3664,0.2836,0.6952,7.2,600,poor
360655.53,0.0439,0.8667,0.0488,0.0072,1.2263,0.4617,0.582,1.2393,0.0811,2947.2198,741.1159,0.701,0.0578,0.3126,2.0,783,good
48588.83,0.0558,0.586,0.1289,0.0124,3.1452,0.3198,0.4289,1.1957,0.1298,1204.1253,252.4471,0.5601,0.1997,0.4937,2.2,702,average
90428.89,0.0101,0.5506,0.1199,0.0249,3.5071,0.3239,0.3848,1.0134,0.101,1129.3289,66.8535,0.7132,0.2013,0.469,5.9,698,average
372908.35,0.0521,0.7477,0.0779,0.0074,1.1345,0.3308,0.6248,1.426,0.0732,2633.7675,141.5657,0.8113,0.0984,0.3979,1.8,770,good
346810.16,0.0583,0.7594,0.076,0.0109,1.2645,0.4624,0.5553,1.3822,0.1018,2999.5531,261.344,0.7227,0.1173,0.2539,6.2,751,good
11388.74,-0.2327,0.2649,0.347,0.0567,4.3934,0.0212,0.111,0.9325,0.339,82.5174,14.1417,0.2531,0.5366,0.8492,1.6,497,bad
39533.7,-0.0482,0.4381,0.2366,0.0243,3.0762,0.1545,0.2265,1.1022,0.212,103.1566,77.2746,0.5018,0.3583,0.6985,1.6,610,poor
493864.11,0.071,0.8809,0.0352,0.0046,1.4416,0.6793,0.8152,1.3978,0.0386,4890.064,873.8511,0.9464,0.0444,0.123,5.9,829,excellent
454447.95,0.1264,0.9247,0.0388,0.0072,1.7576,0.5972,0.9465,1.601,0.0238,4464.9497,1896.9608,0.8716,0.0287,0.1814,4.1,827,excellent
32278.25,-0.0474,0.3895,0.2162,0.028,4.4468,0.159,0.3714,0.9906,0.3094,703.5845,81.953,0.4233,0.2672,0.6729,5.7,612,poor
51755.03,0.056,0.7262,0.1117,0.0114,3.8915,0.3148,0.4341,1.0821,0.1287,945.417,194.4456,0.684,0.1727,0.481,3.9,726,average
61350.99,-0.0161,0.6934,0.1092,0.0107,3.5205,0.2777,0.434,1.2289,0.1539,430.9275,81.6837,0.6922,0.1112,0.5399,1.9,717,average
52512.64,-0.0929,0.5744,0.2331,0.0317,3.6552,0.1431,0.4067,0.9026,0.2601,259.7884,33.2137,0.4124,0.2162,0.6818,7.4,637,poor
375633.42,0.113,0.7823,0.0438,0.0132,1.2326,0.4498,0.642,1.332,0.0961,1470.9037,353.4086,0.8712,0.1115,0.3504,7.7,784,good
31174.52,-0.0113,0.7192,0.1096,0.0185,2.3449,0.2985,0.3891,1.0506,0.156,778.8852,109.3183,0.5954,0.1922,0.3836,1.3,702,average
148164.05,0.1295,0.7419,0.058,0.0054,2.3764,0.3346,0.6531,1.467,0.0686,2132.0924,785.477,0.7006,0.0671,0.3002,6.3,776,good
252456.2,0.054,0.7884,0.0452,0.0135,2.2702,0.4474,0.6087,1.3278,0.1169,1806.3757,293.0652,0.7823,0.0717,0.275,4.9,763,good
23738.24,-0.0701,0.2419,0.2742,0.0816,7.1168,0.0853,0.2069,0.8714,0.4864,102.2035,26.392,0.31,0.5231,0.6775,3.5,496,bad
151281.23,0.0547,0.788,0.0555,0.0071,1.7927,0.4289,0.6832,1.1111,0.0783,2252.1076,721.3648,0.7216,0.1146,0.2366,7.2,768,good
41886.85,0.0051,0.3607,0.1812,0.0262,4.2441,0.1166,0.3789,1.0741,0.2771,707.9206,67.8901,0.4608,0.272,0.6632,2.1,634,poor
12197.54,0.0124,0.507,0.1776,0.0322,3.6178,0.1807,0.3678,1.0006,0.2028,751.6528,85.9974,0.5523,0.2854,0.7076,3.7,632,poor
20286.92,-0.0723,0.2083,0.2226,0.0843,9.5323,0.0627,0.2198,0.7924,0.3377,191.8288,18.1372,0.1569,0.5654,0.7978,5.8,488,bad
153911.55,0.025,0.7488,0.1079,0.011,2.68,0.2716,0.4218,1.1104,0.1996,889.6525,289.2334,0.5962,0.1674,0.4525,3.2,715,average
8848.62,-0.0176,0.5694,0.1552,0.0267,3.3417,0.186,0.3161,1.1159,0.2862,744.797,25.8104,0.4996,0.2455,0.6699,4.0,648,poor
69697.94,0.0246,0.5596,0.0625,0.0194,2.0629,0.2889,0.5706,1.2577,0.1454,722.7445,177.46,0.6521,0.1498,0.3848,7.8,705,average
58196.32,-0.0125,0.658,0.0938,0.0189,2.2247,0.282,0.5768,1.2576,0.1171,813.9222,141.8974,0.5526,0.104,0.3767,5.3,715,average
100808.31,-0.0016,0.6006,0.1399,0.0202,3.7501,0.333,0.3979,1.0033,0.1746,1253.6584,281.9161,0.5742,0.1195,0.5254,2.9,687,average
44628.03,-0.0675,0.4366,0.2189,0.02,5.7549,0.1152,0.2826,0.9332,0.2871,582.7941,19.413,0.4316,0.3257,0.5935,3.5,595,poor
721606.78,0.164,0.9798,0.0175,0.0036,1.9391,0.55,0.7381,1.4383,0.0251,2597.1276,886.0871,0.9549,0.0342,0.1937,4.6,825,excellent
263270.68,0.044,0.8738,0.0582,0.0063,1.7677,0.3796,0.7433,1.5743,0.0898,1520.4536,232.4007,0.7621,0.0888,0.318,7.6,781,good
232984.45,0.1123,0.7922,0.0394,0.0142,1.8677,0.3602,0.5994,1.3626,0.0534,2868.8178,665.2356,0.8611,0.105,0.2191,7.0,775,good
86197.39,0.0199,0.718,0.118,0.0242,3.9132,0.2318,0.5235,1.068,0.1034,569.5175,283.3037,0.562,0.1361,0.3533,5.4,704,average
39974.26,-0.0094,0.4183,0.1215,0.0386,5.1283,0.0982,0.3141,0.9584,0.2964,121.6862,112.9112,0.5785,0.2771,0.7073,2.7,626,poor
147679.07,0.1448,0.8974,0.0288,0.001,1.6157,0.5523,0.9341,1.6014,0.0333,2817.226,1563.8522,0.9347,0.0393,0.2445,3.5,842,excellent
33221.99,0.0296,0.6492,0.1114,0.0111,3.9812,0.2394,0.4297,1.0258,0.1576,1062.2132,291.1595,0.5749,0.14,0.4744,2.9,699,average
100254.5,-0.02,0.6042,0.0945,0.0167,3.9175,0.2507,0.4083,1.0676,0.1986,1399.9065,270.0623,0.6676,0.1565,0.4143,2.6,692,average
37972.25,0.0152,0.5885,0.0805,0.0191,2.1467,0.3151,0.492,1.1033,0.1545,302.7698,231.5176,0.5662,0.2074,0.4404,7.0,709,average
338755.94,0.0216,0.7698,0.0746,0.0062,1.5526,0.3037,0.7022,1.4021,0.1052,1864.8292,224.7477,0.8448,0.0419,0.2418,0.6,776,good
32022.31,0.0192,0.5815,0.1158,0.0114,3.8026,0.228,0.4762,1.1801,0.1867,1139.0874,129.0619,0.621,0.124,0.5365,5.5,690,average
3127.0,-0.2113,0.3948,0.3789,0.076,7.6908,0.0633,0.2029,0.9078,0.4749,148.7516,15.0061,0.1711,0.5542,0.8776,4.7,477,bad
842540.8,0.2097,0.9374,0.0148,0.0011,1.2259,0.6762,0.8695,1.6332,0.0581,2326.1056,701.3286,0.9124,0.0379,0.2185,5.4,851,excellent
39439.79,-0.0452,0.5323,0.2245,0.0499,3.3968,0.1289,0.2546,1.0758,0.2607,745.9944,53.1467,0.5745,0.2248,0.5846,4.8,612,poor
439104.92,0.1368,0.8511,0.0113,0.0061,1.8871,0.4719,0.8583,1.4862,0.0203,3089.0784,417.2295,0.9617,0.0335,0.1889,3.5,806,excellent
71132.39,0.0657,0.6649,0.126,0.0245,2.0833,0.286,0.4974,1.0129,0.1863,802.5091,278.4802,0.7111,0.2121,0.4823,4.8,700,average
99306.2,-0.0079,0.6596,0.0911,0.0194,3.0588,0.2282,0.5646,1.0849,0.133,1474.4562,80.7941,0.5785,0.1953,0.4242,1.2,703,average
67441.66,0.0664,0.5809,0.0937,0.0238,2.0321,0.2134,0.556,1.0189,0.1504,235.3251,137.3593,0.5838,0.1005,0.4382,3.7,706,average
272161.89,0.06,0.8107,0.0328,0.0088,1.5284,0.4491,0.5928,1.44,0.0724,2847.4227,742.5306,0.805,0.0655,0.292,2.8,784,good
126016.35,0.0506,0.861,0.0657,0.0099,2.2544,0.4119,0.6292,1.5774,0.0762,1671.7686,640.3977,0.8747,0.1195,0.3388,3.7,782,good
365321.69,0.1097,0.8166,0.054,0.0129,1.2665,0.4131,0.7221,1.2445,0.0528,2671.4429,745.0916,0.758,0.101,0.3631,2.3,789,good
36204.31,0.0038,0.5865,0.106,0.0138,3.9832,0.1911,0.5157,1.0684,0.1798,871.1454,116.2671,0.5861,0.1356,0.482,7.0,688,average
9782.47,-0.1193,0.3023,0.2174,0.0731,5.3268,0.0224,0.2018,0.818,0.3426,136.0492,35.3046,0.1924,0.5775,0.8982,0.9,499,bad
9911.48,0.0043,0.3508,0.1926,0.0216,4.1354,0.0841,0.3352,0.9424,0.2505,312.9648,81.1683,0.3695,0.3483,0.6409,7.5,606,poor
557056.83,0.0505,0.9704,0.0349,0.0011,1.04,0.6266,0.7477,1.6558,0.0593,3464.0295,1628.9485,0.9727,0.0453,0.2193,3.9,835,excellent
54069.3,-0.0222,0.3678,0.1978,0.0412,4.2817,0.1507,0.3364,0.9787,0.2239,706.7428,77.7076,0.5341,0.2374,0.6812,6.8,611,poor
767473.34,0.0709,0.9301,0.0269,0.0034,1.2515,0.451,0.7183,1.7795,0.0375,3735.8495,1854.5713,0.8712,0.0464,0.2225,6.5,814,excellent
92996.82,-0.0059,0.743,0.0764,0.0179,3.0921,0.2621,0.4526,1.164,0.1848,287.6103,175.7607,0.6154,0.1092,0.4963,1.0,698,average
103434.83,0.0367,0.7094,0.0754,0.0202,2.4829,0.1806,0.5166,1.2755,0.1154,713.4629,71.0259,0.6927,0.1071,0.526,4.4,710,average
82262.92,0.0128,0.7017,0.1311,0.0153,3.9824,0.2093,0.4835,1.0824,0.1007,702.3393,156.0668,0.6386,0.1971,0.5117,5.5,693,average
93033.43,0.0096,0.5787,0.1278,0.013,3.0586,0.3351,0.5996,1.0051,0.1776,1287.4466,253.3514,0.6974,0.1876,0.4405,6.3,706,average
125789.22,0.0023,0.7466,0.1221,0.0142,2.1383,0.2257,0.5072,1.1752,0.1433,286.0776,197.9245,0.6514,0.2042,0.5339,6.0,722,average
294849.58,0.2007,0.8991,0.0307,0.0031,1.5094,0.6959,0.8433,1.6488,0.0456,1735.6425,652.1866,0.8524,0.0235,0.2243,2.9,822,excellent
244251.4,0.1467,0.7424,0.056,0.0111,2.742,0.3937,0.7189,1.1768,0.0659,1908.8034,408.013,0.7828,0.0629,0.2874,7.8,768,good
15239.12,-0.0212,0.5309,0.1876,0.0319,4.5429,0.1925,0.2233,1.0051,0.2143,636.5172,32.6731,0.555,0.2056,0.6414,4.3,630,poor
262024.65,0.1054,0.8228,0.0641,0.0087,2.9635,0.4059,0.7287,1.4822,0.0828,1751.6318,306.4307,0.7264,0.0705,0.2724,3.4,767,good
133297.96,-0.0173,0.5803,0.0737,0.0171,3.655,0.1896,0.5359,1.239,0.1978,611.2659,110.9105,0.6859,0.1651,0.4776,1.4,702,average
154894.29,0.0679,0.6589,0.1099,0.0106,2.9049,0.2157,0.4931,1.1058,0.1065,842.3463,55.1003,0.6488,0.1444,0.5475,2.0,716,average
265094.28,0.1086,0.7489,0.0768,0.0129,2.2053,0.4264,0.6167,1.1441,0.1115,1867.057,208.2804,0.8021,0.1031,0.3046,3.5,767,good
413194.49,0.0764,0.9125,0.0144,0.0049,1.3876,0.6017,0.7577,1.4924,0.0483,3583.5652,1729.1672,0.936,0.0343,0.1681,0.8,829,excellent
436115.89,0.0972,0.8632,0.0151,0.0066,1.8988,0.5045,0.7807,1.5382,0.0217,4345.4623,772.9251,0.9379,0.0113,0.119,5.7,815,excellent
201309.22,0.2276,0.9736,0.0295,0.0059,1.7525,0.6841,0.9444,1.8553,0.054,1633.4988,1164.3575,0.9077,0.023,0.2125,1.3,857,excellent
68600.93,0.0312,0.6027,0.1381,0.0186,2.5869,0.3355,0.5977,1.2458,0.1423,1313.0922,287.9825,0.6884,0.108,0.3936,6.5,711,average
256672.43,0.145,0.8438,0.0404,0.0054,2.1299,0.3177,0.6618,1.5609,0.0963,2106.3324,797.1508,0.7408,0.054,0.2181,5.5,787,good
47883.83,-0.0078,0.4394,0.2145,0.0304,4.8966,0.1228,0.2624,0.9206,0.2678,287.4143,112.8486,0.5637,0.2207,0.514,2.7,609,poor
49820.42,-0.0132,0.4389,0.2356,0.0412,3.7654,0.1475,0.3527,1.1027,0.2203,615.1608,28.4885,0.5364,0.3547,0.6179,2.2,622,poor
15010.73,0.0158,0.4456,0.1788,0.0237,5.2388,0.1988,0.291,1.1381,0.1802,798.1673,93.3936,0.5605,0.25,0.6785,3.4,626,poor
133656.14,0.0288,0.6734,0.0613,0.0171,2.9047,0.1923,0.4129,1.0913,0.1814,356.3869,116.3791,0.6549,0.1254,0.5054,7.8,700,average
282418.24,0.1635,0.9517,0.0207,0.0073,1.3814,0.6031,0.7837,1.7079,0.0263,1567.3723,1433.5564,0.8988,0.0452,0.2218,4.2,816,excellent
22567.46,-0.0702,0.2178,0.2721,0.081,9.25,0.0519,0.1039,0.86,0.3979,250.432,18.5311,0.3237,0.637,0.6665,6.0,479,bad
93660.49,0.0117,0.5627,0.13,0.0101,2.0279,0.2348,0.4336,1.1487,0.1435,323.1862,90.523,0.6687,0.1965,0.4504,3.9,707,average
119364.62,0.124,0.7977,0.0574,0.0105,1.1946,0.423,0.6311,1.3623,0.0796,822.1848,632.6903,0.851,0.0725,0.3096,4.5,771,good
95933.86,0.1447,0.7891,0.0468,0.0115,2.8848,0.482,0.5538,1.2632,0.1082,920.4992,618.6303,0.7173,0.1031,0.2055,0.7,754,good
248673.9,0.0575,0.9789,0.017,0.0078,1.1305,0.6162,0.7118,1.5644,0.0462,1201.5443,1393.8588,0.9298,0.0119,0.1113,1.6,819,excellent
20427.64,0.0082,0.4447,0.1568,0.0238,3.9128,0.1401,0.2656,1.101,0.2653,399.7378,15.5225,0.4107,0.2922,0.5945,1.7,634,poor
48473.09,0.0272,0.5964,0.0924,0.0216,2.6692,0.2102,0.4644,1.2879,0.1371,632.2703,260.2363,0.5955,0.1917,0.428,4.6,701,average
77673.8,0.0089,0.6383,0.1394,0.0141,3.5294,0.2538,0.4499,1.07,0.1208,954.7283,219.2439,0.7074,0.1153,0.4768,3.5,705,average
558728.78,0.2227,0.9407,0.0226,0.0024,1.6253,0.6828,0.781,1.4488,0.0464,2525.462,791.3425,0.9474,0.0199,0.1867,3.0,833,excellent
158513.38,0.143,0.7333,0.0497,0.0128,2.3116,0.4389,0.5677,1.2224,0.0848,1020.5481,191.5591,0.7106,0.0953,0.355,3.6,773,good
766916.65,0.2458,0.9018,0.0159,0.0064,1.783,0.5605,0.746,1.7497,0.0535,3944.3941,1984.6911,0.9323,0.0255,0.2054,4.8,826,excellent
88189.11,0.0465,0.7487,0.0688,0.0196,3.405,0.2452,0.4443,1.138,0.162,786.9472,214.7811,0.62,0.2067,0.3948,3.5,711,average
127140.51,-0.0119,0.5953,0.0818,0.0141,2.9525,0.2932,0.5633,1.197,0.1205,1091.3465,178.7046,0.5671,0.1055,0.4627,2.5,699,average
16320.3,-0.0866,0.3157,0.2208,0.0415,9.0905,0.0725,0.2369,0.9681,0.2885,235.3729,42.3857,0.246,0.4751,0.6798,3.5,556,bad
8352.39,-0.1899,0.189,0.215,0.0592,4.4481,0.0249,0.1613,0.9953,0.3012,343.0667,46.7664,0.1729,0.6262,0.7455,7.2,520,bad
244155.03,0.1328,0.7459,0.0766,0.0106,2.3104,0.3579,0.5738,1.5202,0.0822,2080.0023,321.9797,0.8636,0.1147,0.215,8.0,758,good
65256.79,0.0771,0.6815,0.0903,0.0217,3.9975,0.2088,0.5211,1.0357,0.1284,262.2507,224.5965,0.564,0.1403,0.4163,0.8,707,average
8687.94,-0.0177,0.4151,0.2137,0.022,5.1228,0.15,0.3314,1.0534,0.2529,740.431,52.6832,0.4398,0.2508,0.6254,6.0,612,poor
144215.75,0.0652,0.5868,0.1111,0.0113,2.3121,0.2487,0.5473,1.1085,0.1367,536.6877,267.2308,0.631,0.1796,0.3666,3.2,719,average
117287.6,-0.0097,0.551,0.1375,0.0247,2.8237,0.2721,0.393,1.0816,0.1972,1187.6052,166.324,0.6412,0.1009,0.4315,6.4,689,average
143304.66,0.0326,0.6216,0.1085,0.0189,2.0639,0.2264,0.3886,1.2254,0.1268,986.9414,70.1137,0.6134,0.1938,0.4909,4.5,691,average
2106.48,-0.0362,0.2223,0.3599,0.0962,6.1563,0.0592,0.2467,0.8796,0.3822,134.0924,10.7432,0.2743,0.6054,0.6559,4.9,496,bad
235498.71,0.0733,0.7927,0.0666,0.0113,2.1012,0.3351,0.6783,1.4371,0.1148,1058.1816,369.8681,0.8361,0.0798,0.3825,7.5,777,good
106453.02,0.0119,0.6164,0.0859,0.0152,2.986,0.2433,0.5059,1.2094,0.1021,1187.4286,88.5088,0.7021,0.1001,0.4338,6.7,714,average
225183.61,0.0555,0.791,0.0322,0.009,1.2878,0.3829,0.7353,1.3091,0.0892,1247.1023,729.2428,0.7105,0.0686,0.327,3.7,762,good
8337.92,-0.0633,0.3924,0.2167,0.047,3.5223,0.1162,0.201,0.908,0.1912,596.6066,47.3205,0.5156,0.2616,0.7073,2.9,588,poor
96143.49,0.1496,0.7541,0.0629,0.0112,1.6759,0.42,0.6218,1.5655,0.1094,1305.3963,476.4742,0.8459,0.082,0.2453,2.6,789,good
9854.14,-0.0887,0.4567,0.2406,0.0253,3.3577,0.1621,0.3299,1.125,0.2335,246.9412,105.136,0.5419,0.2713,0.717,5.0,633,poor
104312.17,-0.0151,0.6653,0.1114,0.0132,3.238,0.2632,0.4872,1.1811,0.1002,1039.9659,87.7899,0.6489,0.141,0.3699,1.6,720,average
133183.09,0.0027,0.6071,0.1224,0.0209,3.9548,0.2032,0.4316,1.2887,0.1651,809.34,278.1727,0.6409,0.1091,0.4163,4.8,693,average
11665.26,-0.1532,0.257,0.2146,0.0506,6.8256,0.0917,0.1511,0.7375,0.4524,106.0423,8.8943,0.3111,0.4463,0.7869,5.5,511,bad
75894.65,0.0135,0.5771,0.0759,0.0173,3.0783,0.2796,0.3958,1.0414,0.1819,871.8618,113.9658,0.6371,0.1497,0.5323,5.2,685,average
136003.71,0.0503,0.5646,0.0715,0.0166,3.1989,0.2865,0.5673,1.114,0.1209,1462.1684,236.2911,0.641,0.1309,0.4482,4.7,719,average
421895.09,0.1206,0.941,0.0218,0.0023,1.4451,0.6483,0.7551,1.9212,0.0225,1406.8996,529.5417,0.8864,0.0477,0.1331,5.5,824,excellent
46656.1,0.0614,0.6656,0.1167,0.0225,2.0434,0.2492,0.4104,1.0017,0.1413,368.498,187.5455,0.6056,0.1641,0.4168,2.7,713,average
107869.32,0.0016,0.687,0.0815,0.0121,2.262,0.1987,0.4762,1.2348,0.1371,205.6815,78.3095,0.5833,0.2072,0.4423,5.8,712,average
269162.04,0.0797,0.7526,0.0625,0.0103,1.1872,0.3906,0.6861,1.5734,0.119,860.0457,270.1108,0.78,0.0985,0.2312,7.0,772,good
47882.7,0.005,0.4481,0.1206,0.022,3.415,0.1753,0.2333,1.1054,0.2977,723.9389,90.6043,0.4691,0.2906,0.5591,5.5,629,poor
15388.94,-0.1567,0.3309,0.3595,0.0818,6.2871,0.0881,0.1888,0.776,0.4818,361.7284,44.4519,0.2879,0.3572,0.8963,1.7,490,bad
23026.85,-0.2322,0.3747,0.2729,0.0466,6.0699,0.092,0.2016,0.9684,0.4213,239.3127,7.1954,0.3689,0.5701,0.7943,6.7,538,bad
16809.71,-0.0175,0.3737,0.187,0.0265,3.9309,0.1184,0.3113,0.9493,0.2674,108.4156,111.8283,0.4688,0.2572,0.562,5.7,631,poor
118289.12,0.0284,0.5706,0.0675,0.0155,3.8557,0.2521,0.5557,1.2933,0.1113,939.3753,162.2059,0.6914,0.1526,0.4658,4.5,697,average
236125.04,0.0964,0.7875,0.052,0.0065,1.7392,0.3729,0.5979,1.2237,0.0959,2426.1593,456.4259,0.7508,0.071,0.3319,1.9,780,good
742895.17,0.0905,0.8697,0.0255,0.0024,1.901,0.5655,0.8197,1.569,0.0437,4206.6999,599.5614,0.8912,0.0355,0.2217,7.0,806,excellent
86645.67,0.0686,0.7185,0.1111,0.0215,2.4475,0.3271,0.5658,1.285,0.1793,809.8855,279.162,0.7115,0.1139,0.5258,4.5,711,average
258581.25,0.2215,0.8683,0.0189,0.003,1.2166,0.6195,0.713,1.8172,0.0393,4250.9333,1391.9872,0.9781,0.0138,0.1929,1.6,842,excellent
67428.98,0.0407,0.6947,0.0902,0.0228,2.3895,0.3124,0.3835,1.1845,0.1367,409.9199,254.2712,0.5979,0.1166,0.4849,3.5,702,average
157604.83,0.1073,0.7874,0.0681,0.0083,2.5772,0.4173,0.5665,1.5723,0.0526,2255.2475,130.6994,0.7715,0.1063,0.2303,3.9,769,good
185855.09,0.086,0.8342,0.0479,0.0139,2.2002,0.3216,0.6641,1.336,0.0564,1130.3728,269.7262,0.8613,0.0804,0.2826,7.4,783,good
478507.45,0.1121,0.92,0.0179,0.0072,1.9016,0.6971,0.8245,1.39,0.0201,4205.5448,1440.571,0.9455,0.0363,0.1031,3.7,821,excellent
715881.24,0.0906,0.8574,0.0293,0.0061,1.9884,0.5301,0.8052,1.7588,0.0287,3312.7453,1572.7289,0.9666,0.0425,0.1134,4.2,823,excellent
282537.47,0.1433,0.7737,0.0776,0.0056,2.0875,0.4887,0.7012,1.4125,0.0535,2348.9877,134.5583,0.7473,0.0577,0.2887,7.8,776,good
18605.29,-0.1803,0.2647,0.3744,0.0554,6.748,0.0203,0.1391,0.9153,0.2962,339.8731,49.9039,0.1584,0.4547,0.7871,3.1,511,bad
372791.14,0.1835,0.9288,0.0242,0.0039,1.8635,0.6119,0.8894,1.3727,0.0525,2593.9914,1442.1424,0.8628,0.0298,0.1597,4.9,839,excellent
15527.86,0.0202,0.3895,0.1407,0.0328,4.3049,0.1418,0.352,0.9028,0.2779,236.3014,82.576,0.3697,0.2711,0.6797,7.1,617,poor
298904.36,0.0824,0.7444,0.0461,0.011,1.992,0.3593,0.6598,1.194,0.089,2898.98,472.5408,0.7571,0.1139,0.3837,1.3,752,good
117561.46,0.0893,0.7328,0.0357,0.0148,2.0512,0.3079,0.7246,1.2805,0.0531,2295.9983,228.545,0.7486,0.0963,0.2362,7.0,764,good
26104.78,-0.0983,0.4981,0.1709,0.0388,4.4802,0.1005,0.3659,0.9057,0.2726,520.5087,30.6697,0.3917,0.2409,0.5416,1.3,621,poor
16372.27,-0.1526,0.2149,0.4012,0.0671,5.4353,0.0956,0.2049,0.7865,0.2855,333.1404,27.2668,0.3298,0.3776,0.8105,6.4,513,bad
168700.66,0.1422,0.755,0.0465,0.0057,1.7616,0.3858,0.6598,1.3682,0.1076,1384.8396,711.7989,0.7358,0.0998,0.2535,6.4,767,good
21292.33,-0.131,0.2101,0.2073,0.0798,6.7643,0.0492,0.1601,0.9773,0.4782,151.7547,12.1581,0.3533,0.4726,0.851,2.1,501,bad
25369.62,-0.0923,0.5787,0.1241,0.0252,3.8074,0.1356,0.3612,0.902,0.2441,296.2549,111.3654,0.5244,0.3365,0.6248,6.2,638,poor
255177.71,0.1618,0.8957,0.0206,0.0057,1.6891,0.609,0.775,1.5404,0.0463,4829.5701,369.5839,0.8773,0.0191,0.1097,7.4,830,excellent
12406.27,-0.0815,0.5011,0.1949,0.0282,5.6068,0.1281,0.2406,1.0152,0.217,485.9525,103.2517,0.4375,0.233,0.6469,6.5,599,poor
48287.26,-0.0186,0.4845,0.1621,0.0224,4.9967,0.1908,0.2757,0.9894,0.2858,253.9437,62.6443,0.3572,0.3377,0.5299,7.8,634,poor
115209.49,0.0669,0.5834,0.094,0.0232,2.3476,0.2521,0.493,1.1577,0.1511,1218.5969,154.9396,0.5772,0.1707,0.5366,3.3,687,average
95136.4,0.0629,0.8185,0.0595,0.0064,2.6418,0.4829,0.6908,1.3094,0.0659,2509.5725,763.35,0.8714,0.0572,0.3563,7.6,783,good
177826.93,0.026,0.8287,0.0576,0.0129,1.4751,0.3493,0.5765,1.2809,0.076,1446.4918,229.3638,0.8097,0.0488,0.2662,5.1,773,good
123438.87,0.0464,0.6671,0.0987,0.0202,2.2144,0.1827,0.4124,1.1754,0.1949,1416.9659,197.2887,0.6163,0.1939,0.4179,7.1,695,average
535918.13,0.1294,0.967,0.0336,0.0041,1.6794,0.5588,0.821,1.841,0.0344,3172.4962,1428.4004,0.9134,0.0277,0.1438,1.7,838,excellent
325886.15,0.0517,0.7991,0.0606,0.0139,2.4896,0.3619,0.6192,1.1276,0.0916,1757.4973,416.8124,0.7714,0.059,0.3558,6.3,760,good
200580.13,0.0987,0.9214,0.014,0.0022,1.0485,0.6376,0.725,1.4712,0.035,1222.3102,758.9079,0.8694,0.0139,0.1803,4.6,823,excellent
18800.16,-0.0265,0.5035,0.1312,0.0482,4.4367,0.1095,0.2837,0.9032,0.2849,514.7577,47.1569,0.4618,0.2868,0.5102,2.2,602,poor
567903.01,0.1566,0.9289,0.0131,0.0025,1.0064,0.5428,0.8912,1.9175,0.0434,1138.1139,676.6965,0.9335,0.0245,0.2402,7.0,835,excellent
85670.93,0.055,0.7193,0.0792,0.0153,2.2131,0.3062,0.5483,1.1145,0.1776,907.0736,284.3885,0.6133,0.1593,0.4418,5.7,733,average
332590.2,0.1351,0.7481,0.0512,0.0123,1.0017,0.4903,0.5721,1.5028,0.0791,741.9058,308.7332,0.8127,0.0482,0.2371,7.7,769,good
105476.82,0.0702,0.7354,0.0773,0.0183,3.5588,0.2193,0.3862,1.1624,0.1486,984.3568,206.5811,0.6183,0.1272,0.5186,4.5,707,average
65619.57,-0.0156,0.6028,0.0902,0.024,2.2903,0.196,0.4995,1.0511,0.1514,564.9956,72.2601,0.5827,0.1105,0.3728,3.4,702,average
64537.81,0.0414,0.6749,0.0646,0.0124,3.7365,0.1981,0.4073,1.0837,0.1854,1227.6857,296.8396,0.6105,0.1885,0.4606,6.7,686,average
131023.18,-0.0032,0.6422,0.1364,0.0225,2.8973,0.2103,0.5707,1.1243,0.1419,596.6148,146.7354,0.633,0.1673,0.3642,1.2,711,average
344932.74,0.0849,0.7882,0.0547,0.0069,2.3665,0.3343,0.6278,1.5012,0.0984,1553.9792,184.374,0.8508,0.0462,0.3228,1.4,762,good
33210.47,-0.0556,0.4469,0.2458,0.046,5.0402,0.19,0.3206,1.1077,0.2014,695.428,119.915,0.4001,0.3138,0.532,3.3,617,poor
52524.46,0.0176,0.3744,0.2114,0.0255,3.5636,0.1773,0.2267,1.0355,0.2127,518.7639,52.5908,0.3725,0.2374,0.67,6.7,612,poor
112852.9,0.0229,0.6823,0.089,0.0218,3.0768,0.2031,0.4411,1.2188,0.1562,1174.0358,197.3914,0.5799,0.1129,0.4467,6.3,687,average
44325.33,0.0279,0.5953,0.0835,0.0102,3.8398,0.232,0.5231,1.1939,0.1735,1428.6254,64.455,0.6548,0.2055,0.5179,3.9,708,average
303680.93,0.0919,0.8565,0.0378,0.0149,1.0616,0.4386,0.5989,1.5184,0.0757,2244.2666,315.3552,0.774,0.0961,0.3876,2.7,781,good
119943.06,0.0697,0.6435,0.0856,0.0225,2.2685,0.3226,0.5978,1.2053,0.1624,861.1421,254.4095,0.6155,0.1091,0.5304,1.9,701,average
280909.66,0.1418,0.7877,0.0387,0.0067,1.6939,0.3463,0.6267,1.3843,0.0565,663.5625,675.9041,0.8408,0.0553,0.3354,3.4,789,good
354769.82,0.1077,0.8062,0.0415,0.0074,1.4174,0.3742,0.7378,1.4688,0.0767,2756.3247,278.0813,0.7067,0.0748,0.3617,2.5,766,good
722218.02,0.0826,0.9487,0.0268,0.0073,1.5231,0.6054,0.7933,1.4904,0.0594,2814.3377,1336.7995,0.8511,0.0328,0.221,6.7,831,excellent
656805.16,0.2096,0.8942,0.0141,0.0046,1.4553,0.6836,0.9465,1.8177,0.0444,2488.2536,879.1244,0.9752,0.0272,0.1884,4.4,841,excellent
215199.94,0.0307,0.7242,0.0679,0.013,1.5214,0.4903,0.6932,1.5727,0.0572,1480.4725,680.4885,0.7754,0.0982,0.2,1.1,771,good
10436.57,-0.0459,0.3958,0.3439,0.0597,9.2977,0.0994,0.1273,0.9278,0.2837,167.2933,23.4032,0.3471,0.523,0.8871,5.7,517,bad
13475.09,0.0247,0.5442,0.163,0.0494,5.0475,0.1089,0.2712,1.0764,0.2487,621.1977,94.3348,0.5511,0.2542,0.7184,7.2,614,poor
330621.78,0.031,0.8432,0.0725,0.0064,2.0985,0.3755,0.6167,1.5834,0.0927,1020.9906,631.3644,0.8157,0.0803,0.2738,4.3,782,good
179311.18,0.1018,0.7613,0.0554,0.011,2.4944,0.4437,0.5965,1.3686,0.0972,876.348,255.6452,0.7792,0.0737,0.2954,2.1,778,good
365905.41,0.0778,0.7701,0.0321,0.0111,2.819,0.483,0.6711,1.5069,0.0685,1739.4882,641.3683,0.7674,0.0618,0.2574,7.2,766,good
92380.54,0.0081,0.603,0.072,0.0244,2.96,0.2594,0.3977,1.179,0.1351,587.4619,59.7682,0.6782,0.192,0.4803,4.1,696,average
48590.9,-0.0554,0.4708,0.2446,0.03,4.9717,0.1239,0.2752,0.9451,0.208,573.7838,113.8561,0.4489,0.2057,0.6504,1.6,622,poor
28647.67,-0.0452,0.3681,0.2096,0.0379,4.7031,0.1683,0.3834,1.1484,0.1921,171.2616,108.1068,0.4655,0.3348,0.5985,4.9,608,poor
93109.03,0.02,0.6802,0.1226,0.0158,3.7709,0.3004,0.3835,1.1119,0.1133,725.3509,294.2672,0.6496,0.102,0.4784,2.6,711,average
104002.21,0.0222,0.7329,0.0654,0.0108,2.1345,0.3289,0.497,1.1128,0.1308,599.7868,265.5799,0.5862,0.1709,0.3681,6.8,734,average
40174.36,0.0191,0.402,0.1856,0.0394,5.5149,0.1991,0.3182,1.0869,0.278,701.5811,58.4301,0.5629,0.3556,0.6054,7.5,602,poor
308229.82,0.1744,0.9185,0.0261,0.0055,1.6938,0.5722,0.8506,1.5406,0.0449,3403.4822,1655.9226,0.9179,0.0382,0.2016,4.5,842,excellent
242452.74,0.1425,0.7355,0.041,0.0103,2.9092,0.3183,0.7283,1.4827,0.1013,2981.8813,772.3621,0.7117,0.0607,0.277,6.2,769,good
12902.44,-0.0918,0.4223,0.1814,0.0258,3.272,0.0905,0.3592,0.922,0.2149,332.6381,82.3169,0.4334,0.3528,0.7095,6.8,602,poor
71918.53,0.0257,0.6983,0.1166,0.0136,3.6004,0.2353,0.575,1.0359,0.1558,1465.8795,195.3853,0.5667,0.1488,0.4728,4.6,699,average
285365.74,0.0222,0.8632,0.0744,0.0135,2.4534,0.4273,0.582,1.225,0.106,808.7447,474.8831,0.7751,0.0803,0.2252,7.9,767,good
250751.09,0.1412,0.7338,0.0302,0.0085,1.4608,0.4324,0.6768,1.5612,0.1163,1379.2376,190.6544,0.7239,0.0902,0.2098,2.0,766,good
5226.97,-0.1696,0.2238,0.2466,0.083,4.2682,0.0742,0.167,0.9777,0.4214,297.274,11.6339,0.2953,0.5048,0.654,4.7,501,bad
414983.64,0.1456,0.7267,0.059,0.0076,1.1669,0.4005,0.6957,1.3525,0.0805,2907.3419,281.7097,0.7063,0.112,0.2658,7.7,771,good
140716.88,0.1057,0.7284,0.0624,0.0139,1.2761,0.4183,0.7269,1.5961,0.106,2670.3404,489.2088,0.7016,0.0624,0.3661,5.2,772,good
9207.57,-0.1934,0.1921,0.3796,0.0574,4.4405,0.0769,0.1007,0.8379,0.4039,66.7229,21.2759,0.2208,0.3884,0.7098,4.9,496,bad
230086.4,0.0872,0.8504,0.0564,0.0127,2.6694,0.3663,0.6878,1.1746,0.1124,1418.8999,564.473,0.8192,0.0931,0.3745,6.6,779,good
116828.92,0.0482,0.7164,0.0988,0.0161,2.9904,0.1831,0.5888,1.0836,0.1802,484.4541,293.1272,0.6748,0.1689,0.5162,4.4,700,average
96264.26,0.0257,0.6053,0.1374,0.011,3.2722,0.345,0.4649,1.2662,0.1929,757.1051,124.0399,0.5705,0.1898,0.3736,5.8,701,average
101461.28,0.0038,0.6945,0.1331,0.0107,3.9108,0.2397,0.4909,1.0551,0.1835,714.8034,89.8345,0.5564,0.191,0.4155,5.1,701,average
533385.47,0.2033,0.9067,0.0308,0.0077,1.8045,0.6686,0.9427,1.4922,0.0517,1625.4473,740.0218,0.8507,0.0435,0.15,3.6,844,excellent
139820.72,-0.0159,0.7281,0.0988,0.014,3.4955,0.3484,0.5193,1.0413,0.1136,1017.8643,234.8406,0.6172,0.1836,0.5087,3.1,700,average
744710.66,0.2259,0.9734,0.0391,0.0061,1.8498,0.6123,0.8641,1.69,0.0544,3629.026,1017.1797,0.9637,0.032,0.1134,3.2,835,excellent
483091.23,0.1187,0.9366,0.0368,0.0059,1.9382,0.6018,0.7162,1.6383,0.0348,1443.3423,1419.6551,0.8861,0.0138,0.146,6.3,816,excellent
82027.92,0.0179,0.6138,0.1318,0.0172,2.7233,0.2315,0.5148,1.1946,0.1708,1030.2412,119.5386,0.7173,0.1518,0.4442,4.1,698,average
67533.67,-0.0087,0.5921,0.1075,0.017,3.9882,0.2929,0.4042,1.2849,0.1643,801.0468,263.2901,0.6803,0.1737,0.4026,7.6,702,average
400095.33,0.1024,0.7694,0.0497,0.0083,2.2974,0.3935,0.6739,1.257,0.0666,861.4184,356.703,0.7671,0.0842,0.3668,2.2,771,good
38438.94,0.0182,0.4945,0.1353,0.0258,3.5029,0.1056,0.3619,1.0968,0.2693,410.8277,46.5612,0.457,0.2453,0.6775,1.7,636,poor
38699.5,0.0293,0.4692,0.1482,0.0482,4.1186,0.172,0.2082,1.0154,0.2067,677.2519,25.5812,0.3679,0.2626,0.6491,4.7,598,poor
66883.23,-0.0102,0.7308,0.0725,0.0212,2.7303,0.3178,0.432,1.1649,0.1791,960.9903,155.7441,0.6651,0.1424,0.3896,1.8,726,average
59893.51,-0.07,0.4294,0.1338,0.0258,3.0219,0.1127,0.2104,1.017,0.3,215.4779,81.7016,0.5744,0.2408,0.5891,2.1,619,poor
58623.16,-0.0986,0.3619,0.1793,0.0416,5.4138,0.1729,0.2961,0.9912,0.2939,372.8823,17.6449,0.39,0.353,0.5399,5.8,586,poor
638415.87,0.1844,0.9744,0.0339,0.0022,1.2639,0.6144,0.7806,1.4113,0.0351,4677.7462,1254.0456,0.9527,0.0319,0.2209,7.5,835,excellent
291899.95,0.0612,0.7658,0.0338,0.0102,2.5946,0.4375,0.6831,1.4823,0.0987,713.3202,367.4326,0.781,0.0809,0.2037,5.8,757,good
56298.77,0.0221,0.4098,0.2072,0.025,5.8384,0.1113,0.3149,0.9496,0.2253,782.3443,109.437,0.3756,0.2797,0.6192,4.5,598,poor
7529.15,-0.143,0.1861,0.3509,0.0402,6.5264,0.0586,0.2225,0.891,0.3208,82.8332,11.6277,0.2148,0.5071,0.779,3.8,525,bad
226128.19,0.0588,0.8142,0.0342,0.0054,2.4358,0.4369,0.5961,1.4409,0.0771,2779.3068,657.2593,0.8024,0.1172,0.3439,6.5,775,good
256927.84,0.0444,0.879,0.0371,0.0089,2.909,0.3925,0.585,1.5804,0.1146,667.4618,274.2778,0.8622,0.0983,0.3562,6.0,758,good
695746.01,0.1707,0.8759,0.0398,0.0048,1.756,0.6569,0.748,1.8874,0.0456,817.8993,851.758,0.8811,0.0421,0.2277,4.4,817,excellent
48735.89,0.0371,0.6235,0.1361,0.0187,2.9644,0.2783,0.585,1.1017,0.1758,983.7675,65.9912,0.7079,0.1098,0.4472,1.6,696,average
248534.27,0.0501,0.8215,0.0578,0.0082,1.4781,0.377,0.6018,1.478,0.0817,2581.8208,420.2536,0.8558,0.0748,0.2121,1.2,768,good
56314.29,0.0028,0.5854,0.1064,0.0163,3.6574,0.3033,0.4533,1.2265,0.15,1474.0314,298.5817,0.6078,0.1935,0.4104,5.3,695,average
15925.94,-0.0933,0.4867,0.2303,0.0467,4.0796,0.1496,0.3957,1.1007,0.2379,182.1569,26.2878,0.4613,0.3788,0.604,6.9,604,poor
65841.26,0.0789,0.5549,0.0763,0.0102,3.0149,0.3426,0.4636,1.2575,0.1742,214.8301,152.807,0.673,0.1875,0.3864,2.1,718,average
74204.38,-0.0159,0.6809,0.1056,0.0234,2.8125,0.244,0.4893,1.1768,0.1879,1250.2662,279.9275,0.5619,0.1942,0.361,7.2,686,average
393998.33,0.0514,0.846,0.0408,0.0109,1.4596,0.356,0.5545,1.3006,0.0996,568.8249,693.7147,0.8706,0.0853,0.3949,1.7,773,good
61595.21,0.0515,0.5597,0.1228,0.0229,2.5298,0.2703,0.5622,1.1009,0.1532,1213.8341,128.5671,0.5681,0.2154,0.4764,1.2,694,average
335181.5,0.0824,0.8575,0.0776,0.0105,2.2751,0.3893,0.6294,1.4394,0.0529,2305.2668,765.6688,0.7304,0.0599,0.215,7.8,785,good
15288.92,0.0151,0.4643,0.2274,0.041,3.7548,0.0989,0.2681,0.9906,0.2372,503.3941,26.8755,0.5606,0.3039,0.5681,4.7,605,poor
44690.43,-0.0179,0.6862,0.1184,0.0198,2.0073,0.3029,0.4876,1.0893,0.1947,286.8702,111.611,0.6347,0.1165,0.523,2.8,715,average
354469.26,0.0499,0.8354,0.0328,0.0103,2.534,0.3585,0.6586,1.5694,0.0632,533.4921,777.3167,0.7914,0.0795,0.3804,3.9,758,good
588876.67,0.1563,0.915,0.013,0.0054,1.007,0.5412,0.8806,1.6958,0.0399,4921.1096,1955.7762,0.937,0.0111,0.1194,3.5,825,excellent
123310.54,0.0554,0.6671,0.1004,0.0189,2.2063,0.271,0.5863,1.2726,0.1914,1253.7203,60.1046,0.6932,0.1962,0.4792,6.7,718,average
54448.92,-0.0242,0.3864,0.1369,0.038,4.5514,0.1454,0.3525,0.9445,0.2714,766.7288,116.6239,0.5604,0.331,0.5518,2.7,617,poor
93829.46,0.0404,0.7234,0.089,0.0117,3.808,0.308,0.5673,1.0668,0.1519,1079.2537,51.1828,0.5766,0.2099,0.3594,5.2,710,average
195852.09,0.1898,0.9128,0.0243,0.0019,1.879,0.5514,0.8736,1.9783,0.0533,1328.7411,671.0583,0.87,0.0113,0.1619,4.8,818,excellent
44981.41,-0.076,0.3919,0.1604,0.022,4.474,0.184,0.2926,1.1424,0.1818,108.0678,21.9064,0.4112,0.3653,0.6754,1.3,612,poor
12448.37,-0.1404,0.3836,0.4457,0.055,7.5708,0.0832,0.1082,0.9307,0.316,155.4182,37.7867,0.2043,0.4473,0.6607,5.6,519,bad
137573.83,0.0506,0.6136,0.1127,0.0108,3.8422,0.2099,0.4347,1.1202,0.1493,386.6907,223.3857,0.5604,0.1519,0.5401,3.9,685,average
45078.83,-0.0773,0.4578,0.2102,0.03,3.5944,0.1793,0.3817,0.9247,0.211,113.7857,65.5472,0.4138,0.2447,0.6976,7.0,610,poor
37109.62,0.003,0.559,0.1333,0.016,2.251,0.3197,0.4519,1.2457,0.1487,316.7067,286.2746,0.6051,0.2031,0.3608,5.9,712,average
47576.79,0.0613,0.7212,0.0705,0.0135,3.6016,0.1861,0.487,1.1551,0.1586,1297.8247,253.7968,0.6746,0.2063,0.5307,1.0,716,average
245323.19,0.0358,0.8691,0.0516,0.0073,2.9176,0.4264,0.5763,1.2388,0.0672,2599.7389,401.4083,0.8341,0.0507,0.3704,6.9,782,good
183288.92,0.0931,0.7817,0.0704,0.0117,1.8401,0.3891,0.7255,1.253,0.098,2231.826,395.7207,0.8643,0.0804,0.349,0.8,762,good
101098.21,0.0007,0.6062,0.1379,0.0159,2.2292,0.3395,0.5021,1.0342,0.1967,815.0718,179.2708,0.6099,0.1633,0.487,4.4,714,average
441027.35,0.0812,0.9135,0.0347,0.0061,1.9835,0.4781,0.8672,1.9054,0.0379,3455.5492,1024.5825,0.8957,0.0213,0.1699,1.8,821,excellent
252492.64,0.0735,0.8627,0.043,0.0098,2.1286,0.4888,0.6258,1.3576,0.0792,1431.4356,707.8781,0.7608,0.0793,0.2202,3.1,777,good
54069.39,0.0732,0.5533,0.0626,0.0152,3.6698,0.2388,0.4529,1.2373,0.124,810.6431,163.9726,0.6851,0.1022,0.39,7.4,713,average
49205.08,0.0175,0.7136,0.087,0.0104,2.1156,0.2382,0.5098,1.0094,0.1994,1135.8976,213.1101,0.6496,0.1661,0.3918,1.6,715,average
32082.05,0.038,0.6082,0.085,0.0192,3.2369,0.2184,0.3839,1.2075,0.1714,338.2636,297.8133,0.6463,0.1773,0.4128,2.1,701,average
34003.01,-0.0034,0.6,0.0704,0.0234,2.5739,0.2433,0.5436,1.1355,0.1848,1439.49,87.9576,0.5634,0.1443,0.4628,6.3,686,average
54780.86,-0.0717,0.3792,0.1885,0.0288,3.8262,0.1562,0.2074,1.0392,0.292,391.3989,49.2704,0.4589,0.3101,0.6824,5.8,615,poor
671137.59,0.0969,0.86,0.021,0.0026,1.0737,0.6589,0.7275,1.6731,0.0478,2397.0879,885.1672,0.9263,0.0149,0.1395,1.9,834,excellent
46460.4,-0.02,0.5187,0.2301,0.0314,4.9733,0.1519,0.3954,1.0816,0.2373,486.5481,96.5916,0.4166,0.3744,0.5485,6.7,610,poor
180852.38,0.0351,0.8598,0.0634,0.0081,1.9009,0.4005,0.6328,1.3863,0.0692,619.416,799.5267,0.7696,0.048,0.3321,5.7,773,good
88191.9,0.0069,0.5609,0.1181,0.0104,2.4296,0.3488,0.4789,1.0775,0.1627,997.4679,292.0898,0.6265,0.1725,0.3959,3.9,713,average
318100.18,0.0786,0.7574,0.0333,0.0115,1.0909,0.3978,0.7396,1.2207,0.098,590.5143,118.7336,0.7961,0.0725,0.2665,0.6,764,good
114561.87,0.0436,0.7133,0.1073,0.0176,3.0335,0.2594,0.5776,1.0739,0.1808,232.9591,53.9249,0.7016,0.1958,0.3508,2.8,718,average
3568.72,-0.2255,0.3259,0.3058,0.0431,4.2191,0.0693,0.1089,0.7278,0.3431,80.1459,48.7282,0.232,0.6048,0.7557,1.3,520,bad
104632.86,0.0619,0.6954,0.0888,0.0236,3.7529,0.3087,0.4484,1.2084,0.1586,434.146,202.892,0.7166,0.1257,0.4272,7.9,718,average
109121.73,0.0729,0.5892,0.1197,0.0184,2.698,0.2694,0.5687,1.2909,0.1244,1008.2544,265.0968,0.662,0.1466,0.4406,2.5,717,average
249128.38,0.0332,0.8596,0.0712,0.0096,1.2506,0.4762,0.5743,1.1681,0.0517,2243.7149,511.2136,0.8102,0.1148,0.2742,3.7,772,good
36179.97,-0.0691,0.5021,0.1818,0.0452,3.2972,0.1449,0.2869,1.1384,0.2616,205.6408,48.8262,0.489,0.3534,0.512,0.5,628,poor
132179.91,0.026,0.6624,0.123,0.0245,3.494,0.2866,0.398,1.2843,0.1855,201.5695,214.8723,0.6445,0.1168,0.5028,3.7,686,average
384704.0,0.0296,0.7622,0.0431,0.0062,2.3525,0.4888,0.6432,1.414,0.094,1531.7299,730.7313,0.7653,0.0654,0.2838,4.1,758,good
282476.23,0.1016,0.8348,0.0714,0.0066,1.8269,0.4529,0.6881,1.3182,0.0667,1766.8574,321.8049,0.8126,0.0873,0.2828,1.4,778,good
47925.6,0.0047,0.5596,0.1427,0.0466,3.7212,0.15,0.3331,1.0562,0.2249,702.0531,113.3097,0.422,0.3633,0.5912,1.6,619,poor
12382.5,0.0018,0.4012,0.126,0.0277,4.815,0.1424,0.2705,1.0249,0.1919,333.7606,88.7605,0.4866,0.3188,0.6527,7.0,636,poor
59091.59,0.024,0.4576,0.1351,0.0254,5.1734,0.1276,0.3595,0.9541,0.2066,456.104,22.6083,0.5331,0.2315,0.5703,0.6,643,poor
279673.01,0.1037,0.7434,0.066,0.0077,1.1707,0.3129,0.6851,1.5938,0.1174,1640.124,252.8926,0.795,0.0519,0.271,2.9,768,good
2747.19,-0.032,0.3249,0.3445,0.05,5.5165,0.071,0.1037,0.8399,0.4915,343.4962,12.7078,0.1754,0.6164,0.8207,3.2,508,bad
458284.36,0.0545,0.8883,0.0263,0.0028,1.6734,0.5592,0.8791,1.643,0.0479,4000.5363,576.8131,0.9014,0.0126,0.1937,1.5,815,excellent
756910.54,0.0916,0.8562,0.0163,0.0011,1.4518,0.4823,0.7806,1.4075,0.0462,1769.8379,1469.701,0.8748,0.0209,0.1214,5.8,807,excellent
72598.03,-0.0076,0.718,0.1228,0.0192,3.6723,0.2601,0.5287,1.0028,0.1206,201.8655,137.1922,0.7047,0.1077,0.3538,1.3,710,average
274935.11,0.0737,0.8309,0.0558,0.0109,1.5914,0.3238,0.5512,1.5091,0.0958,2910.8093,385.5618,0.8032,0.0964,0.2197,4.2,757,good
16733.09,-0.0407,0.4524,0.1595,0.0305,3.813,0.0869,0.3539,1.0783,0.2496,383.2143,113.534,0.5216,0.3217,0.6311,2.9,612,poor
91906.14,0.0307,0.7912,0.0566,0.0052,1.4759,0.3509,0.7428,1.5012,0.0874,2493.8267,104.8951,0.8367,0.0777,0.3674,4.6,782,good
350121.4,0.0259,0.8378,0.0476,0.0091,1.6424,0.3992,0.6715,1.5263,0.0575,970.9173,414.4491,0.8066,0.0839,0.2037,5.5,773,good
58465.79,-0.0258,0.5597,0.1251,0.0427,5.6346,0.1591,0.4121,0.9454,0.2887,240.9923,89.4786,0.4869,0.2677,0.5017,7.8,621,poor
20093.47,-0.078,0.3326,0.3431,0.0853,6.875,0.0907,0.2238,0.738,0.3031,367.2271,19.7762,0.2406,0.3646,0.8458,2.6,502,bad
44972.26,0.0573,0.6016,0.0788,0.0186,2.7919,0.2213,0.5366,1.269,0.1009,205.2947,101.6751,0.6499,0.1739,0.546,4.3,718,average
396067.82,0.2311,0.8721,0.0228,0.0037,1.7712,0.5358,0.8635,1.5084,0.0381,2289.5572,1222.4811,0.9396,0.0112,0.22,6.9,828,excellent
81357.22,0.0306,0.6128,0.1006,0.0133,3.3439,0.2361,0.5265,1.2392,0.1072,820.0367,120.4518,0.69,0.2189,0.4854,5.8,719,average
573407.11,0.1484,0.9195,0.0216,0.0021,1.1907,0.6289,0.8253,1.4978,0.0295,1594.1797,1246.9571,0.9285,0.0152,0.1831,2.9,824,excellent
68125.79,-0.0081,0.6746,0.0725,0.0189,2.1073,0.2037,0.4082,1.0804,0.1487,579.6249,245.9748,0.6061,0.104,0.3986,2.9,699,average
373731.92,0.0669,0.7639,0.0535,0.0089,2.5319,0.3216,0.6627,1.5636,0.0918,2891.3797,203.2325,0.8219,0.1005,0.2029,7.8,750,good
118876.49,0.0048,0.5509,0.0805,0.0155,3.6226,0.2378,0.4533,1.0378,0.1408,1117.4006,151.463,0.635,0.1585,0.4578,2.7,686,average
110361.37,0.0625,0.6301,0.0902,0.0199,3.6392,0.2042,0.5912,1.2669,0.1563,438.8642,218.2695,0.5754,0.1677,0.4249,0.8,686,average
541068.09,0.0918,0.8902,0.011,0.0041,1.4756,0.4909,0.7286,1.4276,0.023,3526.0244,1434.5607,0.9481,0.0427,0.1882,1.8,825,excellent
211844.88,0.1326,0.8636,0.0363,0.0065,1.4663,0.3927,0.6997,1.1909,0.1046,1288.8913,534.3098,0.7583,0.0988,0.3071,1.1,775,good
34996.27,0.0091,0.6332,0.0935,0.0175,2.6481,0.3059,0.4396,1.1225,0.1845,742.0428,220.0787,0.5533,0.1512,0.5161,3.7,685,average
30709.18,-0.0196,0.6894,0.1085,0.0162,2.9571,0.2579,0.5709,1.2982,0.1086,1376.3464,173.6268,0.6531,0.2144,0.3806,4.6,708,average
293733.68,0.1485,0.9339,0.0382,0.0012,1.3872,0.6293,0.8357,1.3074,0.0281,3697.8896,1934.6512,0.9022,0.0222,0.1708,3.8,847,excellent
208300.57,0.1091,0.7333,0.0499,0.0052,2.1536,0.3171,0.6734,1.4405,0.0889,1805.7487,101.9342,0.8264,0.0777,0.3384,5.6,773,good
